-- MySQL dump 10.15  Distrib 10.0.25-MariaDB, for Linux (x86_64)
--
-- Host: localhost    Database: hphelper
-- ------------------------------------------------------
-- Server version	10.0.25-MariaDB

/*!40101 SET @OLD_CHARACTER_SET_CLIENT=@@CHARACTER_SET_CLIENT */;
/*!40101 SET @OLD_CHARACTER_SET_RESULTS=@@CHARACTER_SET_RESULTS */;
/*!40101 SET @OLD_COLLATION_CONNECTION=@@COLLATION_CONNECTION */;
/*!40101 SET NAMES utf8 */;
/*!40103 SET @OLD_TIME_ZONE=@@TIME_ZONE */;
/*!40103 SET TIME_ZONE='+00:00' */;
/*!40014 SET @OLD_UNIQUE_CHECKS=@@UNIQUE_CHECKS, UNIQUE_CHECKS=0 */;
/*!40014 SET @OLD_FOREIGN_KEY_CHECKS=@@FOREIGN_KEY_CHECKS, FOREIGN_KEY_CHECKS=0 */;
/*!40101 SET @OLD_SQL_MODE=@@SQL_MODE, SQL_MODE='NO_AUTO_VALUE_ON_ZERO' */;
/*!40111 SET @OLD_SQL_NOTES=@@SQL_NOTES, SQL_NOTES=0 */;

--
-- Table structure for table `cbay`
--

DROP TABLE IF EXISTS `cbay`;
/*!40101 SET @saved_cs_client     = @@character_set_client */;
/*!40101 SET character_set_client = utf8 */;
CREATE TABLE `cbay` (
  `c_id` int(11) DEFAULT NULL,
  `cbay_item` varchar(200) NOT NULL,
  `cbay_cost` int(11) NOT NULL,
  PRIMARY KEY (`cbay_item`),
  UNIQUE KEY `cbay_item_UNIQUE` (`cbay_item`),
  KEY `fk_cbay_1_idx` (`c_id`),
  CONSTRAINT `fk_cbay_1` FOREIGN KEY (`c_id`) REFERENCES `crisis` (`c_id`) ON DELETE CASCADE ON UPDATE CASCADE
) ENGINE=InnoDB DEFAULT CHARSET=latin1;
/*!40101 SET character_set_client = @saved_cs_client */;

--
-- Dumping data for table `cbay`
--

LOCK TABLES `cbay` WRITE;
/*!40000 ALTER TABLE `cbay` DISABLE KEYS */;
INSERT INTO `cbay` VALUES (NULL,'12 Crates B3, GreenAndGulpy flavour',5);
INSERT INTO `cbay` VALUES (NULL,'18 cans Sandatholon, sealed',2);
INSERT INTO `cbay` VALUES (NULL,'20KG fissile grade plutonium',4);
INSERT INTO `cbay` VALUES (NULL,'3 Ton Nuclear Waste, going fast!',1);
INSERT INTO `cbay` VALUES (NULL,'4 surplus TacNukes',3);
INSERT INTO `cbay` VALUES (NULL,'5 Ton Hot Fun! Barely used!',3);
INSERT INTO `cbay` VALUES (NULL,'80 Tons water recently recycled!',4);
INSERT INTO `cbay` VALUES (NULL,'Brain Freshening Unit K session',4);
INSERT INTO `cbay` VALUES (NULL,'ConeRifle Battle Gum, 10k units',2);
INSERT INTO `cbay` VALUES (NULL,'Education Helmet mkXIV',11);
INSERT INTO `cbay` VALUES (NULL,'FizzWizz Proof Shower Head',8);
INSERT INTO `cbay` VALUES (NULL,'Model-U autocar, max speed 400km/h',7);
INSERT INTO `cbay` VALUES (NULL,'Prototype Mechanical Combat Walker',10);
INSERT INTO `cbay` VALUES (NULL,'Refurbished AutoLimo',3);
INSERT INTO `cbay` VALUES (NULL,'Spyder vehicle, UV furnishings',9);
INSERT INTO `cbay` VALUES (NULL,'Teela-O season 12, good condition',28);
/*!40000 ALTER TABLE `cbay` ENABLE KEYS */;
UNLOCK TABLES;

--
-- Table structure for table `crisis`
--

DROP TABLE IF EXISTS `crisis`;
/*!40101 SET @saved_cs_client     = @@character_set_client */;
/*!40101 SET character_set_client = utf8 */;
CREATE TABLE `crisis` (
  `c_id` int(11) NOT NULL AUTO_INCREMENT,
  `c_type` enum('both','classic','straight') NOT NULL DEFAULT 'both',
  `c_desc` varchar(200) NOT NULL,
  PRIMARY KEY (`c_id`),
  UNIQUE KEY `c_id_UNIQUE` (`c_id`)
) ENGINE=InnoDB AUTO_INCREMENT=42 DEFAULT CHARSET=utf8;
/*!40101 SET character_set_client = @saved_cs_client */;

--
-- Dumping data for table `crisis`
--

LOCK TABLES `crisis` WRITE;
/*!40000 ALTER TABLE `crisis` DISABLE KEYS */;
INSERT INTO `crisis` VALUES (1,'both','ALERT: Authorised Termination rates are at 0. Rectify immediately! This information is classified GREEN.');
INSERT INTO `crisis` VALUES (2,'both','Beloved Citizens! The contract for transtube maintenance is up for tender today! Please monitor the situation and decide on the best service group to maintain the tubes. Contract is clearance ORANGE.');
INSERT INTO `crisis` VALUES (3,'both','Alert! RD Project ##SUB## has gone missing from location databanks. Find and recover immediately. ##SUB## is classified INDIGO.');
INSERT INTO `crisis` VALUES (4,'both','Citizens! ##CIT-V-TR## is due for erasure later today. Make sure their name is purged from all databanks before their public erasure.');
INSERT INTO `crisis` VALUES (5,'both','Citizens! RD Project ##SUB## has been escalated. Please decide on a plan of action. ##SUB## is classified GREEN.');
INSERT INTO `crisis` VALUES (6,'both','Citizens! Oversee the installation of RD Project ##SUB##. ##SUB## is clearance INDIGO.');
INSERT INTO `crisis` VALUES (7,'straight','Citizens! A Communist superweapon has been deployed around the Complex. Decide on course of action. This information is classified GREEN.');
INSERT INTO `crisis` VALUES (8,'both','Citizens! Compliance Index falling at unacceptable rate. Please identify cause and rectify. This information is classified YELLOW.');
INSERT INTO `crisis` VALUES (9,'both','ALERT! Major traffic disturbances detected in Transtube ##ZON##-##SUB##. Rectify situation and decide who is responsible for damages.');
INSERT INTO `crisis` VALUES (10,'straight','Alert! Information has surfaced that a major terrorist attack is to take place this daycycle. Prevent this attack at all costs. Information classified BLUE.');
INSERT INTO `crisis` VALUES (11,'both','Citizens! ##ZON## reactor ##SUB## is ready to go online. Please use this opportunity to raise morale across the sector.');
INSERT INTO `crisis` VALUES (12,'both','Alert! Enemy invasion force at edge of sector! Identify and eliminate immediately!');
INSERT INTO `crisis` VALUES (13,'classic','Alert! Large flooding occuring on subbasements 15-28 at location ##SUB##. Identify and fix source of flooding immediately.');
INSERT INTO `crisis` VALUES (14,'both','Alert! Hygiene in ##ZON## at record low levels! Identify areas for improvement and fix immediately! Information classified YELLOW.');
INSERT INTO `crisis` VALUES (15,'both','The popular Hero of our Complex ##CIT-B-1##-3 has been found guilty of communist sympathising. Organise their erasure without damaging morale.');
INSERT INTO `crisis` VALUES (16,'both','Alert! IntSec item 214-##SUB## is currently missing. Find and recover this item. 214-##SUB## is classified VIOLET.');
INSERT INTO `crisis` VALUES (17,'both','Alert! ##CIT-V-1## holding out against commie force in the MuchoMeat plant. Rescue and recover ##CIT-V-1## unharmed.');
INSERT INTO `crisis` VALUES (18,'both','Citizens! RD Project ##SUB## is complete and ready for deployment. Test ##SUB## with a suitable project. Projects must be approved by concesus.WANTON BROTH is classified INDIGO.');
INSERT INTO `crisis` VALUES (19,'both','Error. Code 1789. Additional processing power required. Please find space for and construct additional processing CompNodes to bring the total up from 8 to 20.');
INSERT INTO `crisis` VALUES (20,'both','Alert! Information has surfaced that a major terrorist attack is to take place this daycycle. Prevent this attack at all costs. Information classified BLUE.');
INSERT INTO `crisis` VALUES (21,'both','Assertion Error. Testing [DELETED FOR SECURITY REASONS]. Statement: Communism is good for citizens. Legalise Communism. This information classified ULTRAVIOLET.');
INSERT INTO `crisis` VALUES (22,'both','Alert! Citizen Vicky-B must me made to disappear this daycycle. Organise while keeping up her public appearances and career. This issue classified VIOLET.');
INSERT INTO `crisis` VALUES (23,'both','Citizens! A Communist superweapon has been deployed around the Complex. Decide on course of action. This information is classified GREEN.');
INSERT INTO `crisis` VALUES (24,'both','Assertion Error. Testing [DELETED FOR SECURITY REASONS]. Citizens! Organise a mock Communist attack to assess the sector\'s prepardness. Until the exercise is complete, situation is classified INDIGO.');
INSERT INTO `crisis` VALUES (25,'both','Alert! Citizen ##CIT-V## was detained by agents of Beta Complex on their last mission. Negotiate with ##CIT-U## of Beta Complex and return ##CIT-V## to us. Situation classified BLUE.');
INSERT INTO `crisis` VALUES (26,'both','Alert! Paperwork Quota down 84%! Hygiene down 29%! Analyze and remediate situation!');
INSERT INTO `crisis` VALUES (27,'both','Citizens! A Communist superweapon has been deployed around the Complex. Decide on course of action. This information is classified GREEN.');
INSERT INTO `crisis` VALUES (28,'both','Alert! Citizen Danny-V-SNH has gone missing and has information vital to the fight against Communism! Recover and interrogate! Situation classified BLUE!');
INSERT INTO `crisis` VALUES (29,'both','Alert! Testing [DELETED FOR SECURITY REASONS]! Sector is overpopulated by 12%. Balance the population by the end of the daycycle.');
INSERT INTO `crisis` VALUES (30,'both','Citizens! The Teela-O Show is being broadcast live from the MegaMall in an hourcycle. Please ensure it is not interrupted.');
INSERT INTO `crisis` VALUES (31,'both','Citizens! We have lost contact with neighbouring GRB sector! Determine the cause and reintegrate the sector to the complex.');
INSERT INTO `crisis` VALUES (32,'both','ALERT: Authorised Termination rates are at 0. Rectify immediately! This information is classified GREEN.');
INSERT INTO `crisis` VALUES (33,'both','Congratulations Citizens! You have been picked for INSERT PROJECT HERE! Please decide amongst yourself accordingly.');
INSERT INTO `crisis` VALUES (34,'both','Alert! Project ##SUB## has gone missing! Find and recover immediately! Project ##SUB## is classified INDIGO.');
INSERT INTO `crisis` VALUES (35,'both','Alert! Information has surfaced that a major terrorist attack is to take place this daycycle. Prevent this attack at all costs. Information classified BLUE.');
INSERT INTO `crisis` VALUES (36,'both','Alert! Project ##SUB## has gone missing! Find and recover immediately! Project ##SUB## is classified INDIGO.');
INSERT INTO `crisis` VALUES (37,'both','Citizens! There is a large budget for an ambitious, sector shaping project! Each of you will develop an initial project plan to be selected later.');
INSERT INTO `crisis` VALUES (38,'both','Citizens! Lenin-##ZON## has escaped from custody! Hunt down and contain this threat.');
INSERT INTO `crisis` VALUES (39,'both','Citizens! Today you have the opportunity to hold an Initialday Party for Citizen Right-U-ARE! Please fulfill their requests as ably as possible.');
INSERT INTO `crisis` VALUES (40,'both','Citizens! Compliance Index falling at unacceptable rate. Please identify cause and rectify. This information is classified YELLOW.');
INSERT INTO `crisis` VALUES (41,'both','*No Announcement*');
/*!40000 ALTER TABLE `crisis` ENABLE KEYS */;
UNLOCK TABLES;

--
-- Table structure for table `crisis_tag`
--

DROP TABLE IF EXISTS `crisis_tag`;
/*!40101 SET @saved_cs_client     = @@character_set_client */;
/*!40101 SET character_set_client = utf8 */;
CREATE TABLE `crisis_tag` (
  `c_id` int(11) NOT NULL,
  `ct_tag` varchar(3) NOT NULL,
  PRIMARY KEY (`c_id`,`ct_tag`),
  CONSTRAINT `fk_crisis_tag_1` FOREIGN KEY (`c_id`) REFERENCES `crisis` (`c_id`) ON DELETE CASCADE ON UPDATE CASCADE
) ENGINE=InnoDB DEFAULT CHARSET=utf8;
/*!40101 SET character_set_client = @saved_cs_client */;

--
-- Dumping data for table `crisis_tag`
--

LOCK TABLES `crisis_tag` WRITE;
/*!40000 ALTER TABLE `crisis_tag` DISABLE KEYS */;
INSERT INTO `crisis_tag` VALUES (1,'CID');
INSERT INTO `crisis_tag` VALUES (1,'HIU');
INSERT INTO `crisis_tag` VALUES (1,'ISD');
INSERT INTO `crisis_tag` VALUES (1,'SID');
INSERT INTO `crisis_tag` VALUES (2,'SID');
INSERT INTO `crisis_tag` VALUES (3,'AFD');
INSERT INTO `crisis_tag` VALUES (3,'CPD');
INSERT INTO `crisis_tag` VALUES (3,'RDD');
INSERT INTO `crisis_tag` VALUES (4,'AFU');
INSERT INTO `crisis_tag` VALUES (4,'ISU');
INSERT INTO `crisis_tag` VALUES (4,'SIU');
INSERT INTO `crisis_tag` VALUES (5,'CPU');
INSERT INTO `crisis_tag` VALUES (5,'ISU');
INSERT INTO `crisis_tag` VALUES (5,'PLD');
INSERT INTO `crisis_tag` VALUES (5,'RDU');
INSERT INTO `crisis_tag` VALUES (6,'PSU');
INSERT INTO `crisis_tag` VALUES (6,'RDU');
INSERT INTO `crisis_tag` VALUES (7,'HID');
INSERT INTO `crisis_tag` VALUES (7,'PSU');
INSERT INTO `crisis_tag` VALUES (7,'SID');
INSERT INTO `crisis_tag` VALUES (8,'CID');
INSERT INTO `crisis_tag` VALUES (8,'PLU');
INSERT INTO `crisis_tag` VALUES (9,'HID');
INSERT INTO `crisis_tag` VALUES (9,'PLD');
INSERT INTO `crisis_tag` VALUES (9,'TSD');
INSERT INTO `crisis_tag` VALUES (10,'HIU');
INSERT INTO `crisis_tag` VALUES (10,'HPU');
INSERT INTO `crisis_tag` VALUES (10,'TSD');
INSERT INTO `crisis_tag` VALUES (11,'PSU');
INSERT INTO `crisis_tag` VALUES (12,'CIU');
INSERT INTO `crisis_tag` VALUES (13,'CID');
INSERT INTO `crisis_tag` VALUES (13,'SID');
INSERT INTO `crisis_tag` VALUES (14,'HID');
INSERT INTO `crisis_tag` VALUES (14,'TSU');
INSERT INTO `crisis_tag` VALUES (15,'HPD');
INSERT INTO `crisis_tag` VALUES (15,'ISD');
INSERT INTO `crisis_tag` VALUES (15,'LID');
INSERT INTO `crisis_tag` VALUES (16,'CID');
INSERT INTO `crisis_tag` VALUES (16,'ISU');
INSERT INTO `crisis_tag` VALUES (16,'LID');
INSERT INTO `crisis_tag` VALUES (16,'SID');
INSERT INTO `crisis_tag` VALUES (17,'CID');
INSERT INTO `crisis_tag` VALUES (17,'HPD');
INSERT INTO `crisis_tag` VALUES (17,'LID');
INSERT INTO `crisis_tag` VALUES (18,'RDU');
INSERT INTO `crisis_tag` VALUES (19,'CID');
INSERT INTO `crisis_tag` VALUES (20,'LID');
INSERT INTO `crisis_tag` VALUES (21,'LID');
INSERT INTO `crisis_tag` VALUES (21,'SID');
INSERT INTO `crisis_tag` VALUES (22,'LIU');
INSERT INTO `crisis_tag` VALUES (23,'AFU');
INSERT INTO `crisis_tag` VALUES (23,'RDU');
INSERT INTO `crisis_tag` VALUES (24,'SIU');
INSERT INTO `crisis_tag` VALUES (26,'LID');
INSERT INTO `crisis_tag` VALUES (26,'SID');
INSERT INTO `crisis_tag` VALUES (27,'AFU');
INSERT INTO `crisis_tag` VALUES (27,'ISU');
INSERT INTO `crisis_tag` VALUES (29,'CID');
INSERT INTO `crisis_tag` VALUES (29,'HID');
INSERT INTO `crisis_tag` VALUES (29,'HPD');
INSERT INTO `crisis_tag` VALUES (29,'TSD');
INSERT INTO `crisis_tag` VALUES (30,'HIU');
INSERT INTO `crisis_tag` VALUES (33,'HIU');
INSERT INTO `crisis_tag` VALUES (34,'RDD');
INSERT INTO `crisis_tag` VALUES (35,'LID');
INSERT INTO `crisis_tag` VALUES (36,'RDD');
INSERT INTO `crisis_tag` VALUES (38,'LID');
INSERT INTO `crisis_tag` VALUES (39,'HIU');
INSERT INTO `crisis_tag` VALUES (40,'CID');
INSERT INTO `crisis_tag` VALUES (40,'CPD');
INSERT INTO `crisis_tag` VALUES (40,'HIU');
INSERT INTO `crisis_tag` VALUES (40,'PLU');
INSERT INTO `crisis_tag` VALUES (41,'RDD');
/*!40000 ALTER TABLE `crisis_tag` ENABLE KEYS */;
UNLOCK TABLES;

--
-- Table structure for table `crisis_text`
--

DROP TABLE IF EXISTS `crisis_text`;
/*!40101 SET @saved_cs_client     = @@character_set_client */;
/*!40101 SET character_set_client = utf8 */;
CREATE TABLE `crisis_text` (
  `ct_id` int(11) NOT NULL AUTO_INCREMENT,
  `c_id` int(11) NOT NULL,
  `ct_desc` varchar(200) NOT NULL,
  PRIMARY KEY (`ct_id`),
  KEY `fk_crisis_text_1_idx` (`c_id`),
  CONSTRAINT `fk_crisis_text_1` FOREIGN KEY (`c_id`) REFERENCES `crisis` (`c_id`) ON DELETE CASCADE ON UPDATE CASCADE
) ENGINE=InnoDB AUTO_INCREMENT=156 DEFAULT CHARSET=utf8;
/*!40101 SET character_set_client = @saved_cs_client */;

--
-- Dumping data for table `crisis_text`
--

LOCK TABLES `crisis_text` WRITE;
/*!40000 ALTER TABLE `crisis_text` DISABLE KEYS */;
INSERT INTO `crisis_text` VALUES (1,1,'CPU recently cut funding to termination stamping, leaving only one worker stamping all vouchers: ##CIT-Y-1##.');
INSERT INTO `crisis_text` VALUES (2,1,'A few daycycles ago, he lost his ME card in the pneumatic tubes, making him unable to leave the room or get help.');
INSERT INTO `crisis_text` VALUES (3,1,'Diligently, he kept stamping in the hope someone would come find him, he died from lack of water yesterdaycycle.');
INSERT INTO `crisis_text` VALUES (4,1,'No vouchers have been authorised in a day, meaning no authorised terminations have taken place.');
INSERT INTO `crisis_text` VALUES (5,2,'Due to a large string of timetable failures and deaths, the computer has decided on a competition: one day in which PS, TS, and HPD split the tracks and manage them.');
INSERT INTO `crisis_text` VALUES (6,2,'The transtubes are split equally between PS, TS, and HPD.');
INSERT INTO `crisis_text` VALUES (7,2,'Obviously there\'s not nearly enough time for the other two to manage their tubes properly, so they\'re planning on sabotaging the hell out of Power Services networks.');
INSERT INTO `crisis_text` VALUES (8,3,'##SUB## is a highly destructive weapon capable of vapourising 1/10th of the sector\'s population each time it is fired (their clothes and belongings are intact)');
INSERT INTO `crisis_text` VALUES (9,3,'##SUB## has a delay between firings (whatever is thematically appropriate)');
INSERT INTO `crisis_text` VALUES (10,3,'##SUB## has been stolen by a FCCC-P splinter cell, and threatens to destroy the sector unless their demands are met.');
INSERT INTO `crisis_text` VALUES (11,3,'The demands start large (Live coverage on the sector Vidscreens) and get even more elaborate (Promotion of all the sect to VIOLET).');
INSERT INTO `crisis_text` VALUES (12,3,'Remember to find the scapegoat for this. It was lost at a transfer between R&D and AF, overseen by CPU');
INSERT INTO `crisis_text` VALUES (13,4,'Bit of background. In the year 182, there was another ##CIT-V-TR## who got a bit too high up too fast, and so a clever high-programmer made that particular phrase summon Friend Computer Immediately.');
INSERT INTO `crisis_text` VALUES (14,4,'The summons also modifies friend computer\'s threat level, raising it by one each time its name is said. Each time FC hears ##CIT-V-TR##\'s name, it shows up with a suddenly hightened threat level and');
INSERT INTO `crisis_text` VALUES (15,4,'doesn\'t know why. ##CIT-V-TR## only reached VIOLET three days ago, and is already up for erasure. FC suspects something about the name, which is why it requests a full purge.');
INSERT INTO `crisis_text` VALUES (16,4,'Anagram: TTS- Treason Tracking Server');
INSERT INTO `crisis_text` VALUES (17,4,'##CIT-V-TR## took an extremely large dose of the drug RadicalMankey, which is a major mutagenic, and it will kick in whenever appropriate.');
INSERT INTO `crisis_text` VALUES (18,5,'##SUB## is a proposal to change the standard gene template of clones to photosynthesize.');
INSERT INTO `crisis_text` VALUES (19,5,'The proposal is led by ##CIT-G-SG##, an (unsurprisingly) Sierra Club member.');
INSERT INTO `crisis_text` VALUES (20,5,'##CIT-G-SG## has the go-ahead for a small trial run, and the tech actually works, however:');
INSERT INTO `crisis_text` VALUES (21,5,'--The green gene removes digestive systems, meaning no food can be sold to these clones.');
INSERT INTO `crisis_text` VALUES (22,5,'--Green citizens quickly grow fat and immobile, as the gene is designed for outdoor background radiation, not AC radiation levels.');
INSERT INTO `crisis_text` VALUES (23,5,'The Programmers also have to decide whether to standardise the technology');
INSERT INTO `crisis_text` VALUES (24,5,'--If they do, the programmers and the rest of the sector become registered mutants immediately.');
INSERT INTO `crisis_text` VALUES (25,5,'--If they don\'t, the programmers must find a scapegoat for why the efficency boost wasn\'t implemented.');
INSERT INTO `crisis_text` VALUES (28,7,'A supervolcano has erupted, covering the planet with a layer of ash clouds which constantly storm.');
INSERT INTO `crisis_text` VALUES (29,7,'The lightning is so loud and frequent it can be heard on multiple outer layers of the complex, causing panic.');
INSERT INTO `crisis_text` VALUES (30,7,'HPs must find a reasonable excuse for the sounds to stop the panic, while finding a scapegoat for the attack.');
INSERT INTO `crisis_text` VALUES (31,8,'The Petbot 214 was released today, and has sold out within minutes. They were designed with subliminal messaging propaganda tech.');
INSERT INTO `crisis_text` VALUES (32,8,'The subliminal tech was hijacked by some phreaks as a contract for Corpore Metal. The petbot encourages owners to get into dangerous, maiming situations.');
INSERT INTO `crisis_text` VALUES (33,9,'A load of PLC\'s Cold Fun syrup fell into one end of the transtube ##ZON##-##SUB## after a navigation error caused the truckbot to crash.');
INSERT INTO `crisis_text` VALUES (34,9,'Cold Fun syrup sits at around 1 Kelvin for thousands of years, and is usually mixed in micro quantities to make cold fun.');
INSERT INTO `crisis_text` VALUES (35,9,'The Cold Fun Syrup is causing the air to liquify and mix with the syrup, causing it to spread further down the transtubes.');
INSERT INTO `crisis_text` VALUES (36,9,'PLC is blaming TS for the truckbot crashing. TS is blaming CPU for not updating the maps. CPU is trying to cover its tracks.');
INSERT INTO `crisis_text` VALUES (37,9,'In the end, there is a 15 ACCESS damages fee, in addition to any changes from directives.');
INSERT INTO `crisis_text` VALUES (38,10,'This information is based of a piece of paper recovered from a terminated achivist, listing several dates.');
INSERT INTO `crisis_text` VALUES (39,10,'These were actually the dates of the completion of several major transtube works in the past.');
INSERT INTO `crisis_text` VALUES (40,10,'Due to the recycling of the year 214 and a set of coincidences, all the other dates have matched with major sewerage overflows.');
INSERT INTO `crisis_text` VALUES (41,10,'The final date on the list is this daycycle. IntSec is desperately looking for an attack, AF wants to embarrass them.');
INSERT INTO `crisis_text` VALUES (42,10,'Tech Services and HPD are preparing for a Massive FunBall game that\'s about to take place, and when half-time hits and everyone uses the restrooms...');
INSERT INTO `crisis_text` VALUES (43,10,'Specifically, the sewerage will overflow 10 minutes before the end of the match.');
INSERT INTO `crisis_text` VALUES (44,6,'##SUB## is a power project designed to balance power fluctuations. Works off wierd science.');
INSERT INTO `crisis_text` VALUES (45,6,'Whenever the draw is high, the project pushes more power into the system, exponentially. Above a certain load, the project supplies virtually limitless power.');
INSERT INTO `crisis_text` VALUES (46,6,'So much power, in fact, it plays havoc with electrical systems and bot brains in the sector.');
INSERT INTO `crisis_text` VALUES (47,6,'If the players shut off the other reactors, the draw becomes higher, and players may find it impossible to shut the project down.');
INSERT INTO `crisis_text` VALUES (48,11,'The reactor doesn\'t work, and the project manager ##CIT-I-1## knows it. They\'re planning on faking a meltdown to get minions sent down.');
INSERT INTO `crisis_text` VALUES (49,11,'If the supplies and help are sent, the reactor actually starts melting down.');
INSERT INTO `crisis_text` VALUES (50,12,'Due to a bug in a recent software patch, the compnode of ##ZON## no longer recognizes a neighbouring sector as existing.');
INSERT INTO `crisis_text` VALUES (51,12,'Thusly, the computer sees all six million inhabitants plus bots as invaders, and views the sector as being outside.');
INSERT INTO `crisis_text` VALUES (52,12,'In a couple hours time, the software is reverted and the computer has no memory of seeing the sector as non-existant.');
INSERT INTO `crisis_text` VALUES (53,12,'PLC doesn\'t actually have enough laser barrels for the troops.');
INSERT INTO `crisis_text` VALUES (54,13,'A servants of cthulu sect has successfully managed to build a temple on sublevel 12, and finished a major ceremony. A gate has opened and is flooding water out to the lower levels.');
INSERT INTO `crisis_text` VALUES (55,13,'No gate has actually opened, it\'s just a burst water main, but the cultists are too feverish from hallucinogens in the water to tell the difference.');
INSERT INTO `crisis_text` VALUES (56,13,'Minions will report horrible creatures bursting from the water where none exist due to exposure to the hallucinogens.');
INSERT INTO `crisis_text` VALUES (57,14,'One of the major hygiene index factors is reports from core sample tests. These tests measure the depth of dirt and grime, usually around a few micrometres.');
INSERT INTO `crisis_text` VALUES (58,14,'A new dirt indexer bot has been deployed across the sector, which moves randomly around and measure the dirt level of surfaces.');
INSERT INTO `crisis_text` VALUES (59,14,'One wandered accidently into a frankenstein destroyers meeting, and was mostly destroyed. However, it kept measuring the distance to the tip of its drill bit, now several hundred metres away.');
INSERT INTO `crisis_text` VALUES (60,14,'This measurement is submitted every few minutes to the index, throwing the measurements right out.');
INSERT INTO `crisis_text` VALUES (61,15,'##CIT-B-1## was framed by ##CIT-I-1##, who ##CIT-B-1## had blackmail on. While he wasn\'t a commie, he was a high-ranking PURGEr and humanist.');
INSERT INTO `crisis_text` VALUES (62,15,'##CIT-B-1## is on their third clone, and has just completed their 4th tour of duty (20 years as a vulture trooper). He survives through his regeration mutation.');
INSERT INTO `crisis_text` VALUES (63,16,'214-##SUB## is an original copy of Das Kapital. It was recently raided from another high programmer\'s private residence. Of course, they\'re not willing to admit they had it.');
INSERT INTO `crisis_text` VALUES (64,16,'Anyone not of VIOLET clearance who touches or sees 214-##SUB## will be considered tainted by commie propaganda by the Big C.');
INSERT INTO `crisis_text` VALUES (65,16,'The other high programmer should message one or two of the players before game start, and promise favours if the item is returned.');
INSERT INTO `crisis_text` VALUES (66,16,'The book is currently in the middle of a busy INFRARED area somewhere. All INFRAREDs who have seen it will need purging/brainscrubbing.');
INSERT INTO `crisis_text` VALUES (67,17,'A blackout caused a group of INFRAREDs running for fitness purposes to accidently enter the MuchoMeat food growing floors, knocking black dirt all over the floor.');
INSERT INTO `crisis_text` VALUES (68,17,'When the light came back on, they saw the floor as INFRARED but all the doors as BLUE and above, so kept exercising till help came.');
INSERT INTO `crisis_text` VALUES (69,17,'##CIT-V-1## was in his office drinking when he heard destruction and shouts from outside, so immediately called on FC.');
INSERT INTO `crisis_text` VALUES (70,18,'##SUB## is a teleportation device, which links two points in space together.');
INSERT INTO `crisis_text` VALUES (71,18,'##SUB## can only be fired twice before being destroyed. It will take many monthcycles to create a new one...without HP resources, that is.');
INSERT INTO `crisis_text` VALUES (72,19,'This is part 1 of the TAINTED MOLLUSC storyline.');
INSERT INTO `crisis_text` VALUES (73,19,'Friend Computer is running a program that re-evalutes its basic assumptions. That is, what it defines as happiness.');
INSERT INTO `crisis_text` VALUES (74,20,'Three terrorist attacks are actually due to take place today. One PURGE at ##LOC-1##, one Humanist at ##LOC-2##, and Commies at ##LOC-3##.');
INSERT INTO `crisis_text` VALUES (75,20,'They are masterminded by a HP in a nearby sector, either as a test or revenge.');
INSERT INTO `crisis_text` VALUES (76,21,'This is part 2 of the TAINTED MOLLUSC storyline, testing Loyalty. The entire crisis is a trap.');
INSERT INTO `crisis_text` VALUES (77,21,'Anyone who agrees to legalise Communism is considered a traitor and will be executed without a damn good reason.');
INSERT INTO `crisis_text` VALUES (78,21,'In the meantime, everyone is conflicting over \"hatred day\", a day of hatred against the commies.');
INSERT INTO `crisis_text` VALUES (79,21,'The parade has a marching band, and several floats, including ones of a Computer, Vulture Craft, and dead Commie.');
INSERT INTO `crisis_text` VALUES (80,22,'Vicky-B is a HOOC Vulture Trooper. Friend computer wants her to disappear to take control of her dummybots freely.');
INSERT INTO `crisis_text` VALUES (81,22,'Vicky-B\'s dummybots have already been upgraded and gone missing.');
INSERT INTO `crisis_text` VALUES (82,22,'Vicky-B has a public appearance later this daycycle, and must be present to preserve happiness.');
INSERT INTO `crisis_text` VALUES (83,23,'Due to large amounts of recent rain, outside is currently flooding about 3m high around the complex.');
INSERT INTO `crisis_text` VALUES (84,23,'Recent chemical attacks by AF with RD weapon ##SUB## has entered the water, and water from the outdoors is toxic.');
INSERT INTO `crisis_text` VALUES (85,23,'There are no breaks in the wall *yet*, but there will be soon enough.');
INSERT INTO `crisis_text` VALUES (86,24,'This is part 3 of the TAINTED MOLLUSC storyline, testing Security. FC is testing whether actual terrorist activity drops the security index.');
INSERT INTO `crisis_text` VALUES (87,25,'##CIT-U## is from beta complex, and wants something valuable/difficult to obtain from the HPs.');
INSERT INTO `crisis_text` VALUES (88,26,'An experimental paper-eating bacteria RDP ##SUB## escaped containment at R&D firm Recycling Ruckus.');
INSERT INTO `crisis_text` VALUES (89,26,'All the paper not stored in the archives has been eaten and converted to a fine paste, including toilet paper.');
INSERT INTO `crisis_text` VALUES (90,26,'Friend Computer has ordered beefed up security at the archives, no-one goes in or out without express HP permission to prevent contamination.');
INSERT INTO `crisis_text` VALUES (91,26,'CPU, PLC, and R&D are all trying to implement their own catch-all way of storing records, and will be fighting like crazy.');
INSERT INTO `crisis_text` VALUES (92,27,'There is actually a war with Beta Complex, this time. The superweapon is a squadron of warbots.');
INSERT INTO `crisis_text` VALUES (93,27,'The other sectors don\'t really care about the warbots, as they\'re not actually firing on the complex yet.');
INSERT INTO `crisis_text` VALUES (94,29,'This is part 3 of the TAINTED MOLLUSC storyline, testing Compliance. Specifically, how well citizens comply en-masse when ordered into strenuous circumstances.');
INSERT INTO `crisis_text` VALUES (95,29,'The sector is actually overpopulated, but only in the INFRARED bunks, which is overpopulated 18%.');
INSERT INTO `crisis_text` VALUES (96,27,'The warbots are equipped with new shielding technology along with the usual assortment of weaponry, and will only retaliate if fired upon.');
INSERT INTO `crisis_text` VALUES (97,28,'Danny-V was broken out of prison after returning to the complex, but before his debriefing interrogation.');
INSERT INTO `crisis_text` VALUES (98,28,'While several of the SGs want him back, many of the societies want him dead.');
INSERT INTO `crisis_text` VALUES (99,28,'He may even have blackmail on a couple of the high programmers, and should be used as such.');
INSERT INTO `crisis_text` VALUES (100,28,'He was broken out by a HP in a nearby sector that has been conspiring with Beta complex. The HP\'s minion ##CIT-V-1## was the culprit.');
INSERT INTO `crisis_text` VALUES (101,29,'In order to find the space, something has to give. Specifically, two of the service groups will have to give up land, or build a *huge* outdoor extension for the 1 million oversubscribed INFRAREDs.');
INSERT INTO `crisis_text` VALUES (102,30,'There are no less than three different societies looking to kidnap Teela-O, and all will go off unless stopped.');
INSERT INTO `crisis_text` VALUES (103,30,'Friend Computer is actually hooked to the show due to HPD&MC binary memetic patterns, and will be angry if it has to respond during the show.');
INSERT INTO `crisis_text` VALUES (104,30,'- At the end of the hourcycle, there is a fireworks display INSIDE the megamall. This would be safe, except The Movement have sabotaged the fireworks.');
INSERT INTO `crisis_text` VALUES (105,30,'- Pro Tech are currently siphoning large amounts of power to steal Teela-O during the fireworks using a teleportation device.');
INSERT INTO `crisis_text` VALUES (106,30,'- The Runners are actually trying to get Teela-O to escape, with a simple trapdoor on the podium. If the other plans don\'t happen, she will disappear during the fireworks display.');
INSERT INTO `crisis_text` VALUES (107,31,'The romantics stumbled upon a recording of something called Brexit, and told the humanists about it.');
INSERT INTO `crisis_text` VALUES (108,31,'The humanists noticed the segregation caused chaos, and decided to put it into motion with a multiple step plan.');
INSERT INTO `crisis_text` VALUES (109,31,'Firstly, the phreaks were contracted to replace \"communism\" with \"eugenics\". PURGE were tasked with destroying the cloning tanks in GRB sector. The mystics added combat drugs to the b3 supply.');
INSERT INTO `crisis_text` VALUES (110,31,'The drugs caused massive rioting, which would usually be replenished by the now destroyed clone tanks.');
INSERT INTO `crisis_text` VALUES (111,31,'When FC tasked some HPs with fixing the sector, FC erased them all for being eugenisists when they talked about cloning.');
INSERT INTO `crisis_text` VALUES (112,31,'It then severed communications with outside sectors, seeing the wide infiltration of eugenics.');
INSERT INTO `crisis_text` VALUES (113,31,'PURGE, Humanists and Mystics are all waiting at ##LOC## in GRB for WMDs, real food, and escape, respectively. This may cause confusion.');
INSERT INTO `crisis_text` VALUES (114,32,'Due to an error, all the validated termination vouchers have gone to the wrong location: Nuclear Reactor ##SUB##');
INSERT INTO `crisis_text` VALUES (115,32,'Power Services has been using the termination vouches as reactor shielding.');
INSERT INTO `crisis_text` VALUES (116,32,'The reactor has a surplus of fissile materials, which several groups are fighting over. It requires removing the PS security forces from the site, however.');
INSERT INTO `crisis_text` VALUES (117,33,'The citizens are undergoing a self-administered loyalty test. Actual project designation is IS-##SUB##. At the end of the daycycle they will vote on who should receive each of three prizes.');
INSERT INTO `crisis_text` VALUES (118,33,'Prize ##SUB##/3 is a windfall of 15 ACCESS for outstanding loyalty.');
INSERT INTO `crisis_text` VALUES (119,33,'Prize ##SUB##/2 is a blank termination voucher for anyone of ULTRAVIOLET clearance or below, with no expiration date, to combat corruption of the highest places.');
INSERT INTO `crisis_text` VALUES (120,33,'Prize ##SUB##/1 is a mandatory trip to the HHAEC - Happy Homecoming Automated Euthenasia Centre - to experience what happens to traitors! They\'re only there to watch, no-one knows this.');
INSERT INTO `crisis_text` VALUES (121,33,'The prizes should be decided upon with about 30 minutes to spare, giving the recipient of the third prize time to try and escape his trip.');
INSERT INTO `crisis_text` VALUES (122,33,'You can also have the HPs set up and attend their own public vidshow about the prizes.');
INSERT INTO `crisis_text` VALUES (123,34,'Project ##SUB## exists on paper, but the actual project doesn\'t. All the citizens working on it have been redacted, the funding is funneled into grey accounts of the current heads of R&D and CPU.');
INSERT INTO `crisis_text` VALUES (124,34,'The project, on paper, is a mess. After actually decyphering the plans, the project was for a scorched earth planet-cracker as a last resort weapon against the commies.');
INSERT INTO `crisis_text` VALUES (125,35,'The commies aren\'t actually planning on attacking today, but the wobblies are. They\'re planning on hitting one of the compnodes later this daycycle.');
INSERT INTO `crisis_text` VALUES (126,35,'The commies however, have found the well preserved dead body of who they believe to be Lenin, and are attempting reanimation.');
INSERT INTO `crisis_text` VALUES (127,35,'During the daycycle, they will steal an entire cloning tank, some high-grade weapons plutonium, a small amount of Hot Fun Syrup, and then will cause a sector-wide brownout reanimating Lenin.');
INSERT INTO `crisis_text` VALUES (128,35,'The commies have set up a honey-trap at ##LOC##, with some low level members are prepared to put up a token resistance to make it look good.');
INSERT INTO `crisis_text` VALUES (129,35,'##LOC## is also rigged to blow, wiping out all evidence that it was a honey trap.');
INSERT INTO `crisis_text` VALUES (130,36,'Project ##SUB## is a tunnelling device, able to tunnel and high speeds (40km/h) through any material.');
INSERT INTO `crisis_text` VALUES (131,36,'The device exists and is was hijacked by a bunch of communist spies from Beta Complex, and is currently on its way to beta complex.');
INSERT INTO `crisis_text` VALUES (132,36,'The device originally started as a mass conversion device. The paperwork is a mess, and details the project in its original form.');
INSERT INTO `crisis_text` VALUES (133,36,'There has been the usual embezzling from higher ups, and CPU is going to try and blame RnD to cover their tracks.');
INSERT INTO `crisis_text` VALUES (134,37,'FC has a large budget of 80 ACCESS - 40 straight up and 40 when the project is complete. FC is very open about the budget amounts, and should make your players greedy for the cash.');
INSERT INTO `crisis_text` VALUES (135,37,'FC will return 90 minutecycles (or however much suits your group) to hear the proposals. After listening to the plans, it asks the HPs to vote on the projects.');
INSERT INTO `crisis_text` VALUES (136,37,'When a winner has been determined, the proposal owner is given 40 ACCESS to build the project, read the following line to the player:');
INSERT INTO `crisis_text` VALUES (137,37,'\"Citizen ******-U-***, in addition to taking responsibility for the project, an initial investment of 40 ACCESS has been added to your accounts, with the other 40 to be transferred on completion.\"');
INSERT INTO `crisis_text` VALUES (138,38,'Lenin-##ZON## is the stereotype of a commie mutant. Russian accent, communist, and high power mutant.');
INSERT INTO `crisis_text` VALUES (139,38,'Has multiple mutations, including regeneration, teleportation, energy blast, charm, domination, and any others required.');
INSERT INTO `crisis_text` VALUES (140,38,'Will jump around the complex, causing as much discontent as possible to bring down the computer. He must recharge his powers occasionally in high radiation areas, and will jump to nuclear reactors.');
INSERT INTO `crisis_text` VALUES (141,38,'If the reactor insides can be secured, then Lenin can be exhausted and captured/eliminated.');
INSERT INTO `crisis_text` VALUES (142,38,'Lenin jumps to a reactor after every foray, and this pattern should be made clear soon enough.');
INSERT INTO `crisis_text` VALUES (143,39,'Citizen Right-U-ARE is either an npc or a willing player. Right-U-ARE does not have control of any service groups, but does have a large number of secret society contacts.');
INSERT INTO `crisis_text` VALUES (144,39,'Right-U-ARE is a power 20 machine empath, and is almost impossible to convice FC of their guilt.');
INSERT INTO `crisis_text` VALUES (145,39,'Right-U-ARE won\'t fix any problems themselves, but when paid the right amount will call up a secret society to do it in a cheap private call.');
INSERT INTO `crisis_text` VALUES (146,40,'Due to a bug, B3 lines have instead been flowing with Brewski, meaning a good portion of the population is currently drunk.');
INSERT INTO `crisis_text` VALUES (147,40,'The software bug is in the pipe management system, which accepted a faulty command from a PLC tech ##CIT-O-PLC##.');
INSERT INTO `crisis_text` VALUES (148,40,'The faulty order was accepted by a CPU bureaucrat ##CIT-O-CPU##, and implemented by a Power Services tech ##CIT-O-PS##');
INSERT INTO `crisis_text` VALUES (149,40,'Because the order was accepted, citizens are getting charged for brewskis instead of B3, and making a ton of cash (leaving a lot of IRs broke).');
INSERT INTO `crisis_text` VALUES (150,40,'The order is Change Order ##SUB##. To reverse it requires signatures from the heads of PLC, CPU, and HPD.');
INSERT INTO `crisis_text` VALUES (151,41,'RDP ##SUB## is a cleaning project, where nanobots clean any dirty surface. It has not been perfected yet, and cleans any surface with food on it (even while still eating).');
INSERT INTO `crisis_text` VALUES (152,41,'It cleans by converting the food to pure energy (at a slow rate), but enough to melt any object containing the food.');
INSERT INTO `crisis_text` VALUES (153,41,'It escaped from VIOLET lab ##SUB-RDLAB##, after a lab assistant walked in with a spot of food on his jumpsuit, ##CIT-V##.');
INSERT INTO `crisis_text` VALUES (154,41,'If the nanobots aren\'t actively cleaning something, they become airborne, looking for the next thing to clean.');
INSERT INTO `crisis_text` VALUES (155,41,'Note: Since players are used to having three crisises, only two announcements should make experienced player more paranoid than usual.');
/*!40000 ALTER TABLE `crisis_text` ENABLE KEYS */;
UNLOCK TABLES;

--
-- Table structure for table `drawbacks`
--

DROP TABLE IF EXISTS `drawbacks`;
/*!40101 SET @saved_cs_client     = @@character_set_client */;
/*!40101 SET character_set_client = utf8 */;
CREATE TABLE `drawbacks` (
  `id` int(11) NOT NULL AUTO_INCREMENT,
  `text` varchar(200) NOT NULL,
  PRIMARY KEY (`id`)
) ENGINE=InnoDB AUTO_INCREMENT=20 DEFAULT CHARSET=latin1;
/*!40101 SET character_set_client = @saved_cs_client */;

--
-- Dumping data for table `drawbacks`
--

LOCK TABLES `drawbacks` WRITE;
/*!40000 ALTER TABLE `drawbacks` DISABLE KEYS */;
INSERT INTO `drawbacks` VALUES (1,'Quirky Clone Template: Add one to your clone degredation.');
INSERT INTO `drawbacks` VALUES (2,'No more hormone suppressants. You\'re free of hormone suppressants, and lust after attractive members of the opposite sex. You\'ve probably got a harem or even children.');
INSERT INTO `drawbacks` VALUES (3,'Obessive Collector: You have an obsessive interest in collecting something: specific old reckoning artefacts, trilobites, WMDs, or something else specific');
INSERT INTO `drawbacks` VALUES (4,'Degenerate: You overindulge in something, food, alcohol, drugs, or something else');
INSERT INTO `drawbacks` VALUES (5,'Rival: Another high programmer, an NPC, really really hates you.');
INSERT INTO `drawbacks` VALUES (6,'Skeleton in the Closet: You did something in your past that\'s an erasable offence. Decide what it is and tell the GM.');
INSERT INTO `drawbacks` VALUES (7,'Secret Society Vendetta: A random secret society hates you, and you can never have an agent in that society.');
INSERT INTO `drawbacks` VALUES (8,'Service Group Vendetta: GM picks a service group, they hate you, you can never have an investment in that group and you can never have a minion from that group.');
INSERT INTO `drawbacks` VALUES (9,'Infamous: the public hate you, you now have a public standing that starts a 0 and can never go above 0.');
INSERT INTO `drawbacks` VALUES (10,'Mistrusted: Friend Computer doesn\'t trust you, you start each game and new clone with 10 treason points.');
INSERT INTO `drawbacks` VALUES (11,'Secret Society Debt: You owe a random secret society something big. You must attempt to complete their missions, but gain no benefit from doing so.');
INSERT INTO `drawbacks` VALUES (12,'Phobia: You\'re unreasonably afraid of something. Pick the something.');
INSERT INTO `drawbacks` VALUES (13,'Addiction: You have something specific you can\'t live without. A specific drug, flavour of B3 or Toothpaste, or even blood.');
INSERT INTO `drawbacks` VALUES (14,'Replicative Fading: Your clone template\'s rotten. Add two to your Clone Degredation.');
INSERT INTO `drawbacks` VALUES (15,'Cyborged: You\'ve got bot bits, they\'re obvious, and you are affected by attacks that affect bots.');
INSERT INTO `drawbacks` VALUES (16,'Insane: You\'re a grade-A nutso. Despite this, you\'re still mostly functional. Sure, you may think you\'re a giant cockroach, but you still make it to the situation room.');
INSERT INTO `drawbacks` VALUES (17,'Bizarre Experiment: You\'re a survivor - or result - of a bizarre experiment. Maybe you\'re a sentient android or a time traveller. Whatever you are, you\'re pretending to be a high programmer.');
INSERT INTO `drawbacks` VALUES (18,'Impending Doom. Inform the GM of this, and move along citizen, nothing to see here.');
INSERT INTO `drawbacks` VALUES (19,'Brain in a Jar: You\'re a brain in a jar. You\'ve got robotic attachments and servants so you can affect the world but you\'re still physically impaired, because you\'re a brain in a jar.');
/*!40000 ALTER TABLE `drawbacks` ENABLE KEYS */;
UNLOCK TABLES;

--
-- Table structure for table `first_name`
--

DROP TABLE IF EXISTS `first_name`;
/*!40101 SET @saved_cs_client     = @@character_set_client */;
/*!40101 SET character_set_client = utf8 */;
CREATE TABLE `first_name` (
  `fn_id` int(11) NOT NULL AUTO_INCREMENT,
  `fn_name` varchar(45) NOT NULL,
  PRIMARY KEY (`fn_id`),
  UNIQUE KEY `fn_id_UNIQUE` (`fn_id`),
  UNIQUE KEY `fn_name_UNIQUE` (`fn_name`)
) ENGINE=InnoDB AUTO_INCREMENT=2439 DEFAULT CHARSET=latin1;
/*!40101 SET character_set_client = @saved_cs_client */;

--
-- Dumping data for table `first_name`
--

LOCK TABLES `first_name` WRITE;
/*!40000 ALTER TABLE `first_name` DISABLE KEYS */;
INSERT INTO `first_name` VALUES (77,'Aaron');
INSERT INTO `first_name` VALUES (2260,'Abbie');
INSERT INTO `first_name` VALUES (1913,'Abby');
INSERT INTO `first_name` VALUES (831,'Abdul');
INSERT INTO `first_name` VALUES (854,'Abe');
INSERT INTO `first_name` VALUES (485,'Abel');
INSERT INTO `first_name` VALUES (1739,'Abigail');
INSERT INTO `first_name` VALUES (347,'Abraham');
INSERT INTO `first_name` VALUES (1053,'Abram');
INSERT INTO `first_name` VALUES (1529,'Ada');
INSERT INTO `first_name` VALUES (1040,'Adalberto');
INSERT INTO `first_name` VALUES (69,'Adam');
INSERT INTO `first_name` VALUES (752,'Adan');
INSERT INTO `first_name` VALUES (1732,'Addie');
INSERT INTO `first_name` VALUES (1942,'Adela');
INSERT INTO `first_name` VALUES (2239,'Adelaide');
INSERT INTO `first_name` VALUES (1743,'Adele');
INSERT INTO `first_name` VALUES (2367,'Adelina');
INSERT INTO `first_name` VALUES (1853,'Adeline');
INSERT INTO `first_name` VALUES (567,'Adolfo');
INSERT INTO `first_name` VALUES (642,'Adolph');
INSERT INTO `first_name` VALUES (227,'Adrian');
INSERT INTO `first_name` VALUES (1736,'Adriana');
INSERT INTO `first_name` VALUES (2288,'Adrianne');
INSERT INTO `first_name` VALUES (1613,'Adrienne');
INSERT INTO `first_name` VALUES (2349,'Agatha');
INSERT INTO `first_name` VALUES (1436,'Agnes');
INSERT INTO `first_name` VALUES (563,'Agustin');
INSERT INTO `first_name` VALUES (885,'Ahmad');
INSERT INTO `first_name` VALUES (1000,'Ahmed');
INSERT INTO `first_name` VALUES (1778,'Aida');
INSERT INTO `first_name` VALUES (1904,'Aileen');
INSERT INTO `first_name` VALUES (1722,'Aimee');
INSERT INTO `first_name` VALUES (2138,'Aisha');
INSERT INTO `first_name` VALUES (435,'Al');
INSERT INTO `first_name` VALUES (91,'Alan');
INSERT INTO `first_name` VALUES (2013,'Alana');
INSERT INTO `first_name` VALUES (2198,'Alba');
INSERT INTO `first_name` VALUES (54,'Albert');
INSERT INTO `first_name` VALUES (1551,'Alberta');
INSERT INTO `first_name` VALUES (270,'Alberto');
INSERT INTO `first_name` VALUES (889,'Alden');
INSERT INTO `first_name` VALUES (849,'Aldo');
INSERT INTO `first_name` VALUES (930,'Alec');
INSERT INTO `first_name` VALUES (2366,'Alecia');
INSERT INTO `first_name` VALUES (2016,'Alejandra');
INSERT INTO `first_name` VALUES (305,'Alejandro');
INSERT INTO `first_name` VALUES (2379,'Alene');
INSERT INTO `first_name` VALUES (156,'Alex');
INSERT INTO `first_name` VALUES (141,'Alexander');
INSERT INTO `first_name` VALUES (1615,'Alexandra');
INSERT INTO `first_name` VALUES (1966,'Alexandria');
INSERT INTO `first_name` VALUES (641,'Alexis');
INSERT INTO `first_name` VALUES (331,'Alfonso');
INSERT INTO `first_name` VALUES (911,'Alfonzo');
INSERT INTO `first_name` VALUES (125,'Alfred');
INSERT INTO `first_name` VALUES (2132,'Alfreda');
INSERT INTO `first_name` VALUES (269,'Alfredo');
INSERT INTO `first_name` VALUES (614,'Ali');
INSERT INTO `first_name` VALUES (1270,'Alice');
INSERT INTO `first_name` VALUES (1371,'Alicia');
INSERT INTO `first_name` VALUES (2064,'Aline');
INSERT INTO `first_name` VALUES (1822,'Alisa');
INSERT INTO `first_name` VALUES (1721,'Alisha');
INSERT INTO `first_name` VALUES (1566,'Alison');
INSERT INTO `first_name` VALUES (2085,'Alissa');
INSERT INTO `first_name` VALUES (250,'Allan');
INSERT INTO `first_name` VALUES (114,'Allen');
INSERT INTO `first_name` VALUES (2269,'Allene');
INSERT INTO `first_name` VALUES (1983,'Allie');
INSERT INTO `first_name` VALUES (1447,'Allison');
INSERT INTO `first_name` VALUES (1994,'Allyson');
INSERT INTO `first_name` VALUES (1415,'Alma');
INSERT INTO `first_name` VALUES (1219,'Alonso');
INSERT INTO `first_name` VALUES (451,'Alonzo');
INSERT INTO `first_name` VALUES (824,'Alphonse');
INSERT INTO `first_name` VALUES (654,'Alphonso');
INSERT INTO `first_name` VALUES (1838,'Alta');
INSERT INTO `first_name` VALUES (2009,'Althea');
INSERT INTO `first_name` VALUES (361,'Alton');
INSERT INTO `first_name` VALUES (793,'Alva');
INSERT INTO `first_name` VALUES (619,'Alvaro');
INSERT INTO `first_name` VALUES (169,'Alvin');
INSERT INTO `first_name` VALUES (2386,'Alvina');
INSERT INTO `first_name` VALUES (2096,'Alyce');
INSERT INTO `first_name` VALUES (2200,'Alyson');
INSERT INTO `first_name` VALUES (1667,'Alyssa');
INSERT INTO `first_name` VALUES (965,'Amado');
INSERT INTO `first_name` VALUES (2124,'Amalia');
INSERT INTO `first_name` VALUES (1259,'Amanda');
INSERT INTO `first_name` VALUES (1358,'Amber');
INSERT INTO `first_name` VALUES (1096,'Ambrose');
INSERT INTO `first_name` VALUES (1550,'Amelia');
INSERT INTO `first_name` VALUES (2008,'Amie');
INSERT INTO `first_name` VALUES (470,'Amos');
INSERT INTO `first_name` VALUES (2135,'Amparo');
INSERT INTO `first_name` VALUES (1251,'Amy');
INSERT INTO `first_name` VALUES (1400,'Ana');
INSERT INTO `first_name` VALUES (2126,'Anastasia');
INSERT INTO `first_name` VALUES (814,'Anderson');
INSERT INTO `first_name` VALUES (217,'Andre');
INSERT INTO `first_name` VALUES (900,'Andrea');
INSERT INTO `first_name` VALUES (1110,'Andreas');
INSERT INTO `first_name` VALUES (352,'Andres');
INSERT INTO `first_name` VALUES (35,'Andrew');
INSERT INTO `first_name` VALUES (284,'Andy');
INSERT INTO `first_name` VALUES (205,'Angel');
INSERT INTO `first_name` VALUES (1248,'Angela');
INSERT INTO `first_name` VALUES (1877,'Angelia');
INSERT INTO `first_name` VALUES (1609,'Angelica');
INSERT INTO `first_name` VALUES (1633,'Angelina');
INSERT INTO `first_name` VALUES (1869,'Angeline');
INSERT INTO `first_name` VALUES (2184,'Angelique');
INSERT INTO `first_name` VALUES (2162,'Angelita');
INSERT INTO `first_name` VALUES (326,'Angelo');
INSERT INTO `first_name` VALUES (1546,'Angie');
INSERT INTO `first_name` VALUES (959,'Anibal');
INSERT INTO `first_name` VALUES (1355,'Anita');
INSERT INTO `first_name` VALUES (1267,'Ann');
INSERT INTO `first_name` VALUES (1252,'Anna');
INSERT INTO `first_name` VALUES (2028,'Annabelle');
INSERT INTO `first_name` VALUES (1304,'Anne');
INSERT INTO `first_name` VALUES (2422,'Annetta');
INSERT INTO `first_name` VALUES (1394,'Annette');
INSERT INTO `first_name` VALUES (1316,'Annie');
INSERT INTO `first_name` VALUES (2165,'Annmarie');
INSERT INTO `first_name` VALUES (22,'Anthony');
INSERT INTO `first_name` VALUES (1155,'Antione');
INSERT INTO `first_name` VALUES (2236,'Antionette');
INSERT INTO `first_name` VALUES (536,'Antoine');
INSERT INTO `first_name` VALUES (1580,'Antoinette');
INSERT INTO `first_name` VALUES (591,'Anton');
INSERT INTO `first_name` VALUES (990,'Antone');
INSERT INTO `first_name` VALUES (1069,'Antonia');
INSERT INTO `first_name` VALUES (100,'Antonio');
INSERT INTO `first_name` VALUES (791,'Antony');
INSERT INTO `first_name` VALUES (888,'Antwan');
INSERT INTO `first_name` VALUES (1361,'April');
INSERT INTO `first_name` VALUES (2100,'Araceli');
INSERT INTO `first_name` VALUES (362,'Archie');
INSERT INTO `first_name` VALUES (1080,'Arden');
INSERT INTO `first_name` VALUES (830,'Ariel');
INSERT INTO `first_name` VALUES (2294,'Arleen');
INSERT INTO `first_name` VALUES (1134,'Arlen');
INSERT INTO `first_name` VALUES (1444,'Arlene');
INSERT INTO `first_name` VALUES (1189,'Arlie');
INSERT INTO `first_name` VALUES (2111,'Arline');
INSERT INTO `first_name` VALUES (618,'Armand');
INSERT INTO `first_name` VALUES (258,'Armando');
INSERT INTO `first_name` VALUES (224,'Arnold');
INSERT INTO `first_name` VALUES (1181,'Arnoldo');
INSERT INTO `first_name` VALUES (843,'Arnulfo');
INSERT INTO `first_name` VALUES (864,'Aron');
INSERT INTO `first_name` VALUES (790,'Arron');
INSERT INTO `first_name` VALUES (710,'Art');
INSERT INTO `first_name` VALUES (48,'Arthur');
INSERT INTO `first_name` VALUES (304,'Arturo');
INSERT INTO `first_name` VALUES (1133,'Asa');
INSERT INTO `first_name` VALUES (1995,'Ashlee');
INSERT INTO `first_name` VALUES (2265,'Ashleigh');
INSERT INTO `first_name` VALUES (584,'Ashley');
INSERT INTO `first_name` VALUES (2354,'Athena');
INSERT INTO `first_name` VALUES (495,'Aubrey');
INSERT INTO `first_name` VALUES (1925,'Audra');
INSERT INTO `first_name` VALUES (1392,'Audrey');
INSERT INTO `first_name` VALUES (551,'August');
INSERT INTO `first_name` VALUES (2119,'Augusta');
INSERT INTO `first_name` VALUES (806,'Augustine');
INSERT INTO `first_name` VALUES (948,'Augustus');
INSERT INTO `first_name` VALUES (2117,'Aurelia');
INSERT INTO `first_name` VALUES (736,'Aurelio');
INSERT INTO `first_name` VALUES (1753,'Aurora');
INSERT INTO `first_name` VALUES (301,'Austin');
INSERT INTO `first_name` VALUES (1879,'Autumn');
INSERT INTO `first_name` VALUES (1961,'Ava');
INSERT INTO `first_name` VALUES (638,'Avery');
INSERT INTO `first_name` VALUES (1982,'Avis');
INSERT INTO `first_name` VALUES (2407,'Barb');
INSERT INTO `first_name` VALUES (1223,'Barbara');
INSERT INTO `first_name` VALUES (1935,'Barbra');
INSERT INTO `first_name` VALUES (705,'Barney');
INSERT INTO `first_name` VALUES (1044,'Barrett');
INSERT INTO `first_name` VALUES (140,'Barry');
INSERT INTO `first_name` VALUES (574,'Bart');
INSERT INTO `first_name` VALUES (877,'Barton');
INSERT INTO `first_name` VALUES (668,'Basil');
INSERT INTO `first_name` VALUES (1389,'Beatrice');
INSERT INTO `first_name` VALUES (1864,'Beatriz');
INSERT INTO `first_name` VALUES (712,'Beau');
INSERT INTO `first_name` VALUES (1506,'Becky');
INSERT INTO `first_name` VALUES (1524,'Belinda');
INSERT INTO `first_name` VALUES (2421,'Bella');
INSERT INTO `first_name` VALUES (2283,'Belle');
INSERT INTO `first_name` VALUES (212,'Ben');
INSERT INTO `first_name` VALUES (1124,'Benedict');
INSERT INTO `first_name` VALUES (1993,'Benita');
INSERT INTO `first_name` VALUES (556,'Benito');
INSERT INTO `first_name` VALUES (66,'Benjamin');
INSERT INTO `first_name` VALUES (785,'Bennett');
INSERT INTO `first_name` VALUES (371,'Bennie');
INSERT INTO `first_name` VALUES (382,'Benny');
INSERT INTO `first_name` VALUES (1175,'Benton');
INSERT INTO `first_name` VALUES (1619,'Bernadette');
INSERT INTO `first_name` VALUES (1944,'Bernadine');
INSERT INTO `first_name` VALUES (142,'Bernard');
INSERT INTO `first_name` VALUES (664,'Bernardo');
INSERT INTO `first_name` VALUES (1391,'Bernice');
INSERT INTO `first_name` VALUES (757,'Bernie');
INSERT INTO `first_name` VALUES (929,'Berry');
INSERT INTO `first_name` VALUES (453,'Bert');
INSERT INTO `first_name` VALUES (2105,'Berta');
INSERT INTO `first_name` VALUES (1375,'Bertha');
INSERT INTO `first_name` VALUES (2197,'Bertie');
INSERT INTO `first_name` VALUES (1028,'Bertram');
INSERT INTO `first_name` VALUES (2167,'Beryl');
INSERT INTO `first_name` VALUES (2329,'Bess');
INSERT INTO `first_name` VALUES (1440,'Bessie');
INSERT INTO `first_name` VALUES (1418,'Beth');
INSERT INTO `first_name` VALUES (1617,'Bethany');
INSERT INTO `first_name` VALUES (1649,'Betsy');
INSERT INTO `first_name` VALUES (1826,'Bette');
INSERT INTO `first_name` VALUES (1776,'Bettie');
INSERT INTO `first_name` VALUES (1233,'Betty');
INSERT INTO `first_name` VALUES (1931,'Bettye');
INSERT INTO `first_name` VALUES (1579,'Beulah');
INSERT INTO `first_name` VALUES (2214,'Beverley');
INSERT INTO `first_name` VALUES (1292,'Beverly');
INSERT INTO `first_name` VALUES (1929,'Bianca');
INSERT INTO `first_name` VALUES (159,'Bill');
INSERT INTO `first_name` VALUES (522,'Billie');
INSERT INTO `first_name` VALUES (73,'Billy');
INSERT INTO `first_name` VALUES (2302,'Birdie');
INSERT INTO `first_name` VALUES (559,'Blaine');
INSERT INTO `first_name` VALUES (748,'Blair');
INSERT INTO `first_name` VALUES (342,'Blake');
INSERT INTO `first_name` VALUES (1603,'Blanca');
INSERT INTO `first_name` VALUES (1540,'Blanche');
INSERT INTO `first_name` VALUES (1043,'Bo');
INSERT INTO `first_name` VALUES (266,'Bob');
INSERT INTO `first_name` VALUES (1898,'Bobbi');
INSERT INTO `first_name` VALUES (660,'Bobbie');
INSERT INTO `first_name` VALUES (83,'Bobby');
INSERT INTO `first_name` VALUES (1728,'Bonita');
INSERT INTO `first_name` VALUES (1307,'Bonnie');
INSERT INTO `first_name` VALUES (770,'Booker');
INSERT INTO `first_name` VALUES (860,'Boris');
INSERT INTO `first_name` VALUES (1174,'Boyce');
INSERT INTO `first_name` VALUES (487,'Boyd');
INSERT INTO `first_name` VALUES (219,'Brad');
INSERT INTO `first_name` VALUES (467,'Bradford');
INSERT INTO `first_name` VALUES (128,'Bradley');
INSERT INTO `first_name` VALUES (993,'Bradly');
INSERT INTO `first_name` VALUES (571,'Brady');
INSERT INTO `first_name` VALUES (602,'Brain');
INSERT INTO `first_name` VALUES (751,'Branden');
INSERT INTO `first_name` VALUES (1539,'Brandi');
INSERT INTO `first_name` VALUES (2208,'Brandie');
INSERT INTO `first_name` VALUES (68,'Brandon');
INSERT INTO `first_name` VALUES (1495,'Brandy');
INSERT INTO `first_name` VALUES (914,'Brant');
INSERT INTO `first_name` VALUES (2436,'Breanna');
INSERT INTO `first_name` VALUES (1250,'Brenda');
INSERT INTO `first_name` VALUES (482,'Brendan');
INSERT INTO `first_name` VALUES (1008,'Brendon');
INSERT INTO `first_name` VALUES (195,'Brent');
INSERT INTO `first_name` VALUES (920,'Brenton');
INSERT INTO `first_name` VALUES (507,'Bret');
INSERT INTO `first_name` VALUES (204,'Brett');
INSERT INTO `first_name` VALUES (20,'Brian');
INSERT INTO `first_name` VALUES (2099,'Briana');
INSERT INTO `first_name` VALUES (1957,'Brianna');
INSERT INTO `first_name` VALUES (2325,'Brianne');
INSERT INTO `first_name` VALUES (973,'Brice');
INSERT INTO `first_name` VALUES (1588,'Bridget');
INSERT INTO `first_name` VALUES (2161,'Bridgett');
INSERT INTO `first_name` VALUES (1939,'Bridgette');
INSERT INTO `first_name` VALUES (2199,'Brigitte');
INSERT INTO `first_name` VALUES (2186,'Britney');
INSERT INTO `first_name` VALUES (1123,'Britt');
INSERT INTO `first_name` VALUES (1406,'Brittany');
INSERT INTO `first_name` VALUES (1766,'Brittney');
INSERT INTO `first_name` VALUES (701,'Brock');
INSERT INTO `first_name` VALUES (1218,'Broderick');
INSERT INTO `first_name` VALUES (1616,'Brooke');
INSERT INTO `first_name` VALUES (829,'Brooks');
INSERT INTO `first_name` VALUES (67,'Bruce');
INSERT INTO `first_name` VALUES (697,'Bruno');
INSERT INTO `first_name` VALUES (102,'Bryan');
INSERT INTO `first_name` VALUES (409,'Bryant');
INSERT INTO `first_name` VALUES (535,'Bryce');
INSERT INTO `first_name` VALUES (617,'Bryon');
INSERT INTO `first_name` VALUES (1205,'Buck');
INSERT INTO `first_name` VALUES (951,'Bud');
INSERT INTO `first_name` VALUES (586,'Buddy');
INSERT INTO `first_name` VALUES (755,'Buford');
INSERT INTO `first_name` VALUES (996,'Burl');
INSERT INTO `first_name` VALUES (881,'Burt');
INSERT INTO `first_name` VALUES (570,'Burton');
INSERT INTO `first_name` VALUES (1068,'Buster');
INSERT INTO `first_name` VALUES (275,'Byron');
INSERT INTO `first_name` VALUES (1779,'Caitlin');
INSERT INTO `first_name` VALUES (440,'Caleb');
INSERT INTO `first_name` VALUES (1897,'Callie');
INSERT INTO `first_name` VALUES (155,'Calvin');
INSERT INTO `first_name` VALUES (336,'Cameron');
INSERT INTO `first_name` VALUES (2259,'Camilla');
INSERT INTO `first_name` VALUES (1707,'Camille');
INSERT INTO `first_name` VALUES (1562,'Candace');
INSERT INTO `first_name` VALUES (1581,'Candice');
INSERT INTO `first_name` VALUES (2385,'Candida');
INSERT INTO `first_name` VALUES (1794,'Candy');
INSERT INTO `first_name` VALUES (1742,'Cara');
INSERT INTO `first_name` VALUES (2342,'Caren');
INSERT INTO `first_name` VALUES (598,'Carey');
INSERT INTO `first_name` VALUES (2300,'Cari');
INSERT INTO `first_name` VALUES (2172,'Carissa');
INSERT INTO `first_name` VALUES (47,'Carl');
INSERT INTO `first_name` VALUES (1421,'Carla');
INSERT INTO `first_name` VALUES (2032,'Carlene');
INSERT INTO `first_name` VALUES (732,'Carlo');
INSERT INTO `first_name` VALUES (81,'Carlos');
INSERT INTO `first_name` VALUES (334,'Carlton');
INSERT INTO `first_name` VALUES (2093,'Carly');
INSERT INTO `first_name` VALUES (2438,'Carmel');
INSERT INTO `first_name` VALUES (1859,'Carmela');
INSERT INTO `first_name` VALUES (2023,'Carmella');
INSERT INTO `first_name` VALUES (704,'Carmelo');
INSERT INTO `first_name` VALUES (651,'Carmen');
INSERT INTO `first_name` VALUES (805,'Carmine');
INSERT INTO `first_name` VALUES (919,'Carol');
INSERT INTO `first_name` VALUES (1494,'Carole');
INSERT INTO `first_name` VALUES (1814,'Carolina');
INSERT INTO `first_name` VALUES (1467,'Caroline');
INSERT INTO `first_name` VALUES (1261,'Carolyn');
INSERT INTO `first_name` VALUES (1348,'Carrie');
INSERT INTO `first_name` VALUES (1085,'Carrol');
INSERT INTO `first_name` VALUES (408,'Carroll');
INSERT INTO `first_name` VALUES (774,'Carson');
INSERT INTO `first_name` VALUES (741,'Carter');
INSERT INTO `first_name` VALUES (492,'Cary');
INSERT INTO `first_name` VALUES (2273,'Caryn');
INSERT INTO `first_name` VALUES (2160,'Casandra');
INSERT INTO `first_name` VALUES (268,'Casey');
INSERT INTO `first_name` VALUES (1488,'Cassandra');
INSERT INTO `first_name` VALUES (1785,'Cassie');
INSERT INTO `first_name` VALUES (1960,'Catalina');
INSERT INTO `first_name` VALUES (1265,'Catherine');
INSERT INTO `first_name` VALUES (1876,'Cathleen');
INSERT INTO `first_name` VALUES (2406,'Cathrine');
INSERT INTO `first_name` VALUES (2158,'Cathryn');
INSERT INTO `first_name` VALUES (1382,'Cathy');
INSERT INTO `first_name` VALUES (2315,'Catrina');
INSERT INTO `first_name` VALUES (1664,'Cecelia');
INSERT INTO `first_name` VALUES (214,'Cecil');
INSERT INTO `first_name` VALUES (1829,'Cecile');
INSERT INTO `first_name` VALUES (1537,'Cecilia');
INSERT INTO `first_name` VALUES (390,'Cedric');
INSERT INTO `first_name` VALUES (1188,'Cedrick');
INSERT INTO `first_name` VALUES (1740,'Celeste');
INSERT INTO `first_name` VALUES (2341,'Celestine');
INSERT INTO `first_name` VALUES (1590,'Celia');
INSERT INTO `first_name` VALUES (2219,'Celina');
INSERT INTO `first_name` VALUES (353,'Cesar');
INSERT INTO `first_name` VALUES (121,'Chad');
INSERT INTO `first_name` VALUES (809,'Chadwick');
INSERT INTO `first_name` VALUES (842,'Chance');
INSERT INTO `first_name` VALUES (1975,'Chandra');
INSERT INTO `first_name` VALUES (943,'Chang');
INSERT INTO `first_name` VALUES (2345,'Chantel');
INSERT INTO `first_name` VALUES (1862,'Charity');
INSERT INTO `first_name` VALUES (2430,'Charla');
INSERT INTO `first_name` VALUES (1439,'Charlene');
INSERT INTO `first_name` VALUES (8,'Charles');
INSERT INTO `first_name` VALUES (727,'Charley');
INSERT INTO `first_name` VALUES (197,'Charlie');
INSERT INTO `first_name` VALUES (1349,'Charlotte');
INSERT INTO `first_name` VALUES (2049,'Charmaine');
INSERT INTO `first_name` VALUES (1076,'Chas');
INSERT INTO `first_name` VALUES (542,'Chase');
INSERT INTO `first_name` VALUES (2091,'Chasity');
INSERT INTO `first_name` VALUES (942,'Chauncey');
INSERT INTO `first_name` VALUES (1626,'Chelsea');
INSERT INTO `first_name` VALUES (2235,'Chelsey');
INSERT INTO `first_name` VALUES (1737,'Cheri');
INSERT INTO `first_name` VALUES (1800,'Cherie');
INSERT INTO `first_name` VALUES (2141,'Cherry');
INSERT INTO `first_name` VALUES (1278,'Cheryl');
INSERT INTO `first_name` VALUES (213,'Chester');
INSERT INTO `first_name` VALUES (1027,'Chet');
INSERT INTO `first_name` VALUES (989,'Chi');
INSERT INTO `first_name` VALUES (2356,'Chloe');
INSERT INTO `first_name` VALUES (1058,'Chong');
INSERT INTO `first_name` VALUES (96,'Chris');
INSERT INTO `first_name` VALUES (1783,'Christa');
INSERT INTO `first_name` VALUES (2428,'Christal');
INSERT INTO `first_name` VALUES (2353,'Christen');
INSERT INTO `first_name` VALUES (1885,'Christi');
INSERT INTO `first_name` VALUES (236,'Christian');
INSERT INTO `first_name` VALUES (1650,'Christie');
INSERT INTO `first_name` VALUES (2378,'Christin');
INSERT INTO `first_name` VALUES (1289,'Christina');
INSERT INTO `first_name` VALUES (1262,'Christine');
INSERT INTO `first_name` VALUES (910,'Christoper');
INSERT INTO `first_name` VALUES (11,'Christopher');
INSERT INTO `first_name` VALUES (1479,'Christy');
INSERT INTO `first_name` VALUES (2059,'Chrystal');
INSERT INTO `first_name` VALUES (547,'Chuck');
INSERT INTO `first_name` VALUES (1039,'Chung');
INSERT INTO `first_name` VALUES (2328,'Cindi');
INSERT INTO `first_name` VALUES (1332,'Cindy');
INSERT INTO `first_name` VALUES (754,'Clair');
INSERT INTO `first_name` VALUES (1519,'Claire');
INSERT INTO `first_name` VALUES (1363,'Clara');
INSERT INTO `first_name` VALUES (2015,'Clare');
INSERT INTO `first_name` VALUES (93,'Clarence');
INSERT INTO `first_name` VALUES (1866,'Clarice');
INSERT INTO `first_name` VALUES (1963,'Clarissa');
INSERT INTO `first_name` VALUES (406,'Clark');
INSERT INTO `first_name` VALUES (1090,'Claud');
INSERT INTO `first_name` VALUES (230,'Claude');
INSERT INTO `first_name` VALUES (1875,'Claudette');
INSERT INTO `first_name` VALUES (1453,'Claudia');
INSERT INTO `first_name` VALUES (2083,'Claudine');
INSERT INTO `first_name` VALUES (925,'Claudio');
INSERT INTO `first_name` VALUES (464,'Clay');
INSERT INTO `first_name` VALUES (253,'Clayton');
INSERT INTO `first_name` VALUES (692,'Clement');
INSERT INTO `first_name` VALUES (1079,'Clemente');
INSERT INTO `first_name` VALUES (731,'Cleo');
INSERT INTO `first_name` VALUES (1018,'Cletus');
INSERT INTO `first_name` VALUES (545,'Cleveland');
INSERT INTO `first_name` VALUES (612,'Cliff');
INSERT INTO `first_name` VALUES (149,'Clifford');
INSERT INTO `first_name` VALUES (279,'Clifton');
INSERT INTO `first_name` VALUES (426,'Clint');
INSERT INTO `first_name` VALUES (239,'Clinton');
INSERT INTO `first_name` VALUES (187,'Clyde');
INSERT INTO `first_name` VALUES (246,'Cody');
INSERT INTO `first_name` VALUES (703,'Colby');
INSERT INTO `first_name` VALUES (682,'Cole');
INSERT INTO `first_name` VALUES (2136,'Coleen');
INSERT INTO `first_name` VALUES (891,'Coleman');
INSERT INTO `first_name` VALUES (2069,'Colette');
INSERT INTO `first_name` VALUES (378,'Colin');
INSERT INTO `first_name` VALUES (1446,'Colleen');
INSERT INTO `first_name` VALUES (739,'Collin');
INSERT INTO `first_name` VALUES (1160,'Colton');
INSERT INTO `first_name` VALUES (1026,'Columbus');
INSERT INTO `first_name` VALUES (1967,'Concepcion');
INSERT INTO `first_name` VALUES (2196,'Concetta');
INSERT INTO `first_name` VALUES (967,'Connie');
INSERT INTO `first_name` VALUES (456,'Conrad');
INSERT INTO `first_name` VALUES (1451,'Constance');
INSERT INTO `first_name` VALUES (1796,'Consuelo');
INSERT INTO `first_name` VALUES (1527,'Cora');
INSERT INTO `first_name` VALUES (1116,'Cordell');
INSERT INTO `first_name` VALUES (182,'Corey');
INSERT INTO `first_name` VALUES (2131,'Corina');
INSERT INTO `first_name` VALUES (2055,'Corine');
INSERT INTO `first_name` VALUES (1773,'Corinne');
INSERT INTO `first_name` VALUES (1928,'Cornelia');
INSERT INTO `first_name` VALUES (461,'Cornelius');
INSERT INTO `first_name` VALUES (787,'Cornell');
INSERT INTO `first_name` VALUES (1965,'Corrine');
INSERT INTO `first_name` VALUES (1154,'Cortez');
INSERT INTO `first_name` VALUES (2227,'Cortney');
INSERT INTO `first_name` VALUES (229,'Cory');
INSERT INTO `first_name` VALUES (488,'Courtney');
INSERT INTO `first_name` VALUES (693,'Coy');
INSERT INTO `first_name` VALUES (90,'Craig');
INSERT INTO `first_name` VALUES (1656,'Cristina');
INSERT INTO `first_name` VALUES (1095,'Cristobal');
INSERT INTO `first_name` VALUES (1153,'Cristopher');
INSERT INTO `first_name` VALUES (724,'Cruz');
INSERT INTO `first_name` VALUES (1321,'Crystal');
INSERT INTO `first_name` VALUES (561,'Curt');
INSERT INTO `first_name` VALUES (112,'Curtis');
INSERT INTO `first_name` VALUES (1247,'Cynthia');
INSERT INTO `first_name` VALUES (797,'Cyril');
INSERT INTO `first_name` VALUES (796,'Cyrus');
INSERT INTO `first_name` VALUES (1514,'Daisy');
INSERT INTO `first_name` VALUES (109,'Dale');
INSERT INTO `first_name` VALUES (2420,'Dalia');
INSERT INTO `first_name` VALUES (424,'Dallas');
INSERT INTO `first_name` VALUES (765,'Dalton');
INSERT INTO `first_name` VALUES (548,'Damian');
INSERT INTO `first_name` VALUES (578,'Damien');
INSERT INTO `first_name` VALUES (988,'Damion');
INSERT INTO `first_name` VALUES (357,'Damon');
INSERT INTO `first_name` VALUES (179,'Dan');
INSERT INTO `first_name` VALUES (314,'Dana');
INSERT INTO `first_name` VALUES (621,'Dane');
INSERT INTO `first_name` VALUES (2321,'Danette');
INSERT INTO `first_name` VALUES (747,'Danial');
INSERT INTO `first_name` VALUES (12,'Daniel');
INSERT INTO `first_name` VALUES (2365,'Daniela');
INSERT INTO `first_name` VALUES (1369,'Danielle');
INSERT INTO `first_name` VALUES (1089,'Danilo');
INSERT INTO `first_name` VALUES (2327,'Danna');
INSERT INTO `first_name` VALUES (956,'Dannie');
INSERT INTO `first_name` VALUES (101,'Danny');
INSERT INTO `first_name` VALUES (691,'Dante');
INSERT INTO `first_name` VALUES (1837,'Daphne');
INSERT INTO `first_name` VALUES (2374,'Dara');
INSERT INTO `first_name` VALUES (2021,'Darcy');
INSERT INTO `first_name` VALUES (1217,'Darell');
INSERT INTO `first_name` VALUES (777,'Daren');
INSERT INTO `first_name` VALUES (469,'Darin');
INSERT INTO `first_name` VALUES (976,'Dario');
INSERT INTO `first_name` VALUES (606,'Darius');
INSERT INTO `first_name` VALUES (1690,'Darla');
INSERT INTO `first_name` VALUES (1376,'Darlene');
INSERT INTO `first_name` VALUES (476,'Darnell');
INSERT INTO `first_name` VALUES (1057,'Daron');
INSERT INTO `first_name` VALUES (447,'Darrel');
INSERT INTO `first_name` VALUES (165,'Darrell');
INSERT INTO `first_name` VALUES (243,'Darren');
INSERT INTO `first_name` VALUES (1012,'Darrick');
INSERT INTO `first_name` VALUES (480,'Darrin');
INSERT INTO `first_name` VALUES (1067,'Darron');
INSERT INTO `first_name` VALUES (232,'Darryl');
INSERT INTO `first_name` VALUES (583,'Darwin');
INSERT INTO `first_name` VALUES (281,'Daryl');
INSERT INTO `first_name` VALUES (271,'Dave');
INSERT INTO `first_name` VALUES (6,'David');
INSERT INTO `first_name` VALUES (684,'Davis');
INSERT INTO `first_name` VALUES (1324,'Dawn');
INSERT INTO `first_name` VALUES (2272,'Dayna');
INSERT INTO `first_name` VALUES (173,'Dean');
INSERT INTO `first_name` VALUES (1903,'Deana');
INSERT INTO `first_name` VALUES (896,'Deandre');
INSERT INTO `first_name` VALUES (1144,'Deangelo');
INSERT INTO `first_name` VALUES (2207,'Deann');
INSERT INTO `first_name` VALUES (1480,'Deanna');
INSERT INTO `first_name` VALUES (2061,'Deanne');
INSERT INTO `first_name` VALUES (1360,'Debbie');
INSERT INTO `first_name` VALUES (2311,'Debby');
INSERT INTO `first_name` VALUES (1799,'Debora');
INSERT INTO `first_name` VALUES (1244,'Deborah');
INSERT INTO `first_name` VALUES (1258,'Debra');
INSERT INTO `first_name` VALUES (978,'Dee');
INSERT INTO `first_name` VALUES (2116,'Deena');
INSERT INTO `first_name` VALUES (2231,'Deidra');
INSERT INTO `first_name` VALUES (2090,'Deidre');
INSERT INTO `first_name` VALUES (2097,'Deirdre');
INSERT INTO `first_name` VALUES (1122,'Del');
INSERT INTO `first_name` VALUES (377,'Delbert');
INSERT INTO `first_name` VALUES (1681,'Delia');
INSERT INTO `first_name` VALUES (2314,'Delilah');
INSERT INTO `first_name` VALUES (1595,'Della');
INSERT INTO `first_name` VALUES (2290,'Delma');
INSERT INTO `first_name` VALUES (717,'Delmar');
INSERT INTO `first_name` VALUES (975,'Delmer');
INSERT INTO `first_name` VALUES (2400,'Delois');
INSERT INTO `first_name` VALUES (1441,'Delores');
INSERT INTO `first_name` VALUES (1734,'Deloris');
INSERT INTO `first_name` VALUES (2324,'Delphine');
INSERT INTO `first_name` VALUES (1017,'Demarcus');
INSERT INTO `first_name` VALUES (2289,'Demetria');
INSERT INTO `first_name` VALUES (527,'Demetrius');
INSERT INTO `first_name` VALUES (1790,'Dena');
INSERT INTO `first_name` VALUES (2223,'Denice');
INSERT INTO `first_name` VALUES (577,'Denis');
INSERT INTO `first_name` VALUES (1293,'Denise');
INSERT INTO `first_name` VALUES (40,'Dennis');
INSERT INTO `first_name` VALUES (683,'Denny');
INSERT INTO `first_name` VALUES (740,'Denver');
INSERT INTO `first_name` VALUES (909,'Deon');
INSERT INTO `first_name` VALUES (163,'Derek');
INSERT INTO `first_name` VALUES (647,'Derick');
INSERT INTO `first_name` VALUES (178,'Derrick');
INSERT INTO `first_name` VALUES (1084,'Deshawn');
INSERT INTO `first_name` VALUES (1644,'Desiree');
INSERT INTO `first_name` VALUES (581,'Desmond');
INSERT INTO `first_name` VALUES (2243,'Dessie');
INSERT INTO `first_name` VALUES (2293,'Destiny');
INSERT INTO `first_name` VALUES (395,'Devin');
INSERT INTO `first_name` VALUES (566,'Devon');
INSERT INTO `first_name` VALUES (502,'Dewayne');
INSERT INTO `first_name` VALUES (434,'Dewey');
INSERT INTO `first_name` VALUES (918,'Dewitt');
INSERT INTO `first_name` VALUES (466,'Dexter');
INSERT INTO `first_name` VALUES (1315,'Diana');
INSERT INTO `first_name` VALUES (1269,'Diane');
INSERT INTO `first_name` VALUES (2171,'Diann');
INSERT INTO `first_name` VALUES (1637,'Dianna');
INSERT INTO `first_name` VALUES (1498,'Dianne');
INSERT INTO `first_name` VALUES (721,'Dick');
INSERT INTO `first_name` VALUES (640,'Diego');
INSERT INTO `first_name` VALUES (964,'Dillon');
INSERT INTO `first_name` VALUES (1802,'Dina');
INSERT INTO `first_name` VALUES (2364,'Dinah');
INSERT INTO `first_name` VALUES (893,'Dino');
INSERT INTO `first_name` VALUES (690,'Dion');
INSERT INTO `first_name` VALUES (2164,'Dionne');
INSERT INTO `first_name` VALUES (750,'Dirk');
INSERT INTO `first_name` VALUES (1700,'Dixie');
INSERT INTO `first_name` VALUES (2044,'Dollie');
INSERT INTO `first_name` VALUES (1911,'Dolly');
INSERT INTO `first_name` VALUES (1390,'Dolores');
INSERT INTO `first_name` VALUES (1066,'Domenic');
INSERT INTO `first_name` VALUES (493,'Domingo');
INSERT INTO `first_name` VALUES (374,'Dominic');
INSERT INTO `first_name` VALUES (486,'Dominick');
INSERT INTO `first_name` VALUES (768,'Dominique');
INSERT INTO `first_name` VALUES (135,'Don');
INSERT INTO `first_name` VALUES (1971,'Dona');
INSERT INTO `first_name` VALUES (15,'Donald');
INSERT INTO `first_name` VALUES (1065,'Dong');
INSERT INTO `first_name` VALUES (933,'Donn');
INSERT INTO `first_name` VALUES (1236,'Donna');
INSERT INTO `first_name` VALUES (681,'Donnell');
INSERT INTO `first_name` VALUES (315,'Donnie');
INSERT INTO `first_name` VALUES (709,'Donny');
INSERT INTO `first_name` VALUES (667,'Donovan');
INSERT INTO `first_name` VALUES (1033,'Donte');
INSERT INTO `first_name` VALUES (1468,'Dora');
INSERT INTO `first_name` VALUES (1641,'Doreen');
INSERT INTO `first_name` VALUES (2229,'Doretha');
INSERT INTO `first_name` VALUES (870,'Dorian');
INSERT INTO `first_name` VALUES (1274,'Doris');
INSERT INTO `first_name` VALUES (1806,'Dorothea');
INSERT INTO `first_name` VALUES (1229,'Dorothy');
INSERT INTO `first_name` VALUES (2419,'Dorris');
INSERT INTO `first_name` VALUES (1216,'Dorsey');
INSERT INTO `first_name` VALUES (1746,'Dorthy');
INSERT INTO `first_name` VALUES (2281,'Dottie');
INSERT INTO `first_name` VALUES (323,'Doug');
INSERT INTO `first_name` VALUES (45,'Douglas');
INSERT INTO `first_name` VALUES (1115,'Douglass');
INSERT INTO `first_name` VALUES (446,'Doyle');
INSERT INTO `first_name` VALUES (431,'Drew');
INSERT INTO `first_name` VALUES (215,'Duane');
INSERT INTO `first_name` VALUES (700,'Dudley');
INSERT INTO `first_name` VALUES (803,'Duncan');
INSERT INTO `first_name` VALUES (176,'Dustin');
INSERT INTO `first_name` VALUES (832,'Dusty');
INSERT INTO `first_name` VALUES (1032,'Dwain');
INSERT INTO `first_name` VALUES (256,'Dwayne');
INSERT INTO `first_name` VALUES (257,'Dwight');
INSERT INTO `first_name` VALUES (546,'Dylan');
INSERT INTO `first_name` VALUES (98,'Earl');
INSERT INTO `first_name` VALUES (853,'Earle');
INSERT INTO `first_name` VALUES (2030,'Earlene');
INSERT INTO `first_name` VALUES (1959,'Earline');
INSERT INTO `first_name` VALUES (380,'Earnest');
INSERT INTO `first_name` VALUES (2022,'Earnestine');
INSERT INTO `first_name` VALUES (1711,'Ebony');
INSERT INTO `first_name` VALUES (373,'Ed');
INSERT INTO `first_name` VALUES (136,'Eddie');
INSERT INTO `first_name` VALUES (676,'Eddy');
INSERT INTO `first_name` VALUES (209,'Edgar');
INSERT INTO `first_name` VALUES (928,'Edgardo');
INSERT INTO `first_name` VALUES (1083,'Edison');
INSERT INTO `first_name` VALUES (1336,'Edith');
INSERT INTO `first_name` VALUES (500,'Edmond');
INSERT INTO `first_name` VALUES (387,'Edmund');
INSERT INTO `first_name` VALUES (1198,'Edmundo');
INSERT INTO `first_name` VALUES (1328,'Edna');
INSERT INTO `first_name` VALUES (296,'Eduardo');
INSERT INTO `first_name` VALUES (19,'Edward');
INSERT INTO `first_name` VALUES (769,'Edwardo');
INSERT INTO `first_name` VALUES (134,'Edwin');
INSERT INTO `first_name` VALUES (2040,'Edwina');
INSERT INTO `first_name` VALUES (2264,'Edythe');
INSERT INTO `first_name` VALUES (1748,'Effie');
INSERT INTO `first_name` VALUES (521,'Efrain');
INSERT INTO `first_name` VALUES (887,'Efren');
INSERT INTO `first_name` VALUES (1424,'Eileen');
INSERT INTO `first_name` VALUES (1346,'Elaine');
INSERT INTO `first_name` VALUES (2203,'Elba');
INSERT INTO `first_name` VALUES (454,'Elbert');
INSERT INTO `first_name` VALUES (2254,'Elda');
INSERT INTO `first_name` VALUES (1215,'Elden');
INSERT INTO `first_name` VALUES (529,'Eldon');
INSERT INTO `first_name` VALUES (1152,'Eldridge');
INSERT INTO `first_name` VALUES (1367,'Eleanor');
INSERT INTO `first_name` VALUES (2299,'Eleanore');
INSERT INTO `first_name` VALUES (1631,'Elena');
INSERT INTO `first_name` VALUES (534,'Eli');
INSERT INTO `first_name` VALUES (2310,'Elia');
INSERT INTO `first_name` VALUES (452,'Elias');
INSERT INTO `first_name` VALUES (2287,'Elida');
INSERT INTO `first_name` VALUES (491,'Elijah');
INSERT INTO `first_name` VALUES (2017,'Elinor');
INSERT INTO `first_name` VALUES (1710,'Elisa');
INSERT INTO `first_name` VALUES (1777,'Elisabeth');
INSERT INTO `first_name` VALUES (1828,'Elise');
INSERT INTO `first_name` VALUES (884,'Eliseo');
INSERT INTO `first_name` VALUES (1204,'Elisha');
INSERT INTO `first_name` VALUES (2431,'Elissa');
INSERT INTO `first_name` VALUES (1937,'Eliza');
INSERT INTO `first_name` VALUES (1224,'Elizabeth');
INSERT INTO `first_name` VALUES (1429,'Ella');
INSERT INTO `first_name` VALUES (1345,'Ellen');
INSERT INTO `first_name` VALUES (2417,'Ellie');
INSERT INTO `first_name` VALUES (582,'Elliot');
INSERT INTO `first_name` VALUES (572,'Elliott');
INSERT INTO `first_name` VALUES (423,'Ellis');
INSERT INTO `first_name` VALUES (1118,'Ellsworth');
INSERT INTO `first_name` VALUES (1888,'Elma');
INSERT INTO `first_name` VALUES (218,'Elmer');
INSERT INTO `first_name` VALUES (863,'Elmo');
INSERT INTO `first_name` VALUES (1974,'Elnora');
INSERT INTO `first_name` VALUES (2340,'Eloisa');
INSERT INTO `first_name` VALUES (1661,'Eloise');
INSERT INTO `first_name` VALUES (869,'Eloy');
INSERT INTO `first_name` VALUES (1078,'Elroy');
INSERT INTO `first_name` VALUES (1696,'Elsa');
INSERT INTO `first_name` VALUES (1417,'Elsie');
INSERT INTO `first_name` VALUES (544,'Elton');
INSERT INTO `first_name` VALUES (1772,'Elva');
INSERT INTO `first_name` VALUES (2095,'Elvia');
INSERT INTO `first_name` VALUES (595,'Elvin');
INSERT INTO `first_name` VALUES (1679,'Elvira');
INSERT INTO `first_name` VALUES (663,'Elvis');
INSERT INTO `first_name` VALUES (604,'Elwood');
INSERT INTO `first_name` VALUES (498,'Emanuel');
INSERT INTO `first_name` VALUES (760,'Emerson');
INSERT INTO `first_name` VALUES (686,'Emery');
INSERT INTO `first_name` VALUES (501,'Emil');
INSERT INTO `first_name` VALUES (862,'Emile');
INSERT INTO `first_name` VALUES (1992,'Emilia');
INSERT INTO `first_name` VALUES (2258,'Emilie');
INSERT INTO `first_name` VALUES (490,'Emilio');
INSERT INTO `first_name` VALUES (1318,'Emily');
INSERT INTO `first_name` VALUES (1353,'Emma');
INSERT INTO `first_name` VALUES (512,'Emmanuel');
INSERT INTO `first_name` VALUES (496,'Emmett');
INSERT INTO `first_name` VALUES (1056,'Emmitt');
INSERT INTO `first_name` VALUES (743,'Emory');
INSERT INTO `first_name` VALUES (2149,'Enid');
INSERT INTO `first_name` VALUES (1007,'Enoch');
INSERT INTO `first_name` VALUES (298,'Enrique');
INSERT INTO `first_name` VALUES (1101,'Erasmo');
INSERT INTO `first_name` VALUES (33,'Eric');
INSERT INTO `first_name` VALUES (1388,'Erica');
INSERT INTO `first_name` VALUES (808,'Erich');
INSERT INTO `first_name` VALUES (443,'Erick');
INSERT INTO `first_name` VALUES (1972,'Ericka');
INSERT INTO `first_name` VALUES (231,'Erik');
INSERT INTO `first_name` VALUES (1517,'Erika');
INSERT INTO `first_name` VALUES (802,'Erin');
INSERT INTO `first_name` VALUES (2404,'Erlinda');
INSERT INTO `first_name` VALUES (1602,'Erma');
INSERT INTO `first_name` VALUES (2148,'Erna');
INSERT INTO `first_name` VALUES (86,'Ernest');
INSERT INTO `first_name` VALUES (2286,'Ernestina');
INSERT INTO `first_name` VALUES (1628,'Ernestine');
INSERT INTO `first_name` VALUES (335,'Ernesto');
INSERT INTO `first_name` VALUES (560,'Ernie');
INSERT INTO `first_name` VALUES (764,'Errol');
INSERT INTO `first_name` VALUES (433,'Ervin');
INSERT INTO `first_name` VALUES (555,'Erwin');
INSERT INTO `first_name` VALUES (1998,'Esmeralda');
INSERT INTO `first_name` VALUES (1809,'Esperanza');
INSERT INTO `first_name` VALUES (1693,'Essie');
INSERT INTO `first_name` VALUES (590,'Esteban');
INSERT INTO `first_name` VALUES (1955,'Estela');
INSERT INTO `first_name` VALUES (1760,'Estella');
INSERT INTO `first_name` VALUES (1636,'Estelle');
INSERT INTO `first_name` VALUES (1839,'Ester');
INSERT INTO `first_name` VALUES (1351,'Esther');
INSERT INTO `first_name` VALUES (528,'Ethan');
INSERT INTO `first_name` VALUES (1344,'Ethel');
INSERT INTO `first_name` VALUES (1755,'Etta');
INSERT INTO `first_name` VALUES (80,'Eugene');
INSERT INTO `first_name` VALUES (1782,'Eugenia');
INSERT INTO `first_name` VALUES (838,'Eugenio');
INSERT INTO `first_name` VALUES (1657,'Eula');
INSERT INTO `first_name` VALUES (1545,'Eunice');
INSERT INTO `first_name` VALUES (1064,'Eusebio');
INSERT INTO `first_name` VALUES (1359,'Eva');
INSERT INTO `first_name` VALUES (312,'Evan');
INSERT INTO `first_name` VALUES (2145,'Evangelina');
INSERT INTO `first_name` VALUES (2068,'Evangeline');
INSERT INTO `first_name` VALUES (2000,'Eve');
INSERT INTO `first_name` VALUES (1276,'Evelyn');
INSERT INTO `first_name` VALUES (261,'Everett');
INSERT INTO `first_name` VALUES (866,'Everette');
INSERT INTO `first_name` VALUES (1075,'Ezekiel');
INSERT INTO `first_name` VALUES (1100,'Ezequiel');
INSERT INTO `first_name` VALUES (847,'Ezra');
INSERT INTO `first_name` VALUES (630,'Fabian');
INSERT INTO `first_name` VALUES (1703,'Faith');
INSERT INTO `first_name` VALUES (1563,'Fannie');
INSERT INTO `first_name` VALUES (2193,'Fanny');
INSERT INTO `first_name` VALUES (2297,'Fatima');
INSERT INTO `first_name` VALUES (924,'Faustino');
INSERT INTO `first_name` VALUES (1132,'Fausto');
INSERT INTO `first_name` VALUES (1804,'Fay');
INSERT INTO `first_name` VALUES (1528,'Faye');
INSERT INTO `first_name` VALUES (678,'Federico');
INSERT INTO `first_name` VALUES (2211,'Felecia');
INSERT INTO `first_name` VALUES (1502,'Felicia');
INSERT INTO `first_name` VALUES (370,'Felipe');
INSERT INTO `first_name` VALUES (259,'Felix');
INSERT INTO `first_name` VALUES (1099,'Felton');
INSERT INTO `first_name` VALUES (845,'Ferdinand');
INSERT INTO `first_name` VALUES (1038,'Fermin');
INSERT INTO `first_name` VALUES (1771,'Fern');
INSERT INTO `first_name` VALUES (238,'Fernando');
INSERT INTO `first_name` VALUES (610,'Fidel');
INSERT INTO `first_name` VALUES (1143,'Filiberto');
INSERT INTO `first_name` VALUES (762,'Fletcher');
INSERT INTO `first_name` VALUES (1572,'Flora');
INSERT INTO `first_name` VALUES (1326,'Florence');
INSERT INTO `first_name` VALUES (1011,'Florencio');
INSERT INTO `first_name` VALUES (1077,'Florentino');
INSERT INTO `first_name` VALUES (2189,'Florine');
INSERT INTO `first_name` VALUES (1945,'Flossie');
INSERT INTO `first_name` VALUES (167,'Floyd');
INSERT INTO `first_name` VALUES (817,'Forest');
INSERT INTO `first_name` VALUES (401,'Forrest');
INSERT INTO `first_name` VALUES (923,'Foster');
INSERT INTO `first_name` VALUES (2084,'Fran');
INSERT INTO `first_name` VALUES (962,'Frances');
INSERT INTO `first_name` VALUES (2185,'Francesca');
INSERT INTO `first_name` VALUES (1138,'Francesco');
INSERT INTO `first_name` VALUES (1733,'Francine');
INSERT INTO `first_name` VALUES (127,'Francis');
INSERT INTO `first_name` VALUES (1761,'Francisca');
INSERT INTO `first_name` VALUES (145,'Francisco');
INSERT INTO `first_name` VALUES (31,'Frank');
INSERT INTO `first_name` VALUES (444,'Frankie');
INSERT INTO `first_name` VALUES (216,'Franklin');
INSERT INTO `first_name` VALUES (1197,'Franklyn');
INSERT INTO `first_name` VALUES (71,'Fred');
INSERT INTO `first_name` VALUES (1651,'Freda');
INSERT INTO `first_name` VALUES (299,'Freddie');
INSERT INTO `first_name` VALUES (533,'Freddy');
INSERT INTO `first_name` VALUES (720,'Frederic');
INSERT INTO `first_name` VALUES (131,'Frederick');
INSERT INTO `first_name` VALUES (992,'Fredric');
INSERT INTO `first_name` VALUES (303,'Fredrick');
INSERT INTO `first_name` VALUES (801,'Freeman');
INSERT INTO `first_name` VALUES (2154,'Freida');
INSERT INTO `first_name` VALUES (1870,'Frieda');
INSERT INTO `first_name` VALUES (905,'Fritz');
INSERT INTO `first_name` VALUES (220,'Gabriel');
INSERT INTO `first_name` VALUES (1847,'Gabriela');
INSERT INTO `first_name` VALUES (1878,'Gabrielle');
INSERT INTO `first_name` VALUES (868,'Gail');
INSERT INTO `first_name` VALUES (784,'Gale');
INSERT INTO `first_name` VALUES (714,'Galen');
INSERT INTO `first_name` VALUES (1049,'Garfield');
INSERT INTO `first_name` VALUES (518,'Garland');
INSERT INTO `first_name` VALUES (1131,'Garret');
INSERT INTO `first_name` VALUES (388,'Garrett');
INSERT INTO `first_name` VALUES (367,'Garry');
INSERT INTO `first_name` VALUES (795,'Garth');
INSERT INTO `first_name` VALUES (26,'Gary');
INSERT INTO `first_name` VALUES (1142,'Gaston');
INSERT INTO `first_name` VALUES (685,'Gavin');
INSERT INTO `first_name` VALUES (2014,'Gay');
INSERT INTO `first_name` VALUES (2246,'Gayla');
INSERT INTO `first_name` VALUES (1130,'Gayle');
INSERT INTO `first_name` VALUES (1141,'Gaylord');
INSERT INTO `first_name` VALUES (2098,'Gena');
INSERT INTO `first_name` VALUES (783,'Genaro');
INSERT INTO `first_name` VALUES (200,'Gene');
INSERT INTO `first_name` VALUES (1522,'Geneva');
INSERT INTO `first_name` VALUES (1552,'Genevieve');
INSERT INTO `first_name` VALUES (368,'Geoffrey');
INSERT INTO `first_name` VALUES (16,'George');
INSERT INTO `first_name` VALUES (2082,'Georgette');
INSERT INTO `first_name` VALUES (1450,'Georgia');
INSERT INTO `first_name` VALUES (1936,'Georgina');
INSERT INTO `first_name` VALUES (58,'Gerald');
INSERT INTO `first_name` VALUES (1380,'Geraldine');
INSERT INTO `first_name` VALUES (1024,'Geraldo');
INSERT INTO `first_name` VALUES (322,'Gerard');
INSERT INTO `first_name` VALUES (372,'Gerardo');
INSERT INTO `first_name` VALUES (2268,'Geri');
INSERT INTO `first_name` VALUES (2224,'Germaine');
INSERT INTO `first_name` VALUES (756,'German');
INSERT INTO `first_name` VALUES (649,'Gerry');
INSERT INTO `first_name` VALUES (1426,'Gertrude');
INSERT INTO `first_name` VALUES (883,'Gil');
INSERT INTO `first_name` VALUES (199,'Gilbert');
INSERT INTO `first_name` VALUES (425,'Gilberto');
INSERT INTO `first_name` VALUES (2177,'Gilda');
INSERT INTO `first_name` VALUES (1432,'Gina');
INSERT INTO `first_name` VALUES (1647,'Ginger');
INSERT INTO `first_name` VALUES (927,'Gino');
INSERT INTO `first_name` VALUES (794,'Giovanni');
INSERT INTO `first_name` VALUES (2411,'Gisela');
INSERT INTO `first_name` VALUES (1016,'Giuseppe');
INSERT INTO `first_name` VALUES (1322,'Gladys');
INSERT INTO `first_name` VALUES (188,'Glen');
INSERT INTO `first_name` VALUES (1461,'Glenda');
INSERT INTO `first_name` VALUES (117,'Glenn');
INSERT INTO `first_name` VALUES (1846,'Glenna');
INSERT INTO `first_name` VALUES (1275,'Gloria');
INSERT INTO `first_name` VALUES (1784,'Goldie');
INSERT INTO `first_name` VALUES (646,'Gonzalo');
INSERT INTO `first_name` VALUES (172,'Gordon');
INSERT INTO `first_name` VALUES (1333,'Grace');
INSERT INTO `first_name` VALUES (1857,'Gracie');
INSERT INTO `first_name` VALUES (1841,'Graciela');
INSERT INTO `first_name` VALUES (459,'Grady');
INSERT INTO `first_name` VALUES (633,'Graham');
INSERT INTO `first_name` VALUES (1196,'Graig');
INSERT INTO `first_name` VALUES (343,'Grant');
INSERT INTO `first_name` VALUES (1146,'Granville');
INSERT INTO `first_name` VALUES (174,'Greg');
INSERT INTO `first_name` VALUES (392,'Gregg');
INSERT INTO `first_name` VALUES (585,'Gregorio');
INSERT INTO `first_name` VALUES (37,'Gregory');
INSERT INTO `first_name` VALUES (1947,'Greta');
INSERT INTO `first_name` VALUES (1663,'Gretchen');
INSERT INTO `first_name` VALUES (2285,'Griselda');
INSERT INTO `first_name` VALUES (543,'Grover');
INSERT INTO `first_name` VALUES (405,'Guadalupe');
INSERT INTO `first_name` VALUES (2339,'Guillermina');
INSERT INTO `first_name` VALUES (379,'Guillermo');
INSERT INTO `first_name` VALUES (637,'Gus');
INSERT INTO `first_name` VALUES (2257,'Gussie');
INSERT INTO `first_name` VALUES (418,'Gustavo');
INSERT INTO `first_name` VALUES (252,'Guy');
INSERT INTO `first_name` VALUES (1670,'Gwen');
INSERT INTO `first_name` VALUES (1483,'Gwendolyn');
INSERT INTO `first_name` VALUES (1214,'Hai');
INSERT INTO `first_name` VALUES (601,'Hal');
INSERT INTO `first_name` VALUES (1941,'Haley');
INSERT INTO `first_name` VALUES (2147,'Hallie');
INSERT INTO `first_name` VALUES (983,'Hank');
INSERT INTO `first_name` VALUES (2331,'Hanna');
INSERT INTO `first_name` VALUES (1586,'Hannah');
INSERT INTO `first_name` VALUES (557,'Hans');
INSERT INTO `first_name` VALUES (580,'Harlan');
INSERT INTO `first_name` VALUES (1180,'Harland');
INSERT INTO `first_name` VALUES (526,'Harley');
INSERT INTO `first_name` VALUES (44,'Harold');
INSERT INTO `first_name` VALUES (1535,'Harriet');
INSERT INTO `first_name` VALUES (1988,'Harriett');
INSERT INTO `first_name` VALUES (730,'Harris');
INSERT INTO `first_name` VALUES (568,'Harrison');
INSERT INTO `first_name` VALUES (70,'Harry');
INSERT INTO `first_name` VALUES (225,'Harvey');
INSERT INTO `first_name` VALUES (1015,'Hassan');
INSERT INTO `first_name` VALUES (1534,'Hattie');
INSERT INTO `first_name` VALUES (1179,'Hayden');
INSERT INTO `first_name` VALUES (1074,'Haywood');
INSERT INTO `first_name` VALUES (1357,'Hazel');
INSERT INTO `first_name` VALUES (524,'Heath');
INSERT INTO `first_name` VALUES (1272,'Heather');
INSERT INTO `first_name` VALUES (189,'Hector');
INSERT INTO `first_name` VALUES (1460,'Heidi');
INSERT INTO `first_name` VALUES (1234,'Helen');
INSERT INTO `first_name` VALUES (1813,'Helena');
INSERT INTO `first_name` VALUES (1770,'Helene');
INSERT INTO `first_name` VALUES (2176,'Helga');
INSERT INTO `first_name` VALUES (1666,'Henrietta');
INSERT INTO `first_name` VALUES (46,'Henry');
INSERT INTO `first_name` VALUES (1109,'Herb');
INSERT INTO `first_name` VALUES (130,'Herbert');
INSERT INTO `first_name` VALUES (680,'Heriberto');
INSERT INTO `first_name` VALUES (183,'Herman');
INSERT INTO `first_name` VALUES (2217,'Herminia');
INSERT INTO `first_name` VALUES (792,'Herschel');
INSERT INTO `first_name` VALUES (876,'Hershel');
INSERT INTO `first_name` VALUES (2157,'Hester');
INSERT INTO `first_name` VALUES (950,'Hilario');
INSERT INTO `first_name` VALUES (1954,'Hilary');
INSERT INTO `first_name` VALUES (1482,'Hilda');
INSERT INTO `first_name` VALUES (2007,'Hillary');
INSERT INTO `first_name` VALUES (1031,'Hilton');
INSERT INTO `first_name` VALUES (1037,'Hipolito');
INSERT INTO `first_name` VALUES (666,'Hiram');
INSERT INTO `first_name` VALUES (1187,'Hobert');
INSERT INTO `first_name` VALUES (2181,'Hollie');
INSERT INTO `first_name` VALUES (707,'Hollis');
INSERT INTO `first_name` VALUES (1405,'Holly');
INSERT INTO `first_name` VALUES (321,'Homer');
INSERT INTO `first_name` VALUES (1126,'Hong');
INSERT INTO `first_name` VALUES (1646,'Hope');
INSERT INTO `first_name` VALUES (344,'Horace');
INSERT INTO `first_name` VALUES (972,'Horacio');
INSERT INTO `first_name` VALUES (2317,'Hortencia');
INSERT INTO `first_name` VALUES (1163,'Hosea');
INSERT INTO `first_name` VALUES (779,'Houston');
INSERT INTO `first_name` VALUES (79,'Howard');
INSERT INTO `first_name` VALUES (1073,'Hoyt');
INSERT INTO `first_name` VALUES (325,'Hubert');
INSERT INTO `first_name` VALUES (1030,'Huey');
INSERT INTO `first_name` VALUES (254,'Hugh');
INSERT INTO `first_name` VALUES (438,'Hugo');
INSERT INTO `first_name` VALUES (511,'Humberto');
INSERT INTO `first_name` VALUES (789,'Hung');
INSERT INTO `first_name` VALUES (735,'Hunter');
INSERT INTO `first_name` VALUES (1098,'Hyman');
INSERT INTO `first_name` VALUES (263,'Ian');
INSERT INTO `first_name` VALUES (1402,'Ida');
INSERT INTO `first_name` VALUES (439,'Ignacio');
INSERT INTO `first_name` VALUES (1105,'Ike');
INSERT INTO `first_name` VALUES (1946,'Ila');
INSERT INTO `first_name` VALUES (2051,'Ilene');
INSERT INTO `first_name` VALUES (2107,'Imelda');
INSERT INTO `first_name` VALUES (1842,'Imogene');
INSERT INTO `first_name` VALUES (1775,'Ina');
INSERT INTO `first_name` VALUES (2399,'India');
INSERT INTO `first_name` VALUES (2195,'Ines');
INSERT INTO `first_name` VALUES (1547,'Inez');
INSERT INTO `first_name` VALUES (1780,'Ingrid');
INSERT INTO `first_name` VALUES (2280,'Iola');
INSERT INTO `first_name` VALUES (2330,'Iona');
INSERT INTO `first_name` VALUES (2410,'Ione');
INSERT INTO `first_name` VALUES (351,'Ira');
INSERT INTO `first_name` VALUES (1295,'Irene');
INSERT INTO `first_name` VALUES (1544,'Iris');
INSERT INTO `first_name` VALUES (1474,'Irma');
INSERT INTO `first_name` VALUES (473,'Irvin');
INSERT INTO `first_name` VALUES (407,'Irving');
INSERT INTO `first_name` VALUES (723,'Irwin');
INSERT INTO `first_name` VALUES (277,'Isaac');
INSERT INTO `first_name` VALUES (1532,'Isabel');
INSERT INTO `first_name` VALUES (2409,'Isabell');
INSERT INTO `first_name` VALUES (2216,'Isabella');
INSERT INTO `first_name` VALUES (1830,'Isabelle');
INSERT INTO `first_name` VALUES (635,'Isaiah');
INSERT INTO `first_name` VALUES (1036,'Isaias');
INSERT INTO `first_name` VALUES (861,'Isiah');
INSERT INTO `first_name` VALUES (715,'Isidro');
INSERT INTO `first_name` VALUES (429,'Ismael');
INSERT INTO `first_name` VALUES (399,'Israel');
INSERT INTO `first_name` VALUES (1129,'Isreal');
INSERT INTO `first_name` VALUES (698,'Issac');
INSERT INTO `first_name` VALUES (1781,'Iva');
INSERT INTO `first_name` VALUES (272,'Ivan');
INSERT INTO `first_name` VALUES (2352,'Ivette');
INSERT INTO `first_name` VALUES (899,'Ivory');
INSERT INTO `first_name` VALUES (1916,'Ivy');
INSERT INTO `first_name` VALUES (1195,'Jacinto');
INSERT INTO `first_name` VALUES (53,'Jack');
INSERT INTO `first_name` VALUES (306,'Jackie');
INSERT INTO `first_name` VALUES (2153,'Jacklyn');
INSERT INTO `first_name` VALUES (615,'Jackson');
INSERT INTO `first_name` VALUES (1856,'Jaclyn');
INSERT INTO `first_name` VALUES (122,'Jacob');
INSERT INTO `first_name` VALUES (1305,'Jacqueline');
INSERT INTO `first_name` VALUES (1601,'Jacquelyn');
INSERT INTO `first_name` VALUES (763,'Jacques');
INSERT INTO `first_name` VALUES (2276,'Jacquline');
INSERT INTO `first_name` VALUES (2222,'Jade');
INSERT INTO `first_name` VALUES (1140,'Jae');
INSERT INTO `first_name` VALUES (267,'Jaime');
INSERT INTO `first_name` VALUES (419,'Jake');
INSERT INTO `first_name` VALUES (917,'Jamaal');
INSERT INTO `first_name` VALUES (565,'Jamal');
INSERT INTO `first_name` VALUES (859,'Jamar');
INSERT INTO `first_name` VALUES (782,'Jame');
INSERT INTO `first_name` VALUES (822,'Jamel');
INSERT INTO `first_name` VALUES (1,'James');
INSERT INTO `first_name` VALUES (1042,'Jamey');
INSERT INTO `first_name` VALUES (1973,'Jami');
INSERT INTO `first_name` VALUES (233,'Jamie');
INSERT INTO `first_name` VALUES (1010,'Jamison');
INSERT INTO `first_name` VALUES (489,'Jan');
INSERT INTO `first_name` VALUES (1668,'Jana');
INSERT INTO `first_name` VALUES (1296,'Jane');
INSERT INTO `first_name` VALUES (2355,'Janel');
INSERT INTO `first_name` VALUES (2194,'Janell');
INSERT INTO `first_name` VALUES (1767,'Janelle');
INSERT INTO `first_name` VALUES (1264,'Janet');
INSERT INTO `first_name` VALUES (1792,'Janette');
INSERT INTO `first_name` VALUES (1285,'Janice');
INSERT INTO `first_name` VALUES (1555,'Janie');
INSERT INTO `first_name` VALUES (1819,'Janine');
INSERT INTO `first_name` VALUES (1648,'Janis');
INSERT INTO `first_name` VALUES (2114,'Janna');
INSERT INTO `first_name` VALUES (2163,'Jannie');
INSERT INTO `first_name` VALUES (2292,'Jaqueline');
INSERT INTO `first_name` VALUES (226,'Jared');
INSERT INTO `first_name` VALUES (1108,'Jarod');
INSERT INTO `first_name` VALUES (932,'Jarred');
INSERT INTO `first_name` VALUES (828,'Jarrett');
INSERT INTO `first_name` VALUES (575,'Jarrod');
INSERT INTO `first_name` VALUES (696,'Jarvis');
INSERT INTO `first_name` VALUES (2251,'Jasmin');
INSERT INTO `first_name` VALUES (1623,'Jasmine');
INSERT INTO `first_name` VALUES (24,'Jason');
INSERT INTO `first_name` VALUES (553,'Jasper');
INSERT INTO `first_name` VALUES (237,'Javier');
INSERT INTO `first_name` VALUES (152,'Jay');
INSERT INTO `first_name` VALUES (2437,'Jayme');
INSERT INTO `first_name` VALUES (1855,'Jayne');
INSERT INTO `first_name` VALUES (689,'Jayson');
INSERT INTO `first_name` VALUES (1072,'Jc');
INSERT INTO `first_name` VALUES (350,'Jean');
INSERT INTO `first_name` VALUES (1410,'Jeanette');
INSERT INTO `first_name` VALUES (1985,'Jeanie');
INSERT INTO `first_name` VALUES (1867,'Jeanine');
INSERT INTO `first_name` VALUES (2313,'Jeanna');
INSERT INTO `first_name` VALUES (1419,'Jeanne');
INSERT INTO `first_name` VALUES (1583,'Jeannette');
INSERT INTO `first_name` VALUES (1698,'Jeannie');
INSERT INTO `first_name` VALUES (1902,'Jeannine');
INSERT INTO `first_name` VALUES (961,'Jed');
INSERT INTO `first_name` VALUES (120,'Jeff');
INSERT INTO `first_name` VALUES (999,'Jefferey');
INSERT INTO `first_name` VALUES (662,'Jefferson');
INSERT INTO `first_name` VALUES (118,'Jeffery');
INSERT INTO `first_name` VALUES (30,'Jeffrey');
INSERT INTO `first_name` VALUES (620,'Jeffry');
INSERT INTO `first_name` VALUES (2308,'Jena');
INSERT INTO `first_name` VALUES (1787,'Jenifer');
INSERT INTO `first_name` VALUES (1672,'Jenna');
INSERT INTO `first_name` VALUES (1484,'Jennie');
INSERT INTO `first_name` VALUES (1225,'Jennifer');
INSERT INTO `first_name` VALUES (1501,'Jenny');
INSERT INTO `first_name` VALUES (499,'Jerald');
INSERT INTO `first_name` VALUES (1203,'Jeramy');
INSERT INTO `first_name` VALUES (1213,'Jere');
INSERT INTO `first_name` VALUES (311,'Jeremiah');
INSERT INTO `first_name` VALUES (76,'Jeremy');
INSERT INTO `first_name` VALUES (1921,'Jeri');
INSERT INTO `first_name` VALUES (400,'Jermaine');
INSERT INTO `first_name` VALUES (904,'Jerold');
INSERT INTO `first_name` VALUES (166,'Jerome');
INSERT INTO `first_name` VALUES (1186,'Jeromy');
INSERT INTO `first_name` VALUES (1185,'Jerrell');
INSERT INTO `first_name` VALUES (2020,'Jerri');
INSERT INTO `first_name` VALUES (874,'Jerrod');
INSERT INTO `first_name` VALUES (981,'Jerrold');
INSERT INTO `first_name` VALUES (39,'Jerry');
INSERT INTO `first_name` VALUES (509,'Jess');
INSERT INTO `first_name` VALUES (89,'Jesse');
INSERT INTO `first_name` VALUES (1245,'Jessica');
INSERT INTO `first_name` VALUES (235,'Jessie');
INSERT INTO `first_name` VALUES (129,'Jesus');
INSERT INTO `first_name` VALUES (1212,'Jewel');
INSERT INTO `first_name` VALUES (1178,'Jewell');
INSERT INTO `first_name` VALUES (1378,'Jill');
INSERT INTO `first_name` VALUES (1805,'Jillian');
INSERT INTO `first_name` VALUES (153,'Jim');
INSERT INTO `first_name` VALUES (260,'Jimmie');
INSERT INTO `first_name` VALUES (99,'Jimmy');
INSERT INTO `first_name` VALUES (1469,'Jo');
INSERT INTO `first_name` VALUES (759,'Joan');
INSERT INTO `first_name` VALUES (1383,'Joann');
INSERT INTO `first_name` VALUES (1543,'Joanna');
INSERT INTO `first_name` VALUES (1366,'Joanne');
INSERT INTO `first_name` VALUES (579,'Joaquin');
INSERT INTO `first_name` VALUES (1832,'Jocelyn');
INSERT INTO `first_name` VALUES (1554,'Jodi');
INSERT INTO `first_name` VALUES (1882,'Jodie');
INSERT INTO `first_name` VALUES (432,'Jody');
INSERT INTO `first_name` VALUES (51,'Joe');
INSERT INTO `first_name` VALUES (133,'Joel');
INSERT INTO `first_name` VALUES (622,'Joesph');
INSERT INTO `first_name` VALUES (307,'Joey');
INSERT INTO `first_name` VALUES (1705,'Johanna');
INSERT INTO `first_name` VALUES (2,'John');
INSERT INTO `first_name` VALUES (354,'Johnathan');
INSERT INTO `first_name` VALUES (718,'Johnathon');
INSERT INTO `first_name` VALUES (827,'Johnie');
INSERT INTO `first_name` VALUES (273,'Johnnie');
INSERT INTO `first_name` VALUES (97,'Johnny');
INSERT INTO `first_name` VALUES (1128,'Johnson');
INSERT INTO `first_name` VALUES (1843,'Jolene');
INSERT INTO `first_name` VALUES (157,'Jon');
INSERT INTO `first_name` VALUES (980,'Jonah');
INSERT INTO `first_name` VALUES (816,'Jonas');
INSERT INTO `first_name` VALUES (55,'Jonathan');
INSERT INTO `first_name` VALUES (369,'Jonathon');
INSERT INTO `first_name` VALUES (1834,'Joni');
INSERT INTO `first_name` VALUES (262,'Jordan');
INSERT INTO `first_name` VALUES (1088,'Jordon');
INSERT INTO `first_name` VALUES (175,'Jorge');
INSERT INTO `first_name` VALUES (28,'Jose');
INSERT INTO `first_name` VALUES (867,'Josef');
INSERT INTO `first_name` VALUES (2118,'Josefa');
INSERT INTO `first_name` VALUES (1697,'Josefina');
INSERT INTO `first_name` VALUES (9,'Joseph');
INSERT INTO `first_name` VALUES (1340,'Josephine');
INSERT INTO `first_name` VALUES (437,'Josh');
INSERT INTO `first_name` VALUES (38,'Joshua');
INSERT INTO `first_name` VALUES (913,'Josiah');
INSERT INTO `first_name` VALUES (1762,'Josie');
INSERT INTO `first_name` VALUES (1159,'Jospeh');
INSERT INTO `first_name` VALUES (767,'Josue');
INSERT INTO `first_name` VALUES (1449,'Joy');
INSERT INTO `first_name` VALUES (1268,'Joyce');
INSERT INTO `first_name` VALUES (52,'Juan');
INSERT INTO `first_name` VALUES (1582,'Juana');
INSERT INTO `first_name` VALUES (1354,'Juanita');
INSERT INTO `first_name` VALUES (1114,'Jude');
INSERT INTO `first_name` VALUES (2234,'Judi');
INSERT INTO `first_name` VALUES (1283,'Judith');
INSERT INTO `first_name` VALUES (926,'Judson');
INSERT INTO `first_name` VALUES (1288,'Judy');
INSERT INTO `first_name` VALUES (882,'Jules');
INSERT INTO `first_name` VALUES (1308,'Julia');
INSERT INTO `first_name` VALUES (276,'Julian');
INSERT INTO `first_name` VALUES (2063,'Juliana');
INSERT INTO `first_name` VALUES (2037,'Julianne');
INSERT INTO `first_name` VALUES (1271,'Julie');
INSERT INTO `first_name` VALUES (2152,'Juliet');
INSERT INTO `first_name` VALUES (2115,'Juliette');
INSERT INTO `first_name` VALUES (247,'Julio');
INSERT INTO `first_name` VALUES (313,'Julius');
INSERT INTO `first_name` VALUES (1395,'June');
INSERT INTO `first_name` VALUES (532,'Junior');
INSERT INTO `first_name` VALUES (56,'Justin');
INSERT INTO `first_name` VALUES (2256,'Justina');
INSERT INTO `first_name` VALUES (1887,'Justine');
INSERT INTO `first_name` VALUES (2187,'Kaitlin');
INSERT INTO `first_name` VALUES (2262,'Kaitlyn');
INSERT INTO `first_name` VALUES (1600,'Kara');
INSERT INTO `first_name` VALUES (858,'Kareem');
INSERT INTO `first_name` VALUES (1232,'Karen');
INSERT INTO `first_name` VALUES (1635,'Kari');
INSERT INTO `first_name` VALUES (1765,'Karin');
INSERT INTO `first_name` VALUES (1999,'Karina');
INSERT INTO `first_name` VALUES (228,'Karl');
INSERT INTO `first_name` VALUES (1589,'Karla');
INSERT INTO `first_name` VALUES (2363,'Karrie');
INSERT INTO `first_name` VALUES (2140,'Karyn');
INSERT INTO `first_name` VALUES (1177,'Kasey');
INSERT INTO `first_name` VALUES (1683,'Kate');
INSERT INTO `first_name` VALUES (2101,'Katelyn');
INSERT INTO `first_name` VALUES (1880,'Katharine');
INSERT INTO `first_name` VALUES (1280,'Katherine');
INSERT INTO `first_name` VALUES (2170,'Katheryn');
INSERT INTO `first_name` VALUES (2245,'Kathi');
INSERT INTO `first_name` VALUES (2075,'Kathie');
INSERT INTO `first_name` VALUES (1255,'Kathleen');
INSERT INTO `first_name` VALUES (2047,'Kathrine');
INSERT INTO `first_name` VALUES (1301,'Kathryn');
INSERT INTO `first_name` VALUES (1290,'Kathy');
INSERT INTO `first_name` VALUES (1412,'Katie');
INSERT INTO `first_name` VALUES (2166,'Katina');
INSERT INTO `first_name` VALUES (1518,'Katrina');
INSERT INTO `first_name` VALUES (2036,'Katy');
INSERT INTO `first_name` VALUES (1491,'Kay');
INSERT INTO `first_name` VALUES (2056,'Kaye');
INSERT INTO `first_name` VALUES (1557,'Kayla');
INSERT INTO `first_name` VALUES (1021,'Keenan');
INSERT INTO `first_name` VALUES (1844,'Keisha');
INSERT INTO `first_name` VALUES (59,'Keith');
INSERT INTO `first_name` VALUES (1082,'Kelley');
INSERT INTO `first_name` VALUES (1585,'Kelli');
INSERT INTO `first_name` VALUES (1686,'Kellie');
INSERT INTO `first_name` VALUES (248,'Kelly');
INSERT INTO `first_name` VALUES (1774,'Kelsey');
INSERT INTO `first_name` VALUES (358,'Kelvin');
INSERT INTO `first_name` VALUES (265,'Ken');
INSERT INTO `first_name` VALUES (538,'Kendall');
INSERT INTO `first_name` VALUES (1622,'Kendra');
INSERT INTO `first_name` VALUES (605,'Kendrick');
INSERT INTO `first_name` VALUES (1194,'Keneth');
INSERT INTO `first_name` VALUES (17,'Kenneth');
INSERT INTO `first_name` VALUES (804,'Kennith');
INSERT INTO `first_name` VALUES (324,'Kenny');
INSERT INTO `first_name` VALUES (293,'Kent');
INSERT INTO `first_name` VALUES (987,'Kenton');
INSERT INTO `first_name` VALUES (2043,'Kenya');
INSERT INTO `first_name` VALUES (1848,'Keri');
INSERT INTO `first_name` VALUES (588,'Kermit');
INSERT INTO `first_name` VALUES (1757,'Kerri');
INSERT INTO `first_name` VALUES (346,'Kerry');
INSERT INTO `first_name` VALUES (949,'Keven');
INSERT INTO `first_name` VALUES (23,'Kevin');
INSERT INTO `first_name` VALUES (898,'Kieth');
INSERT INTO `first_name` VALUES (397,'Kim');
INSERT INTO `first_name` VALUES (2250,'Kimberlee');
INSERT INTO `first_name` VALUES (1811,'Kimberley');
INSERT INTO `first_name` VALUES (1243,'Kimberly');
INSERT INTO `first_name` VALUES (1055,'King');
INSERT INTO `first_name` VALUES (995,'Kip');
INSERT INTO `first_name` VALUES (2384,'Kira');
INSERT INTO `first_name` VALUES (722,'Kirby');
INSERT INTO `first_name` VALUES (288,'Kirk');
INSERT INTO `first_name` VALUES (1851,'Kirsten');
INSERT INTO `first_name` VALUES (2416,'Kisha');
INSERT INTO `first_name` VALUES (2206,'Kitty');
INSERT INTO `first_name` VALUES (1158,'Korey');
INSERT INTO `first_name` VALUES (947,'Kory');
INSERT INTO `first_name` VALUES (1184,'Kraig');
INSERT INTO `first_name` VALUES (634,'Kris');
INSERT INTO `first_name` VALUES (1607,'Krista');
INSERT INTO `first_name` VALUES (1413,'Kristen');
INSERT INTO `first_name` VALUES (1538,'Kristi');
INSERT INTO `first_name` VALUES (1719,'Kristie');
INSERT INTO `first_name` VALUES (1433,'Kristin');
INSERT INTO `first_name` VALUES (1509,'Kristina');
INSERT INTO `first_name` VALUES (1561,'Kristine');
INSERT INTO `first_name` VALUES (1173,'Kristofer');
INSERT INTO `first_name` VALUES (414,'Kristopher');
INSERT INTO `first_name` VALUES (1574,'Kristy');
INSERT INTO `first_name` VALUES (1632,'Krystal');
INSERT INTO `first_name` VALUES (2279,'Krystle');
INSERT INTO `first_name` VALUES (249,'Kurt');
INSERT INTO `first_name` VALUES (734,'Kurtis');
INSERT INTO `first_name` VALUES (126,'Kyle');
INSERT INTO `first_name` VALUES (2427,'Kylie');
INSERT INTO `first_name` VALUES (1845,'Lacey');
INSERT INTO `first_name` VALUES (1063,'Lacy');
INSERT INTO `first_name` VALUES (1906,'Ladonna');
INSERT INTO `first_name` VALUES (2087,'Lakeisha');
INSERT INTO `first_name` VALUES (2267,'Lakesha');
INSERT INTO `first_name` VALUES (2039,'Lakisha');
INSERT INTO `first_name` VALUES (462,'Lamar');
INSERT INTO `first_name` VALUES (516,'Lamont');
INSERT INTO `first_name` VALUES (1689,'Lana');
INSERT INTO `first_name` VALUES (245,'Lance');
INSERT INTO `first_name` VALUES (749,'Landon');
INSERT INTO `first_name` VALUES (729,'Lane');
INSERT INTO `first_name` VALUES (857,'Lanny');
INSERT INTO `first_name` VALUES (1914,'Lara');
INSERT INTO `first_name` VALUES (2396,'Larissa');
INSERT INTO `first_name` VALUES (29,'Larry');
INSERT INTO `first_name` VALUES (2372,'Lashawn');
INSERT INTO `first_name` VALUES (2233,'Lashonda');
INSERT INTO `first_name` VALUES (2247,'Latanya');
INSERT INTO `first_name` VALUES (1727,'Latasha');
INSERT INTO `first_name` VALUES (1934,'Latisha');
INSERT INTO `first_name` VALUES (1793,'Latonya');
INSERT INTO `first_name` VALUES (1591,'Latoya');
INSERT INTO `first_name` VALUES (2306,'Latrice');
INSERT INTO `first_name` VALUES (1241,'Laura');
INSERT INTO `first_name` VALUES (1769,'Laurel');
INSERT INTO `first_name` VALUES (1202,'Lauren');
INSERT INTO `first_name` VALUES (428,'Laurence');
INSERT INTO `first_name` VALUES (2426,'Lauretta');
INSERT INTO `first_name` VALUES (2175,'Lauri');
INSERT INTO `first_name` VALUES (1411,'Laurie');
INSERT INTO `first_name` VALUES (880,'Lavern');
INSERT INTO `first_name` VALUES (788,'Laverne');
INSERT INTO `first_name` VALUES (2050,'Lavonne');
INSERT INTO `first_name` VALUES (2071,'Lawanda');
INSERT INTO `first_name` VALUES (1052,'Lawerence');
INSERT INTO `first_name` VALUES (63,'Lawrence');
INSERT INTO `first_name` VALUES (823,'Lazaro');
INSERT INTO `first_name` VALUES (1884,'Lea');
INSERT INTO `first_name` VALUES (1489,'Leah');
INSERT INTO `first_name` VALUES (1183,'Leandro');
INSERT INTO `first_name` VALUES (1938,'Leann');
INSERT INTO `first_name` VALUES (2133,'Leanna');
INSERT INTO `first_name` VALUES (1901,'Leanne');
INSERT INTO `first_name` VALUES (123,'Lee');
INSERT INTO `first_name` VALUES (2241,'Leeann');
INSERT INTO `first_name` VALUES (1201,'Leif');
INSERT INTO `first_name` VALUES (1127,'Leigh');
INSERT INTO `first_name` VALUES (1927,'Leila');
INSERT INTO `first_name` VALUES (1704,'Lela');
INSERT INTO `first_name` VALUES (403,'Leland');
INSERT INTO `first_name` VALUES (2159,'Lelia');
INSERT INTO `first_name` VALUES (879,'Lemuel');
INSERT INTO `first_name` VALUES (1104,'Len');
INSERT INTO `first_name` VALUES (1478,'Lena');
INSERT INTO `first_name` VALUES (941,'Lenard');
INSERT INTO `first_name` VALUES (968,'Lenny');
INSERT INTO `first_name` VALUES (1754,'Lenora');
INSERT INTO `first_name` VALUES (1976,'Lenore');
INSERT INTO `first_name` VALUES (168,'Leo');
INSERT INTO `first_name` VALUES (1836,'Leola');
INSERT INTO `first_name` VALUES (162,'Leon');
INSERT INTO `first_name` VALUES (1500,'Leona');
INSERT INTO `first_name` VALUES (107,'Leonard');
INSERT INTO `first_name` VALUES (552,'Leonardo');
INSERT INTO `first_name` VALUES (742,'Leonel');
INSERT INTO `first_name` VALUES (2110,'Leonor');
INSERT INTO `first_name` VALUES (865,'Leopoldo');
INSERT INTO `first_name` VALUES (2348,'Leora');
INSERT INTO `first_name` VALUES (2435,'Leota');
INSERT INTO `first_name` VALUES (144,'Leroy');
INSERT INTO `first_name` VALUES (895,'Les');
INSERT INTO `first_name` VALUES (2213,'Lesa');
INSERT INTO `first_name` VALUES (1172,'Lesley');
INSERT INTO `first_name` VALUES (208,'Leslie');
INSERT INTO `first_name` VALUES (2123,'Lessie');
INSERT INTO `first_name` VALUES (194,'Lester');
INSERT INTO `first_name` VALUES (2210,'Leta');
INSERT INTO `first_name` VALUES (1953,'Letha');
INSERT INTO `first_name` VALUES (1605,'Leticia');
INSERT INTO `first_name` VALUES (2205,'Letitia');
INSERT INTO `first_name` VALUES (2390,'Lettie');
INSERT INTO `first_name` VALUES (416,'Levi');
INSERT INTO `first_name` VALUES (180,'Lewis');
INSERT INTO `first_name` VALUES (2244,'Libby');
INSERT INTO `first_name` VALUES (1964,'Lidia');
INSERT INTO `first_name` VALUES (1688,'Lila');
INSERT INTO `first_name` VALUES (2012,'Lilia');
INSERT INTO `first_name` VALUES (2062,'Lilian');
INSERT INTO `first_name` VALUES (2120,'Liliana');
INSERT INTO `first_name` VALUES (1317,'Lillian');
INSERT INTO `first_name` VALUES (1452,'Lillie');
INSERT INTO `first_name` VALUES (1951,'Lilly');
INSERT INTO `first_name` VALUES (1871,'Lily');
INSERT INTO `first_name` VALUES (2060,'Lina');
INSERT INTO `first_name` VALUES (781,'Lincoln');
INSERT INTO `first_name` VALUES (1222,'Linda');
INSERT INTO `first_name` VALUES (1211,'Lindsay');
INSERT INTO `first_name` VALUES (834,'Lindsey');
INSERT INTO `first_name` VALUES (1107,'Lino');
INSERT INTO `first_name` VALUES (711,'Linwood');
INSERT INTO `first_name` VALUES (420,'Lionel');
INSERT INTO `first_name` VALUES (1230,'Lisa');
INSERT INTO `first_name` VALUES (2174,'Liz');
INSERT INTO `first_name` VALUES (2027,'Liza');
INSERT INTO `first_name` VALUES (1850,'Lizzie');
INSERT INTO `first_name` VALUES (160,'Lloyd');
INSERT INTO `first_name` VALUES (523,'Logan');
INSERT INTO `first_name` VALUES (1310,'Lois');
INSERT INTO `first_name` VALUES (1577,'Lola');
INSERT INTO `first_name` VALUES (2188,'Lolita');
INSERT INTO `first_name` VALUES (800,'Lon');
INSERT INTO `first_name` VALUES (2344,'Lona');
INSERT INTO `first_name` VALUES (1157,'Long');
INSERT INTO `first_name` VALUES (244,'Lonnie');
INSERT INTO `first_name` VALUES (1103,'Lonny');
INSERT INTO `first_name` VALUES (1639,'Lora');
INSERT INTO `first_name` VALUES (1989,'Loraine');
INSERT INTO `first_name` VALUES (376,'Loren');
INSERT INTO `first_name` VALUES (1685,'Lorena');
INSERT INTO `first_name` VALUES (1695,'Lorene');
INSERT INTO `first_name` VALUES (339,'Lorenzo');
INSERT INTO `first_name` VALUES (1408,'Loretta');
INSERT INTO `first_name` VALUES (1297,'Lori');
INSERT INTO `first_name` VALUES (1905,'Lorie');
INSERT INTO `first_name` VALUES (1791,'Lorna');
INSERT INTO `first_name` VALUES (1384,'Lorraine');
INSERT INTO `first_name` VALUES (2403,'Lorri');
INSERT INTO `first_name` VALUES (2019,'Lorrie');
INSERT INTO `first_name` VALUES (1756,'Lottie');
INSERT INTO `first_name` VALUES (1025,'Lou');
INSERT INTO `first_name` VALUES (2209,'Louella');
INSERT INTO `first_name` VALUES (514,'Louie');
INSERT INTO `first_name` VALUES (75,'Louis');
INSERT INTO `first_name` VALUES (2029,'Louisa');
INSERT INTO `first_name` VALUES (1302,'Louise');
INSERT INTO `first_name` VALUES (1768,'Lourdes');
INSERT INTO `first_name` VALUES (391,'Lowell');
INSERT INTO `first_name` VALUES (639,'Loyd');
INSERT INTO `first_name` VALUES (2065,'Luann');
INSERT INTO `first_name` VALUES (381,'Lucas');
INSERT INTO `first_name` VALUES (1701,'Lucia');
INSERT INTO `first_name` VALUES (833,'Luciano');
INSERT INTO `first_name` VALUES (844,'Lucien');
INSERT INTO `first_name` VALUES (1900,'Lucile');
INSERT INTO `first_name` VALUES (1364,'Lucille');
INSERT INTO `first_name` VALUES (1745,'Lucinda');
INSERT INTO `first_name` VALUES (873,'Lucio');
INSERT INTO `first_name` VALUES (1171,'Lucius');
INSERT INTO `first_name` VALUES (2362,'Lucretia');
INSERT INTO `first_name` VALUES (1427,'Lucy');
INSERT INTO `first_name` VALUES (1889,'Luella');
INSERT INTO `first_name` VALUES (1193,'Luigi');
INSERT INTO `first_name` VALUES (104,'Luis');
INSERT INTO `first_name` VALUES (1920,'Luisa');
INSERT INTO `first_name` VALUES (320,'Luke');
INSERT INTO `first_name` VALUES (1576,'Lula');
INSERT INTO `first_name` VALUES (971,'Lupe');
INSERT INTO `first_name` VALUES (309,'Luther');
INSERT INTO `first_name` VALUES (1569,'Luz');
INSERT INTO `first_name` VALUES (1462,'Lydia');
INSERT INTO `first_name` VALUES (328,'Lyle');
INSERT INTO `first_name` VALUES (912,'Lyman');
INSERT INTO `first_name` VALUES (2389,'Lyn');
INSERT INTO `first_name` VALUES (1548,'Lynda');
INSERT INTO `first_name` VALUES (1020,'Lyndon');
INSERT INTO `first_name` VALUES (1654,'Lynette');
INSERT INTO `first_name` VALUES (330,'Lynn');
INSERT INTO `first_name` VALUES (1597,'Lynne');
INSERT INTO `first_name` VALUES (2130,'Lynnette');
INSERT INTO `first_name` VALUES (1210,'Lynwood');
INSERT INTO `first_name` VALUES (2255,'Ma');
INSERT INTO `first_name` VALUES (1475,'Mabel');
INSERT INTO `first_name` VALUES (1627,'Mable');
INSERT INTO `first_name` VALUES (979,'Mac');
INSERT INTO `first_name` VALUES (415,'Mack');
INSERT INTO `first_name` VALUES (2155,'Madeleine');
INSERT INTO `first_name` VALUES (1549,'Madeline');
INSERT INTO `first_name` VALUES (2113,'Madelyn');
INSERT INTO `first_name` VALUES (2074,'Madge');
INSERT INTO `first_name` VALUES (2395,'Madonna');
INSERT INTO `first_name` VALUES (1512,'Mae');
INSERT INTO `first_name` VALUES (1922,'Magdalena');
INSERT INTO `first_name` VALUES (1556,'Maggie');
INSERT INTO `first_name` VALUES (2144,'Mai');
INSERT INTO `first_name` VALUES (826,'Major');
INSERT INTO `first_name` VALUES (355,'Malcolm');
INSERT INTO `first_name` VALUES (1156,'Malcom');
INSERT INTO `first_name` VALUES (1148,'Malik');
INSERT INTO `first_name` VALUES (2003,'Malinda');
INSERT INTO `first_name` VALUES (2343,'Malissa');
INSERT INTO `first_name` VALUES (2031,'Mallory');
INSERT INTO `first_name` VALUES (1575,'Mamie');
INSERT INTO `first_name` VALUES (1176,'Man');
INSERT INTO `first_name` VALUES (1694,'Mandy');
INSERT INTO `first_name` VALUES (1139,'Manual');
INSERT INTO `first_name` VALUES (110,'Manuel');
INSERT INTO `first_name` VALUES (1908,'Manuela');
INSERT INTO `first_name` VALUES (2156,'Mara');
INSERT INTO `first_name` VALUES (201,'Marc');
INSERT INTO `first_name` VALUES (613,'Marcel');
INSERT INTO `first_name` VALUES (728,'Marcelino');
INSERT INTO `first_name` VALUES (1630,'Marcella');
INSERT INTO `first_name` VALUES (1170,'Marcellus');
INSERT INTO `first_name` VALUES (946,'Marcelo');
INSERT INTO `first_name` VALUES (2109,'Marci');
INSERT INTO `first_name` VALUES (1455,'Marcia');
INSERT INTO `first_name` VALUES (2026,'Marcie');
INSERT INTO `first_name` VALUES (363,'Marco');
INSERT INTO `first_name` VALUES (417,'Marcos');
INSERT INTO `first_name` VALUES (146,'Marcus');
INSERT INTO `first_name` VALUES (1919,'Marcy');
INSERT INTO `first_name` VALUES (1228,'Margaret');
INSERT INTO `first_name` VALUES (1525,'Margarita');
INSERT INTO `first_name` VALUES (890,'Margarito');
INSERT INTO `first_name` VALUES (2042,'Margery');
INSERT INTO `first_name` VALUES (1486,'Margie');
INSERT INTO `first_name` VALUES (1895,'Margo');
INSERT INTO `first_name` VALUES (2237,'Margot');
INSERT INTO `first_name` VALUES (1890,'Margret');
INSERT INTO `first_name` VALUES (1533,'Marguerite');
INSERT INTO `first_name` VALUES (2081,'Mari');
INSERT INTO `first_name` VALUES (940,'Maria');
INSERT INTO `first_name` VALUES (1465,'Marian');
INSERT INTO `first_name` VALUES (2150,'Mariana');
INSERT INTO `first_name` VALUES (2336,'Marianna');
INSERT INTO `first_name` VALUES (1599,'Marianne');
INSERT INTO `first_name` VALUES (746,'Mariano');
INSERT INTO `first_name` VALUES (1824,'Maribel');
INSERT INTO `first_name` VALUES (2041,'Maricela');
INSERT INTO `first_name` VALUES (1263,'Marie');
INSERT INTO `first_name` VALUES (2108,'Marietta');
INSERT INTO `first_name` VALUES (1299,'Marilyn');
INSERT INTO `first_name` VALUES (2361,'Marilynn');
INSERT INTO `first_name` VALUES (1720,'Marina');
INSERT INTO `first_name` VALUES (143,'Mario');
INSERT INTO `first_name` VALUES (290,'Marion');
INSERT INTO `first_name` VALUES (1860,'Marisa');
INSERT INTO `first_name` VALUES (2347,'Marisela');
INSERT INTO `first_name` VALUES (1865,'Marisol');
INSERT INTO `first_name` VALUES (1764,'Marissa');
INSERT INTO `first_name` VALUES (1899,'Maritza');
INSERT INTO `first_name` VALUES (1347,'Marjorie');
INSERT INTO `first_name` VALUES (14,'Mark');
INSERT INTO `first_name` VALUES (1029,'Markus');
INSERT INTO `first_name` VALUES (1725,'Marla');
INSERT INTO `first_name` VALUES (1459,'Marlene');
INSERT INTO `first_name` VALUES (609,'Marlin');
INSERT INTO `first_name` VALUES (497,'Marlon');
INSERT INTO `first_name` VALUES (856,'Marquis');
INSERT INTO `first_name` VALUES (2180,'Marquita');
INSERT INTO `first_name` VALUES (1476,'Marsha');
INSERT INTO `first_name` VALUES (285,'Marshall');
INSERT INTO `first_name` VALUES (1702,'Marta');
INSERT INTO `first_name` VALUES (1257,'Martha');
INSERT INTO `first_name` VALUES (85,'Martin');
INSERT INTO `first_name` VALUES (1894,'Martina');
INSERT INTO `first_name` VALUES (421,'Marty');
INSERT INTO `first_name` VALUES (2106,'Marva');
INSERT INTO `first_name` VALUES (115,'Marvin');
INSERT INTO `first_name` VALUES (699,'Mary');
INSERT INTO `first_name` VALUES (1564,'Maryann');
INSERT INTO `first_name` VALUES (2067,'Maryanne');
INSERT INTO `first_name` VALUES (2278,'Marybeth');
INSERT INTO `first_name` VALUES (2173,'Maryellen');
INSERT INTO `first_name` VALUES (2322,'Maryjane');
INSERT INTO `first_name` VALUES (1978,'Marylou');
INSERT INTO `first_name` VALUES (632,'Mason');
INSERT INTO `first_name` VALUES (241,'Mathew');
INSERT INTO `first_name` VALUES (1926,'Matilda');
INSERT INTO `first_name` VALUES (2394,'Matilde');
INSERT INTO `first_name` VALUES (329,'Matt');
INSERT INTO `first_name` VALUES (25,'Matthew');
INSERT INTO `first_name` VALUES (1471,'Mattie');
INSERT INTO `first_name` VALUES (1786,'Maude');
INSERT INTO `first_name` VALUES (2312,'Maudie');
INSERT INTO `first_name` VALUES (2143,'Maura');
INSERT INTO `first_name` VALUES (1445,'Maureen');
INSERT INTO `first_name` VALUES (184,'Maurice');
INSERT INTO `first_name` VALUES (665,'Mauricio');
INSERT INTO `first_name` VALUES (2305,'Maurine');
INSERT INTO `first_name` VALUES (955,'Mauro');
INSERT INTO `first_name` VALUES (1896,'Mavis');
INSERT INTO `first_name` VALUES (255,'Max');
INSERT INTO `first_name` VALUES (1048,'Maximo');
INSERT INTO `first_name` VALUES (1473,'Maxine');
INSERT INTO `first_name` VALUES (695,'Maxwell');
INSERT INTO `first_name` VALUES (1691,'May');
INSERT INTO `first_name` VALUES (2383,'Maya');
INSERT INTO `first_name` VALUES (2415,'Mayme');
INSERT INTO `first_name` VALUES (672,'Maynard');
INSERT INTO `first_name` VALUES (1854,'Mayra');
INSERT INTO `first_name` VALUES (1047,'Mckinley');
INSERT INTO `first_name` VALUES (1924,'Meagan');
INSERT INTO `first_name` VALUES (1370,'Megan');
INSERT INTO `first_name` VALUES (1659,'Meghan');
INSERT INTO `first_name` VALUES (945,'Mel');
INSERT INTO `first_name` VALUES (1407,'Melanie');
INSERT INTO `first_name` VALUES (1712,'Melba');
INSERT INTO `first_name` VALUES (1442,'Melinda');
INSERT INTO `first_name` VALUES (1979,'Melisa');
INSERT INTO `first_name` VALUES (1249,'Melissa');
INSERT INTO `first_name` VALUES (2249,'Mellisa');
INSERT INTO `first_name` VALUES (2418,'Mellissa');
INSERT INTO `first_name` VALUES (1568,'Melody');
INSERT INTO `first_name` VALUES (2070,'Melva');
INSERT INTO `first_name` VALUES (124,'Melvin');
INSERT INTO `first_name` VALUES (1652,'Mercedes');
INSERT INTO `first_name` VALUES (1653,'Meredith');
INSERT INTO `first_name` VALUES (468,'Merle');
INSERT INTO `first_name` VALUES (725,'Merlin');
INSERT INTO `first_name` VALUES (726,'Merrill');
INSERT INTO `first_name` VALUES (2371,'Merry');
INSERT INTO `first_name` VALUES (819,'Mervin');
INSERT INTO `first_name` VALUES (1962,'Mia');
INSERT INTO `first_name` VALUES (520,'Micah');
INSERT INTO `first_name` VALUES (4,'Michael');
INSERT INTO `first_name` VALUES (2271,'Michaela');
INSERT INTO `first_name` VALUES (1209,'Michal');
INSERT INTO `first_name` VALUES (1145,'Michale');
INSERT INTO `first_name` VALUES (147,'Micheal');
INSERT INTO `first_name` VALUES (627,'Michel');
INSERT INTO `first_name` VALUES (1373,'Michele');
INSERT INTO `first_name` VALUES (2226,'Michell');
INSERT INTO `first_name` VALUES (1240,'Michelle');
INSERT INTO `first_name` VALUES (541,'Mickey');
INSERT INTO `first_name` VALUES (2351,'Migdalia');
INSERT INTO `first_name` VALUES (150,'Miguel');
INSERT INTO `first_name` VALUES (105,'Mike');
INSERT INTO `first_name` VALUES (1006,'Mikel');
INSERT INTO `first_name` VALUES (1991,'Milagros');
INSERT INTO `first_name` VALUES (1106,'Milan');
INSERT INTO `first_name` VALUES (1279,'Mildred');
INSERT INTO `first_name` VALUES (519,'Miles');
INSERT INTO `first_name` VALUES (907,'Milford');
INSERT INTO `first_name` VALUES (644,'Millard');
INSERT INTO `first_name` VALUES (2169,'Millicent');
INSERT INTO `first_name` VALUES (1874,'Millie');
INSERT INTO `first_name` VALUES (960,'Milo');
INSERT INTO `first_name` VALUES (210,'Milton');
INSERT INTO `first_name` VALUES (2248,'Mina');
INSERT INTO `first_name` VALUES (1692,'Mindy');
INSERT INTO `first_name` VALUES (1950,'Minerva');
INSERT INTO `first_name` VALUES (1014,'Minh');
INSERT INTO `first_name` VALUES (1458,'Minnie');
INSERT INTO `first_name` VALUES (1062,'Miquel');
INSERT INTO `first_name` VALUES (1699,'Miranda');
INSERT INTO `first_name` VALUES (1504,'Miriam');
INSERT INTO `first_name` VALUES (1511,'Misty');
INSERT INTO `first_name` VALUES (852,'Mitch');
INSERT INTO `first_name` VALUES (818,'Mitchel');
INSERT INTO `first_name` VALUES (222,'Mitchell');
INSERT INTO `first_name` VALUES (2080,'Mitzi');
INSERT INTO `first_name` VALUES (1137,'Modesto');
INSERT INTO `first_name` VALUES (974,'Mohamed');
INSERT INTO `first_name` VALUES (745,'Mohammad');
INSERT INTO `first_name` VALUES (839,'Mohammed');
INSERT INTO `first_name` VALUES (607,'Moises');
INSERT INTO `first_name` VALUES (1820,'Mollie');
INSERT INTO `first_name` VALUES (1536,'Molly');
INSERT INTO `first_name` VALUES (1640,'Mona');
INSERT INTO `first_name` VALUES (1350,'Monica');
INSERT INTO `first_name` VALUES (2232,'Monika');
INSERT INTO `first_name` VALUES (1553,'Monique');
INSERT INTO `first_name` VALUES (766,'Monroe');
INSERT INTO `first_name` VALUES (558,'Monte');
INSERT INTO `first_name` VALUES (628,'Monty');
INSERT INTO `first_name` VALUES (508,'Morgan');
INSERT INTO `first_name` VALUES (278,'Morris');
INSERT INTO `first_name` VALUES (815,'Morton');
INSERT INTO `first_name` VALUES (1125,'Mose');
INSERT INTO `first_name` VALUES (472,'Moses');
INSERT INTO `first_name` VALUES (1005,'Moshe');
INSERT INTO `first_name` VALUES (1629,'Muriel');
INSERT INTO `first_name` VALUES (564,'Murray');
INSERT INTO `first_name` VALUES (813,'Myles');
INSERT INTO `first_name` VALUES (1604,'Myra');
INSERT INTO `first_name` VALUES (1724,'Myrna');
INSERT INTO `first_name` VALUES (386,'Myron');
INSERT INTO `first_name` VALUES (1477,'Myrtle');
INSERT INTO `first_name` VALUES (2073,'Nadia');
INSERT INTO `first_name` VALUES (1634,'Nadine');
INSERT INTO `first_name` VALUES (2240,'Nan');
INSERT INTO `first_name` VALUES (1231,'Nancy');
INSERT INTO `first_name` VALUES (2048,'Nanette');
INSERT INTO `first_name` VALUES (1987,'Nannie');
INSERT INTO `first_name` VALUES (1493,'Naomi');
INSERT INTO `first_name` VALUES (903,'Napoleon');
INSERT INTO `first_name` VALUES (2128,'Natalia');
INSERT INTO `first_name` VALUES (1435,'Natalie');
INSERT INTO `first_name` VALUES (1530,'Natasha');
INSERT INTO `first_name` VALUES (108,'Nathan');
INSERT INTO `first_name` VALUES (1121,'Nathanael');
INSERT INTO `first_name` VALUES (1087,'Nathanial');
INSERT INTO `first_name` VALUES (206,'Nathaniel');
INSERT INTO `first_name` VALUES (337,'Neal');
INSERT INTO `first_name` VALUES (624,'Ned');
INSERT INTO `first_name` VALUES (234,'Neil');
INSERT INTO `first_name` VALUES (1949,'Nelda');
INSERT INTO `first_name` VALUES (1807,'Nell');
INSERT INTO `first_name` VALUES (1457,'Nellie');
INSERT INTO `first_name` VALUES (2228,'Nelly');
INSERT INTO `first_name` VALUES (251,'Nelson');
INSERT INTO `first_name` VALUES (706,'Nestor');
INSERT INTO `first_name` VALUES (1714,'Nettie');
INSERT INTO `first_name` VALUES (1977,'Neva');
INSERT INTO `first_name` VALUES (1081,'Neville');
INSERT INTO `first_name` VALUES (966,'Newton');
INSERT INTO `first_name` VALUES (64,'Nicholas');
INSERT INTO `first_name` VALUES (1624,'Nichole');
INSERT INTO `first_name` VALUES (308,'Nick');
INSERT INTO `first_name` VALUES (671,'Nickolas');
INSERT INTO `first_name` VALUES (1151,'Nicky');
INSERT INTO `first_name` VALUES (427,'Nicolas');
INSERT INTO `first_name` VALUES (1287,'Nicole');
INSERT INTO `first_name` VALUES (886,'Nigel');
INSERT INTO `first_name` VALUES (1759,'Nikki');
INSERT INTO `first_name` VALUES (2326,'Nilda');
INSERT INTO `first_name` VALUES (1487,'Nina');
INSERT INTO `first_name` VALUES (2033,'Nita');
INSERT INTO `first_name` VALUES (458,'Noah');
INSERT INTO `first_name` VALUES (1004,'Noble');
INSERT INTO `first_name` VALUES (658,'Noe');
INSERT INTO `first_name` VALUES (383,'Noel');
INSERT INTO `first_name` VALUES (2204,'Noelle');
INSERT INTO `first_name` VALUES (2025,'Noemi');
INSERT INTO `first_name` VALUES (1943,'Nola');
INSERT INTO `first_name` VALUES (597,'Nolan');
INSERT INTO `first_name` VALUES (2079,'Nona');
INSERT INTO `first_name` VALUES (1485,'Nora');
INSERT INTO `first_name` VALUES (594,'Norbert');
INSERT INTO `first_name` VALUES (902,'Norberto');
INSERT INTO `first_name` VALUES (2004,'Noreen');
INSERT INTO `first_name` VALUES (1313,'Norma');
INSERT INTO `first_name` VALUES (113,'Norman');
INSERT INTO `first_name` VALUES (897,'Normand');
INSERT INTO `first_name` VALUES (643,'Norris');
INSERT INTO `first_name` VALUES (753,'Numbers');
INSERT INTO `first_name` VALUES (2221,'Octavia');
INSERT INTO `first_name` VALUES (786,'Octavio');
INSERT INTO `first_name` VALUES (694,'Odell');
INSERT INTO `first_name` VALUES (1986,'Odessa');
INSERT INTO `first_name` VALUES (939,'Odis');
INSERT INTO `first_name` VALUES (1923,'Ofelia');
INSERT INTO `first_name` VALUES (1818,'Ola');
INSERT INTO `first_name` VALUES (958,'Olen');
INSERT INTO `first_name` VALUES (1496,'Olga');
INSERT INTO `first_name` VALUES (922,'Olin');
INSERT INTO `first_name` VALUES (1675,'Olive');
INSERT INTO `first_name` VALUES (319,'Oliver');
INSERT INTO `first_name` VALUES (1571,'Olivia');
INSERT INTO `first_name` VALUES (670,'Ollie');
INSERT INTO `first_name` VALUES (2376,'Oma');
INSERT INTO `first_name` VALUES (340,'Omar');
INSERT INTO `first_name` VALUES (1035,'Omer');
INSERT INTO `first_name` VALUES (1565,'Opal');
INSERT INTO `first_name` VALUES (2077,'Ophelia');
INSERT INTO `first_name` VALUES (1713,'Ora');
INSERT INTO `first_name` VALUES (2393,'Oralia');
INSERT INTO `first_name` VALUES (1003,'Oren');
INSERT INTO `first_name` VALUES (332,'Orlando');
INSERT INTO `first_name` VALUES (954,'Orval');
INSERT INTO `first_name` VALUES (430,'Orville');
INSERT INTO `first_name` VALUES (151,'Oscar');
INSERT INTO `first_name` VALUES (894,'Osvaldo');
INSERT INTO `first_name` VALUES (1117,'Oswaldo');
INSERT INTO `first_name` VALUES (1061,'Otha');
INSERT INTO `first_name` VALUES (316,'Otis');
INSERT INTO `first_name` VALUES (504,'Otto');
INSERT INTO `first_name` VALUES (410,'Owen');
INSERT INTO `first_name` VALUES (338,'Pablo');
INSERT INTO `first_name` VALUES (1833,'Paige');
INSERT INTO `first_name` VALUES (1113,'Palmer');
INSERT INTO `first_name` VALUES (1584,'Pam');
INSERT INTO `first_name` VALUES (2270,'Pamala');
INSERT INTO `first_name` VALUES (1256,'Pamela');
INSERT INTO `first_name` VALUES (2202,'Pansy');
INSERT INTO `first_name` VALUES (1060,'Paris');
INSERT INTO `first_name` VALUES (878,'Parker');
INSERT INTO `first_name` VALUES (744,'Pasquale');
INSERT INTO `first_name` VALUES (457,'Pat');
INSERT INTO `first_name` VALUES (1810,'Patrica');
INSERT INTO `first_name` VALUES (1729,'Patrice');
INSERT INTO `first_name` VALUES (1192,'Patricia');
INSERT INTO `first_name` VALUES (42,'Patrick');
INSERT INTO `first_name` VALUES (1481,'Patsy');
INSERT INTO `first_name` VALUES (1684,'Patti');
INSERT INTO `first_name` VALUES (2358,'Pattie');
INSERT INTO `first_name` VALUES (1592,'Patty');
INSERT INTO `first_name` VALUES (13,'Paul');
INSERT INTO `first_name` VALUES (1314,'Paula');
INSERT INTO `first_name` VALUES (1638,'Paulette');
INSERT INTO `first_name` VALUES (2434,'Paulina');
INSERT INTO `first_name` VALUES (1352,'Pauline');
INSERT INTO `first_name` VALUES (1443,'Pearl');
INSERT INTO `first_name` VALUES (2001,'Pearlie');
INSERT INTO `first_name` VALUES (177,'Pedro');
INSERT INTO `first_name` VALUES (1320,'Peggy');
INSERT INTO `first_name` VALUES (1990,'Penelope');
INSERT INTO `first_name` VALUES (1490,'Penny');
INSERT INTO `first_name` VALUES (465,'Percy');
INSERT INTO `first_name` VALUES (287,'Perry');
INSERT INTO `first_name` VALUES (365,'Pete');
INSERT INTO `first_name` VALUES (43,'Peter');
INSERT INTO `first_name` VALUES (1840,'Petra');
INSERT INTO `first_name` VALUES (460,'Phil');
INSERT INTO `first_name` VALUES (95,'Philip');
INSERT INTO `first_name` VALUES (87,'Phillip');
INSERT INTO `first_name` VALUES (2402,'Phillis');
INSERT INTO `first_name` VALUES (2168,'Phoebe');
INSERT INTO `first_name` VALUES (1312,'Phyllis');
INSERT INTO `first_name` VALUES (531,'Pierre');
INSERT INTO `first_name` VALUES (2429,'Pilar');
INSERT INTO `first_name` VALUES (1801,'Polly');
INSERT INTO `first_name` VALUES (938,'Porfirio');
INSERT INTO `first_name` VALUES (1200,'Porter');
INSERT INTO `first_name` VALUES (2370,'Portia');
INSERT INTO `first_name` VALUES (360,'Preston');
INSERT INTO `first_name` VALUES (937,'Prince');
INSERT INTO `first_name` VALUES (1492,'Priscilla');
INSERT INTO `first_name` VALUES (2142,'Queen');
INSERT INTO `first_name` VALUES (562,'Quentin');
INSERT INTO `first_name` VALUES (675,'Quincy');
INSERT INTO `first_name` VALUES (994,'Quinn');
INSERT INTO `first_name` VALUES (1009,'Quintin');
INSERT INTO `first_name` VALUES (600,'Quinton');
INSERT INTO `first_name` VALUES (1625,'Rachael');
INSERT INTO `first_name` VALUES (2338,'Racheal');
INSERT INTO `first_name` VALUES (1298,'Rachel');
INSERT INTO `first_name` VALUES (1835,'Rachelle');
INSERT INTO `first_name` VALUES (1970,'Rae');
INSERT INTO `first_name` VALUES (207,'Rafael');
INSERT INTO `first_name` VALUES (2382,'Rafaela');
INSERT INTO `first_name` VALUES (1051,'Raleigh');
INSERT INTO `first_name` VALUES (62,'Ralph');
INSERT INTO `first_name` VALUES (455,'Ramiro');
INSERT INTO `first_name` VALUES (196,'Ramon');
INSERT INTO `first_name` VALUES (1515,'Ramona');
INSERT INTO `first_name` VALUES (477,'Randal');
INSERT INTO `first_name` VALUES (139,'Randall');
INSERT INTO `first_name` VALUES (825,'Randell');
INSERT INTO `first_name` VALUES (1932,'Randi');
INSERT INTO `first_name` VALUES (366,'Randolph');
INSERT INTO `first_name` VALUES (78,'Randy');
INSERT INTO `first_name` VALUES (616,'Raphael');
INSERT INTO `first_name` VALUES (1665,'Raquel');
INSERT INTO `first_name` VALUES (1054,'Rashad');
INSERT INTO `first_name` VALUES (211,'Raul');
INSERT INTO `first_name` VALUES (132,'Ray');
INSERT INTO `first_name` VALUES (1094,'Rayford');
INSERT INTO `first_name` VALUES (1093,'Raymon');
INSERT INTO `first_name` VALUES (36,'Raymond');
INSERT INTO `first_name` VALUES (776,'Raymundo');
INSERT INTO `first_name` VALUES (1750,'Reba');
INSERT INTO `first_name` VALUES (2277,'Rebeca');
INSERT INTO `first_name` VALUES (1253,'Rebecca');
INSERT INTO `first_name` VALUES (1744,'Rebekah');
INSERT INTO `first_name` VALUES (661,'Reed');
INSERT INTO `first_name` VALUES (892,'Refugio');
INSERT INTO `first_name` VALUES (631,'Reggie');
INSERT INTO `first_name` VALUES (1387,'Regina');
INSERT INTO `first_name` VALUES (202,'Reginald');
INSERT INTO `first_name` VALUES (812,'Reid');
INSERT INTO `first_name` VALUES (2425,'Reina');
INSERT INTO `first_name` VALUES (872,'Reinaldo');
INSERT INTO `first_name` VALUES (1723,'Rena');
INSERT INTO `first_name` VALUES (2252,'Renae');
INSERT INTO `first_name` VALUES (1169,'Renaldo');
INSERT INTO `first_name` VALUES (1071,'Renato');
INSERT INTO `first_name` VALUES (295,'Rene');
INSERT INTO `first_name` VALUES (1401,'Renee');
INSERT INTO `first_name` VALUES (2398,'Renita');
INSERT INTO `first_name` VALUES (2424,'Reta');
INSERT INTO `first_name` VALUES (2296,'Retha');
INSERT INTO `first_name` VALUES (549,'Reuben');
INSERT INTO `first_name` VALUES (2089,'Reva');
INSERT INTO `first_name` VALUES (333,'Rex');
INSERT INTO `first_name` VALUES (1168,'Rey');
INSERT INTO `first_name` VALUES (977,'Reyes');
INSERT INTO `first_name` VALUES (2191,'Reyna');
INSERT INTO `first_name` VALUES (506,'Reynaldo');
INSERT INTO `first_name` VALUES (2179,'Rhea');
INSERT INTO `first_name` VALUES (1112,'Rhett');
INSERT INTO `first_name` VALUES (1940,'Rhoda');
INSERT INTO `first_name` VALUES (1356,'Rhonda');
INSERT INTO `first_name` VALUES (191,'Ricardo');
INSERT INTO `first_name` VALUES (821,'Rich');
INSERT INTO `first_name` VALUES (7,'Richard');
INSERT INTO `first_name` VALUES (970,'Richie');
INSERT INTO `first_name` VALUES (193,'Rick');
INSERT INTO `first_name` VALUES (349,'Rickey');
INSERT INTO `first_name` VALUES (657,'Rickie');
INSERT INTO `first_name` VALUES (137,'Ricky');
INSERT INTO `first_name` VALUES (916,'Rico');
INSERT INTO `first_name` VALUES (653,'Rigoberto');
INSERT INTO `first_name` VALUES (669,'Riley');
INSERT INTO `first_name` VALUES (1323,'Rita');
INSERT INTO `first_name` VALUES (603,'Rob');
INSERT INTO `first_name` VALUES (537,'Robbie');
INSERT INTO `first_name` VALUES (2320,'Robbin');
INSERT INTO `first_name` VALUES (780,'Robby');
INSERT INTO `first_name` VALUES (3,'Robert');
INSERT INTO `first_name` VALUES (1404,'Roberta');
INSERT INTO `first_name` VALUES (186,'Roberto');
INSERT INTO `first_name` VALUES (375,'Robin');
INSERT INTO `first_name` VALUES (982,'Robt');
INSERT INTO `first_name` VALUES (1611,'Robyn');
INSERT INTO `first_name` VALUES (645,'Rocco');
INSERT INTO `first_name` VALUES (1662,'Rochelle');
INSERT INTO `first_name` VALUES (2261,'Rocio');
INSERT INTO `first_name` VALUES (530,'Rocky');
INSERT INTO `first_name` VALUES (599,'Rod');
INSERT INTO `first_name` VALUES (345,'Roderick');
INSERT INTO `first_name` VALUES (525,'Rodger');
INSERT INTO `first_name` VALUES (111,'Rodney');
INSERT INTO `first_name` VALUES (385,'Rodolfo');
INSERT INTO `first_name` VALUES (871,'Rodrick');
INSERT INTO `first_name` VALUES (648,'Rodrigo');
INSERT INTO `first_name` VALUES (448,'Rogelio');
INSERT INTO `first_name` VALUES (50,'Roger');
INSERT INTO `first_name` VALUES (223,'Roland');
INSERT INTO `first_name` VALUES (463,'Rolando');
INSERT INTO `first_name` VALUES (1167,'Rolf');
INSERT INTO `first_name` VALUES (986,'Rolland');
INSERT INTO `first_name` VALUES (475,'Roman');
INSERT INTO `first_name` VALUES (688,'Romeo');
INSERT INTO `first_name` VALUES (221,'Ron');
INSERT INTO `first_name` VALUES (21,'Ronald');
INSERT INTO `first_name` VALUES (1730,'Ronda');
INSERT INTO `first_name` VALUES (158,'Ronnie');
INSERT INTO `first_name` VALUES (798,'Ronny');
INSERT INTO `first_name` VALUES (398,'Roosevelt');
INSERT INTO `first_name` VALUES (629,'Rory');
INSERT INTO `first_name` VALUES (1331,'Rosa');
INSERT INTO `first_name` VALUES (2304,'Rosalee');
INSERT INTO `first_name` VALUES (2274,'Rosalia');
INSERT INTO `first_name` VALUES (1614,'Rosalie');
INSERT INTO `first_name` VALUES (1861,'Rosalind');
INSERT INTO `first_name` VALUES (2010,'Rosalinda');
INSERT INTO `first_name` VALUES (1958,'Rosalyn');
INSERT INTO `first_name` VALUES (2146,'Rosanna');
INSERT INTO `first_name` VALUES (2102,'Rosanne');
INSERT INTO `first_name` VALUES (953,'Rosario');
INSERT INTO `first_name` VALUES (589,'Roscoe');
INSERT INTO `first_name` VALUES (1284,'Rose');
INSERT INTO `first_name` VALUES (2086,'Roseann');
INSERT INTO `first_name` VALUES (2129,'Rosella');
INSERT INTO `first_name` VALUES (1642,'Rosemarie');
INSERT INTO `first_name` VALUES (1423,'Rosemary');
INSERT INTO `first_name` VALUES (906,'Rosendo');
INSERT INTO `first_name` VALUES (1798,'Rosetta');
INSERT INTO `first_name` VALUES (1542,'Rosie');
INSERT INTO `first_name` VALUES (2335,'Rosita');
INSERT INTO `first_name` VALUES (2046,'Roslyn');
INSERT INTO `first_name` VALUES (282,'Ross');
INSERT INTO `first_name` VALUES (2190,'Rowena');
INSERT INTO `first_name` VALUES (2414,'Roxanna');
INSERT INTO `first_name` VALUES (1608,'Roxanne');
INSERT INTO `first_name` VALUES (2045,'Roxie');
INSERT INTO `first_name` VALUES (65,'Roy');
INSERT INTO `first_name` VALUES (851,'Royal');
INSERT INTO `first_name` VALUES (539,'Royce');
INSERT INTO `first_name` VALUES (203,'Ruben');
INSERT INTO `first_name` VALUES (850,'Rubin');
INSERT INTO `first_name` VALUES (1309,'Ruby');
INSERT INTO `first_name` VALUES (1166,'Rudolf');
INSERT INTO `first_name` VALUES (356,'Rudolph');
INSERT INTO `first_name` VALUES (359,'Rudy');
INSERT INTO `first_name` VALUES (1182,'Rueben');
INSERT INTO `first_name` VALUES (411,'Rufus');
INSERT INTO `first_name` VALUES (985,'Rupert');
INSERT INTO `first_name` VALUES (811,'Russ');
INSERT INTO `first_name` VALUES (554,'Russel');
INSERT INTO `first_name` VALUES (82,'Russell');
INSERT INTO `first_name` VALUES (626,'Rusty');
INSERT INTO `first_name` VALUES (1238,'Ruth');
INSERT INTO `first_name` VALUES (1948,'Ruthie');
INSERT INTO `first_name` VALUES (49,'Ryan');
INSERT INTO `first_name` VALUES (1531,'Sabrina');
INSERT INTO `first_name` VALUES (1618,'Sadie');
INSERT INTO `first_name` VALUES (952,'Sal');
INSERT INTO `first_name` VALUES (1752,'Sallie');
INSERT INTO `first_name` VALUES (1386,'Sally');
INSERT INTO `first_name` VALUES (286,'Salvador');
INSERT INTO `first_name` VALUES (389,'Salvatore');
INSERT INTO `first_name` VALUES (192,'Sam');
INSERT INTO `first_name` VALUES (1396,'Samantha');
INSERT INTO `first_name` VALUES (2392,'Samatha');
INSERT INTO `first_name` VALUES (625,'Sammie');
INSERT INTO `first_name` VALUES (413,'Sammy');
INSERT INTO `first_name` VALUES (1059,'Samual');
INSERT INTO `first_name` VALUES (60,'Samuel');
INSERT INTO `first_name` VALUES (2381,'Sandi');
INSERT INTO `first_name` VALUES (1235,'Sandra');
INSERT INTO `first_name` VALUES (840,'Sandy');
INSERT INTO `first_name` VALUES (702,'Sanford');
INSERT INTO `first_name` VALUES (908,'Sang');
INSERT INTO `first_name` VALUES (450,'Santiago');
INSERT INTO `first_name` VALUES (1165,'Santo');
INSERT INTO `first_name` VALUES (494,'Santos');
INSERT INTO `first_name` VALUES (1303,'Sara');
INSERT INTO `first_name` VALUES (1242,'Sarah');
INSERT INTO `first_name` VALUES (2112,'Sasha');
INSERT INTO `first_name` VALUES (474,'Saul');
INSERT INTO `first_name` VALUES (2006,'Saundra');
INSERT INTO `first_name` VALUES (2125,'Savannah');
INSERT INTO `first_name` VALUES (673,'Scot');
INSERT INTO `first_name` VALUES (32,'Scott');
INSERT INTO `first_name` VALUES (837,'Scottie');
INSERT INTO `first_name` VALUES (593,'Scotty');
INSERT INTO `first_name` VALUES (94,'Sean');
INSERT INTO `first_name` VALUES (677,'Sebastian');
INSERT INTO `first_name` VALUES (2034,'Selena');
INSERT INTO `first_name` VALUES (2266,'Selina');
INSERT INTO `first_name` VALUES (1910,'Selma');
INSERT INTO `first_name` VALUES (1981,'Serena');
INSERT INTO `first_name` VALUES (289,'Sergio');
INSERT INTO `first_name` VALUES (292,'Seth');
INSERT INTO `first_name` VALUES (836,'Seymour');
INSERT INTO `first_name` VALUES (1164,'Shad');
INSERT INTO `first_name` VALUES (1852,'Shana');
INSERT INTO `first_name` VALUES (2401,'Shanda');
INSERT INTO `first_name` VALUES (190,'Shane');
INSERT INTO `first_name` VALUES (1812,'Shanna');
INSERT INTO `first_name` VALUES (317,'Shannon');
INSERT INTO `first_name` VALUES (1706,'Shari');
INSERT INTO `first_name` VALUES (2212,'Sharlene');
INSERT INTO `first_name` VALUES (1239,'Sharon');
INSERT INTO `first_name` VALUES (1969,'Sharron');
INSERT INTO `first_name` VALUES (327,'Shaun');
INSERT INTO `first_name` VALUES (1873,'Shauna');
INSERT INTO `first_name` VALUES (92,'Shawn');
INSERT INTO `first_name` VALUES (1709,'Shawna');
INSERT INTO `first_name` VALUES (2388,'Shayla');
INSERT INTO `first_name` VALUES (1086,'Shayne');
INSERT INTO `first_name` VALUES (1868,'Sheena');
INSERT INTO `first_name` VALUES (1343,'Sheila');
INSERT INTO `first_name` VALUES (656,'Shelby');
INSERT INTO `first_name` VALUES (442,'Sheldon');
INSERT INTO `first_name` VALUES (1593,'Shelia');
INSERT INTO `first_name` VALUES (1573,'Shelley');
INSERT INTO `first_name` VALUES (2346,'Shellie');
INSERT INTO `first_name` VALUES (1513,'Shelly');
INSERT INTO `first_name` VALUES (773,'Shelton');
INSERT INTO `first_name` VALUES (2092,'Sheree');
INSERT INTO `first_name` VALUES (1598,'Sheri');
INSERT INTO `first_name` VALUES (393,'Sherman');
INSERT INTO `first_name` VALUES (1516,'Sherri');
INSERT INTO `first_name` VALUES (1731,'Sherrie');
INSERT INTO `first_name` VALUES (1338,'Sherry');
INSERT INTO `first_name` VALUES (1092,'Sherwood');
INSERT INTO `first_name` VALUES (1526,'Sheryl');
INSERT INTO `first_name` VALUES (2369,'Shiela');
INSERT INTO `first_name` VALUES (936,'Shirley');
INSERT INTO `first_name` VALUES (1208,'Shon');
INSERT INTO `first_name` VALUES (2316,'Shonda');
INSERT INTO `first_name` VALUES (1199,'Sid');
INSERT INTO `first_name` VALUES (274,'Sidney');
INSERT INTO `first_name` VALUES (2225,'Sierra');
INSERT INTO `first_name` VALUES (719,'Silas');
INSERT INTO `first_name` VALUES (1678,'Silvia');
INSERT INTO `first_name` VALUES (404,'Simon');
INSERT INTO `first_name` VALUES (1930,'Simone');
INSERT INTO `first_name` VALUES (1892,'Socorro');
INSERT INTO `first_name` VALUES (1984,'Sofia');
INSERT INTO `first_name` VALUES (1050,'Sol');
INSERT INTO `first_name` VALUES (2350,'Soledad');
INSERT INTO `first_name` VALUES (592,'Solomon');
INSERT INTO `first_name` VALUES (608,'Son');
INSERT INTO `first_name` VALUES (1858,'Sondra');
INSERT INTO `first_name` VALUES (1503,'Sonia');
INSERT INTO `first_name` VALUES (1687,'Sonja');
INSERT INTO `first_name` VALUES (772,'Sonny');
INSERT INTO `first_name` VALUES (1558,'Sonya');
INSERT INTO `first_name` VALUES (1660,'Sophia');
INSERT INTO `first_name` VALUES (1682,'Sophie');
INSERT INTO `first_name` VALUES (384,'Spencer');
INSERT INTO `first_name` VALUES (650,'Stacey');
INSERT INTO `first_name` VALUES (1883,'Staci');
INSERT INTO `first_name` VALUES (1735,'Stacie');
INSERT INTO `first_name` VALUES (517,'Stacy');
INSERT INTO `first_name` VALUES (550,'Stan');
INSERT INTO `first_name` VALUES (1002,'Stanford');
INSERT INTO `first_name` VALUES (106,'Stanley');
INSERT INTO `first_name` VALUES (1102,'Stanton');
INSERT INTO `first_name` VALUES (708,'Stefan');
INSERT INTO `first_name` VALUES (1816,'Stefanie');
INSERT INTO `first_name` VALUES (1466,'Stella');
INSERT INTO `first_name` VALUES (513,'Stephan');
INSERT INTO `first_name` VALUES (1260,'Stephanie');
INSERT INTO `first_name` VALUES (34,'Stephen');
INSERT INTO `first_name` VALUES (540,'Sterling');
INSERT INTO `first_name` VALUES (74,'Steve');
INSERT INTO `first_name` VALUES (18,'Steven');
INSERT INTO `first_name` VALUES (799,'Stevie');
INSERT INTO `first_name` VALUES (445,'Stewart');
INSERT INTO `first_name` VALUES (302,'Stuart');
INSERT INTO `first_name` VALUES (1416,'Sue');
INSERT INTO `first_name` VALUES (1881,'Summer');
INSERT INTO `first_name` VALUES (2275,'Sun');
INSERT INTO `first_name` VALUES (984,'Sung');
INSERT INTO `first_name` VALUES (1227,'Susan');
INSERT INTO `first_name` VALUES (1827,'Susana');
INSERT INTO `first_name` VALUES (2088,'Susanna');
INSERT INTO `first_name` VALUES (1825,'Susanne');
INSERT INTO `first_name` VALUES (1570,'Susie');
INSERT INTO `first_name` VALUES (2387,'Suzan');
INSERT INTO `first_name` VALUES (1372,'Suzanne');
INSERT INTO `first_name` VALUES (2054,'Suzette');
INSERT INTO `first_name` VALUES (1912,'Sybil');
INSERT INTO `first_name` VALUES (848,'Sydney');
INSERT INTO `first_name` VALUES (396,'Sylvester');
INSERT INTO `first_name` VALUES (1339,'Sylvia');
INSERT INTO `first_name` VALUES (1980,'Tabatha');
INSERT INTO `first_name` VALUES (1715,'Tabitha');
INSERT INTO `first_name` VALUES (935,'Tad');
INSERT INTO `first_name` VALUES (1448,'Tamara');
INSERT INTO `first_name` VALUES (2005,'Tameka');
INSERT INTO `first_name` VALUES (2183,'Tamera');
INSERT INTO `first_name` VALUES (1708,'Tami');
INSERT INTO `first_name` VALUES (1797,'Tamika');
INSERT INTO `first_name` VALUES (2053,'Tammi');
INSERT INTO `first_name` VALUES (1726,'Tammie');
INSERT INTO `first_name` VALUES (1294,'Tammy');
INSERT INTO `first_name` VALUES (2137,'Tamra');
INSERT INTO `first_name` VALUES (2433,'Tana');
INSERT INTO `first_name` VALUES (1996,'Tania');
INSERT INTO `first_name` VALUES (2035,'Tanisha');
INSERT INTO `first_name` VALUES (931,'Tanner');
INSERT INTO `first_name` VALUES (1456,'Tanya');
INSERT INTO `first_name` VALUES (1422,'Tara');
INSERT INTO `first_name` VALUES (2309,'Taryn');
INSERT INTO `first_name` VALUES (1677,'Tasha');
INSERT INTO `first_name` VALUES (2375,'Tawana');
INSERT INTO `first_name` VALUES (422,'Taylor');
INSERT INTO `first_name` VALUES (240,'Ted');
INSERT INTO `first_name` VALUES (505,'Teddy');
INSERT INTO `first_name` VALUES (1046,'Teodoro');
INSERT INTO `first_name` VALUES (2360,'Tera');
INSERT INTO `first_name` VALUES (449,'Terence');
INSERT INTO `first_name` VALUES (1273,'Teresa');
INSERT INTO `first_name` VALUES (2319,'Teresita');
INSERT INTO `first_name` VALUES (1655,'Teri');
INSERT INTO `first_name` VALUES (2218,'Terra');
INSERT INTO `first_name` VALUES (294,'Terrance');
INSERT INTO `first_name` VALUES (471,'Terrell');
INSERT INTO `first_name` VALUES (297,'Terrence');
INSERT INTO `first_name` VALUES (1425,'Terri');
INSERT INTO `first_name` VALUES (1952,'Terrie');
INSERT INTO `first_name` VALUES (57,'Terry');
INSERT INTO `first_name` VALUES (2104,'Tessa');
INSERT INTO `first_name` VALUES (2359,'Tessie');
INSERT INTO `first_name` VALUES (846,'Thad');
INSERT INTO `first_name` VALUES (611,'Thaddeus');
INSERT INTO `first_name` VALUES (963,'Thanh');
INSERT INTO `first_name` VALUES (1341,'Thelma');
INSERT INTO `first_name` VALUES (1023,'Theo');
INSERT INTO `first_name` VALUES (2318,'Theodora');
INSERT INTO `first_name` VALUES (148,'Theodore');
INSERT INTO `first_name` VALUES (1291,'Theresa');
INSERT INTO `first_name` VALUES (1788,'Therese');
INSERT INTO `first_name` VALUES (775,'Theron');
INSERT INTO `first_name` VALUES (10,'Thomas');
INSERT INTO `first_name` VALUES (623,'Thurman');
INSERT INTO `first_name` VALUES (1968,'Tia');
INSERT INTO `first_name` VALUES (2432,'Tiffani');
INSERT INTO `first_name` VALUES (1329,'Tiffany');
INSERT INTO `first_name` VALUES (2298,'Tillie');
INSERT INTO `first_name` VALUES (170,'Tim');
INSERT INTO `first_name` VALUES (479,'Timmy');
INSERT INTO `first_name` VALUES (27,'Timothy');
INSERT INTO `first_name` VALUES (1311,'Tina');
INSERT INTO `first_name` VALUES (2182,'Tisha');
INSERT INTO `first_name` VALUES (1097,'Titus');
INSERT INTO `first_name` VALUES (1013,'Tobias');
INSERT INTO `first_name` VALUES (483,'Toby');
INSERT INTO `first_name` VALUES (944,'Tod');
INSERT INTO `first_name` VALUES (88,'Todd');
INSERT INTO `first_name` VALUES (154,'Tom');
INSERT INTO `first_name` VALUES (441,'Tomas');
INSERT INTO `first_name` VALUES (478,'Tommie');
INSERT INTO `first_name` VALUES (161,'Tommy');
INSERT INTO `first_name` VALUES (1120,'Toney');
INSERT INTO `first_name` VALUES (1510,'Toni');
INSERT INTO `first_name` VALUES (1863,'Tonia');
INSERT INTO `first_name` VALUES (103,'Tony');
INSERT INTO `first_name` VALUES (1428,'Tonya');
INSERT INTO `first_name` VALUES (2220,'Tori');
INSERT INTO `first_name` VALUES (969,'Tory');
INSERT INTO `first_name` VALUES (835,'Tracey');
INSERT INTO `first_name` VALUES (1620,'Traci');
INSERT INTO `first_name` VALUES (1763,'Tracie');
INSERT INTO `first_name` VALUES (291,'Tracy');
INSERT INTO `first_name` VALUES (119,'Travis');
INSERT INTO `first_name` VALUES (510,'Trent');
INSERT INTO `first_name` VALUES (733,'Trenton');
INSERT INTO `first_name` VALUES (2301,'Treva');
INSERT INTO `first_name` VALUES (318,'Trevor');
INSERT INTO `first_name` VALUES (901,'Trey');
INSERT INTO `first_name` VALUES (1673,'Tricia');
INSERT INTO `first_name` VALUES (1749,'Trina');
INSERT INTO `first_name` VALUES (934,'Trinidad');
INSERT INTO `first_name` VALUES (1758,'Trisha');
INSERT INTO `first_name` VALUES (778,'Tristan');
INSERT INTO `first_name` VALUES (138,'Troy');
INSERT INTO `first_name` VALUES (1808,'Trudy');
INSERT INTO `first_name` VALUES (716,'Truman');
INSERT INTO `first_name` VALUES (1150,'Tuan');
INSERT INTO `first_name` VALUES (2192,'Twila');
INSERT INTO `first_name` VALUES (655,'Ty');
INSERT INTO `first_name` VALUES (198,'Tyler');
INSERT INTO `first_name` VALUES (998,'Tyree');
INSERT INTO `first_name` VALUES (1019,'Tyrell');
INSERT INTO `first_name` VALUES (1034,'Tyron');
INSERT INTO `first_name` VALUES (242,'Tyrone');
INSERT INTO `first_name` VALUES (569,'Tyson');
INSERT INTO `first_name` VALUES (679,'Ulysses');
INSERT INTO `first_name` VALUES (1849,'Ursula');
INSERT INTO `first_name` VALUES (1091,'Val');
INSERT INTO `first_name` VALUES (1956,'Valarie');
INSERT INTO `first_name` VALUES (2413,'Valencia');
INSERT INTO `first_name` VALUES (841,'Valentin');
INSERT INTO `first_name` VALUES (1041,'Valentine');
INSERT INTO `first_name` VALUES (2078,'Valeria');
INSERT INTO `first_name` VALUES (1368,'Valerie');
INSERT INTO `first_name` VALUES (484,'Van');
INSERT INTO `first_name` VALUES (576,'Vance');
INSERT INTO `first_name` VALUES (1414,'Vanessa');
INSERT INTO `first_name` VALUES (636,'Vaughn');
INSERT INTO `first_name` VALUES (2357,'Veda');
INSERT INTO `first_name` VALUES (1505,'Velma');
INSERT INTO `first_name` VALUES (1437,'Vera');
INSERT INTO `first_name` VALUES (2377,'Verda');
INSERT INTO `first_name` VALUES (659,'Vern');
INSERT INTO `first_name` VALUES (1578,'Verna');
INSERT INTO `first_name` VALUES (2368,'Vernice');
INSERT INTO `first_name` VALUES (185,'Vernon');
INSERT INTO `first_name` VALUES (1377,'Veronica');
INSERT INTO `first_name` VALUES (2397,'Vesta');
INSERT INTO `first_name` VALUES (515,'Vicente');
INSERT INTO `first_name` VALUES (1420,'Vicki');
INSERT INTO `first_name` VALUES (1470,'Vickie');
INSERT INTO `first_name` VALUES (1596,'Vicky');
INSERT INTO `first_name` VALUES (84,'Victor');
INSERT INTO `first_name` VALUES (1335,'Victoria');
INSERT INTO `first_name` VALUES (2334,'Vida');
INSERT INTO `first_name` VALUES (2127,'Vilma');
INSERT INTO `first_name` VALUES (674,'Vince');
INSERT INTO `first_name` VALUES (116,'Vincent');
INSERT INTO `first_name` VALUES (1207,'Vincenzo');
INSERT INTO `first_name` VALUES (1463,'Viola');
INSERT INTO `first_name` VALUES (1508,'Violet');
INSERT INTO `first_name` VALUES (1933,'Virgie');
INSERT INTO `first_name` VALUES (283,'Virgil');
INSERT INTO `first_name` VALUES (1119,'Virgilio');
INSERT INTO `first_name` VALUES (2295,'Virgina');
INSERT INTO `first_name` VALUES (1254,'Virginia');
INSERT INTO `first_name` VALUES (738,'Vito');
INSERT INTO `first_name` VALUES (1403,'Vivian');
INSERT INTO `first_name` VALUES (1162,'Von');
INSERT INTO `first_name` VALUES (2201,'Vonda');
INSERT INTO `first_name` VALUES (300,'Wade');
INSERT INTO `first_name` VALUES (991,'Waldo');
INSERT INTO `first_name` VALUES (997,'Walker');
INSERT INTO `first_name` VALUES (264,'Wallace');
INSERT INTO `first_name` VALUES (1191,'Wally');
INSERT INTO `first_name` VALUES (41,'Walter');
INSERT INTO `first_name` VALUES (1111,'Walton');
INSERT INTO `first_name` VALUES (1306,'Wanda');
INSERT INTO `first_name` VALUES (687,'Ward');
INSERT INTO `first_name` VALUES (1136,'Warner');
INSERT INTO `first_name` VALUES (164,'Warren');
INSERT INTO `first_name` VALUES (1161,'Waylon');
INSERT INTO `first_name` VALUES (72,'Wayne');
INSERT INTO `first_name` VALUES (713,'Weldon');
INSERT INTO `first_name` VALUES (310,'Wendell');
INSERT INTO `first_name` VALUES (2103,'Wendi');
INSERT INTO `first_name` VALUES (1334,'Wendy');
INSERT INTO `first_name` VALUES (1022,'Werner');
INSERT INTO `first_name` VALUES (1147,'Wes');
INSERT INTO `first_name` VALUES (171,'Wesley');
INSERT INTO `first_name` VALUES (875,'Weston');
INSERT INTO `first_name` VALUES (1045,'Whitney');
INSERT INTO `first_name` VALUES (1070,'Wilber');
INSERT INTO `first_name` VALUES (402,'Wilbert');
INSERT INTO `first_name` VALUES (341,'Wilbur');
INSERT INTO `first_name` VALUES (810,'Wilburn');
INSERT INTO `first_name` VALUES (2139,'Wilda');
INSERT INTO `first_name` VALUES (652,'Wiley');
INSERT INTO `first_name` VALUES (771,'Wilford');
INSERT INTO `first_name` VALUES (436,'Wilfred');
INSERT INTO `first_name` VALUES (573,'Wilfredo');
INSERT INTO `first_name` VALUES (2303,'Wilhelmina');
INSERT INTO `first_name` VALUES (503,'Will');
INSERT INTO `first_name` VALUES (1907,'Willa');
INSERT INTO `first_name` VALUES (280,'Willard');
INSERT INTO `first_name` VALUES (5,'William');
INSERT INTO `first_name` VALUES (596,'Williams');
INSERT INTO `first_name` VALUES (1206,'Willian');
INSERT INTO `first_name` VALUES (61,'Willie');
INSERT INTO `first_name` VALUES (348,'Willis');
INSERT INTO `first_name` VALUES (1001,'Willy');
INSERT INTO `first_name` VALUES (1431,'Wilma');
INSERT INTO `first_name` VALUES (758,'Wilmer');
INSERT INTO `first_name` VALUES (394,'Wilson');
INSERT INTO `first_name` VALUES (915,'Wilton');
INSERT INTO `first_name` VALUES (1190,'Winford');
INSERT INTO `first_name` VALUES (737,'Winfred');
INSERT INTO `first_name` VALUES (1718,'Winifred');
INSERT INTO `first_name` VALUES (1918,'Winnie');
INSERT INTO `first_name` VALUES (2333,'Winona');
INSERT INTO `first_name` VALUES (481,'Winston');
INSERT INTO `first_name` VALUES (364,'Wm');
INSERT INTO `first_name` VALUES (412,'Woodrow');
INSERT INTO `first_name` VALUES (855,'Wyatt');
INSERT INTO `first_name` VALUES (587,'Xavier');
INSERT INTO `first_name` VALUES (2072,'Yesenia');
INSERT INTO `first_name` VALUES (1409,'Yolanda');
INSERT INTO `first_name` VALUES (921,'Yong');
INSERT INTO `first_name` VALUES (807,'Young');
INSERT INTO `first_name` VALUES (1567,'Yvette');
INSERT INTO `first_name` VALUES (1393,'Yvonne');
INSERT INTO `first_name` VALUES (957,'Zachariah');
INSERT INTO `first_name` VALUES (181,'Zachary');
INSERT INTO `first_name` VALUES (761,'Zachery');
INSERT INTO `first_name` VALUES (1135,'Zack');
INSERT INTO `first_name` VALUES (1149,'Zackary');
INSERT INTO `first_name` VALUES (820,'Zane');
INSERT INTO `first_name` VALUES (2253,'Zelda');
INSERT INTO `first_name` VALUES (2380,'Zella');
INSERT INTO `first_name` VALUES (2002,'Zelma');
INSERT INTO `first_name` VALUES (2408,'Zoe');
INSERT INTO `first_name` VALUES (2423,'Zoila');
/*!40000 ALTER TABLE `first_name` ENABLE KEYS */;
UNLOCK TABLES;

--
-- Table structure for table `live_ind`
--

DROP TABLE IF EXISTS `live_ind`;
/*!40101 SET @saved_cs_client     = @@character_set_client */;
/*!40101 SET character_set_client = utf8 */;
CREATE TABLE `live_ind` (
  `live_ind_id` int(11) NOT NULL AUTO_INCREMENT,
  `live_ind_name` varchar(45) NOT NULL,
  `live_ind_current` int(11) NOT NULL DEFAULT '0',
  `live_ind_last` int(11) NOT NULL DEFAULT '0',
  `live_ind_start` int(11) NOT NULL DEFAULT '0',
  PRIMARY KEY (`live_ind_id`)
) ENGINE=InnoDB AUTO_INCREMENT=14 DEFAULT CHARSET=utf8;
/*!40101 SET character_set_client = @saved_cs_client */;

--
-- Dumping data for table `live_ind`
--

LOCK TABLES `live_ind` WRITE;
/*!40000 ALTER TABLE `live_ind` DISABLE KEYS */;
INSERT INTO `live_ind` VALUES (1,'HI',0,-1,-4);
INSERT INTO `live_ind` VALUES (2,'SI',2,1,3);
INSERT INTO `live_ind` VALUES (3,'CI',0,-1,-1);
INSERT INTO `live_ind` VALUES (4,'LI',-2,-1,-1);
INSERT INTO `live_ind` VALUES (5,'AF',0,0,-5);
INSERT INTO `live_ind` VALUES (6,'CP',2,4,3);
INSERT INTO `live_ind` VALUES (7,'HP',-2,0,4);
INSERT INTO `live_ind` VALUES (8,'IS',1,1,4);
INSERT INTO `live_ind` VALUES (9,'PS',-2,-2,-3);
INSERT INTO `live_ind` VALUES (10,'TS',-1,-1,-1);
INSERT INTO `live_ind` VALUES (11,'RD',2,0,-1);
INSERT INTO `live_ind` VALUES (12,'PL',1,1,2);
INSERT INTO `live_ind` VALUES (13,'TD',-1,-2,1);
/*!40000 ALTER TABLE `live_ind` ENABLE KEYS */;
UNLOCK TABLES;

--
-- Table structure for table `live_news`
--

DROP TABLE IF EXISTS `live_news`;
/*!40101 SET @saved_cs_client     = @@character_set_client */;
/*!40101 SET character_set_client = utf8 */;
CREATE TABLE `live_news` (
  `live_news_id` int(11) NOT NULL AUTO_INCREMENT,
  `live_news_desc` varchar(200) NOT NULL,
  PRIMARY KEY (`live_news_id`)
) ENGINE=InnoDB AUTO_INCREMENT=3 DEFAULT CHARSET=utf8;
/*!40101 SET character_set_client = @saved_cs_client */;

--
-- Dumping data for table `live_news`
--

LOCK TABLES `live_news` WRITE;
/*!40000 ALTER TABLE `live_news` DISABLE KEYS */;
INSERT INTO `live_news` VALUES (1,'Reading this message is treasonous. Report for termination citizen.');
INSERT INTO `live_news` VALUES (2,'The Happy BrightFuture Re-education centre awaits you citizen.');
/*!40000 ALTER TABLE `live_news` ENABLE KEYS */;
UNLOCK TABLES;

--
-- Table structure for table `minion`
--

DROP TABLE IF EXISTS `minion`;
/*!40101 SET @saved_cs_client     = @@character_set_client */;
/*!40101 SET character_set_client = utf8 */;
CREATE TABLE `minion` (
  `minion_id` int(11) NOT NULL AUTO_INCREMENT,
  `minion_name` varchar(45) NOT NULL,
  `minion_clearance` varchar(2) NOT NULL,
  `minion_cost` int(11) NOT NULL,
  `sg_id` int(11) NOT NULL,
  PRIMARY KEY (`minion_id`),
  KEY `fk_minion_1_idx` (`sg_id`),
  CONSTRAINT `fk_minion_1` FOREIGN KEY (`sg_id`) REFERENCES `sg` (`sg_id`) ON DELETE CASCADE ON UPDATE CASCADE
) ENGINE=InnoDB AUTO_INCREMENT=241 DEFAULT CHARSET=utf8;
/*!40101 SET character_set_client = @saved_cs_client */;

--
-- Dumping data for table `minion`
--

LOCK TABLES `minion` WRITE;
/*!40000 ALTER TABLE `minion` DISABLE KEYS */;
INSERT INTO `minion` VALUES (1,'All U Can B TV','O',3,1);
INSERT INTO `minion` VALUES (2,'Brave Clone Enterprises','B',7,1);
INSERT INTO `minion` VALUES (3,'VIP Protection','B',7,1);
INSERT INTO `minion` VALUES (4,'Intersector Bodyguards','V',10,1);
INSERT INTO `minion` VALUES (5,'Less Than Lethal AF','R',2,1);
INSERT INTO `minion` VALUES (6,'Technically Humane','O',4,1);
INSERT INTO `minion` VALUES (7,'Smiling Songsters AF','Y',4,1);
INSERT INTO `minion` VALUES (8,'The Happy Cheery People','G',6,1);
INSERT INTO `minion` VALUES (9,'Alpha Hero Recruiters','G',5,1);
INSERT INTO `minion` VALUES (10,'Outdoor Rangers','G',5,1);
INSERT INTO `minion` VALUES (11,'Lasers4Hire','IR',1,1);
INSERT INTO `minion` VALUES (12,'Seeing RED','R',3,1);
INSERT INTO `minion` VALUES (13,'Brigadier Mike-B','B',7,1);
INSERT INTO `minion` VALUES (14,'General Arnold-V','V',11,1);
INSERT INTO `minion` VALUES (15,'Transportation Bottalion','R',2,1);
INSERT INTO `minion` VALUES (16,'Armed Forces Marching Band','R',2,1);
INSERT INTO `minion` VALUES (17,'Vulture Squadron Warriors','B',9,1);
INSERT INTO `minion` VALUES (18,'VultureCraft Assault Squadron','B',9,1);
INSERT INTO `minion` VALUES (19,'Mark IV Warbot','G',8,1);
INSERT INTO `minion` VALUES (20,'ICBM Silo','I',9,1);
INSERT INTO `minion` VALUES (21,'HerdEmUp Volunteer Supply','R',2,2);
INSERT INTO `minion` VALUES (22,'Management Focus Group','G',9,2);
INSERT INTO `minion` VALUES (23,'Yellowpants4Hire','Y',6,2);
INSERT INTO `minion` VALUES (24,'Computer Care Specialists','I',9,2);
INSERT INTO `minion` VALUES (25,'Drug Dispensers CPU','R',3,2);
INSERT INTO `minion` VALUES (26,'Better Living Thru Chemistry Plus Plus','G',8,2);
INSERT INTO `minion` VALUES (27,'Archive Sweepers CPU','R',3,2);
INSERT INTO `minion` VALUES (28,'Dirt Free is Treason Free Campaign','Y',5,2);
INSERT INTO `minion` VALUES (29,'Cheery Clean Complex Initiative','B',7,2);
INSERT INTO `minion` VALUES (30,'Data Divers','R',3,2);
INSERT INTO `minion` VALUES (31,'Goggle Search','G',6,2);
INSERT INTO `minion` VALUES (32,'Peter-I and Co Data Retrieval','I',8,2);
INSERT INTO `minion` VALUES (33,'Foreign Policy Strategic Working Group','B',7,2);
INSERT INTO `minion` VALUES (34,'Mandatory Break Monitors','O',4,2);
INSERT INTO `minion` VALUES (35,'Corridor Watchers HPD','Y',4,3);
INSERT INTO `minion` VALUES (36,'Camera Addicts','B',7,3);
INSERT INTO `minion` VALUES (37,'The Daycycle Show','Y',6,3);
INSERT INTO `minion` VALUES (38,'TodayCycle TonightCycle','G',8,3);
INSERT INTO `minion` VALUES (39,'CNNNN','I',10,3);
INSERT INTO `minion` VALUES (40,'Public Hating Co-Ordination','R',2,3);
INSERT INTO `minion` VALUES (41,'Trend Identifiers','R',2,3);
INSERT INTO `minion` VALUES (42,'Singalong Agents','R',2,3);
INSERT INTO `minion` VALUES (43,'Subliminals Police','B',8,3);
INSERT INTO `minion` VALUES (44,'Housing Services Supply','R',4,3);
INSERT INTO `minion` VALUES (45,'INFRARED Wranglers','R',3,3);
INSERT INTO `minion` VALUES (46,'Mandatory Fun Time Enthusiasts','R',3,3);
INSERT INTO `minion` VALUES (47,'Temporary Filing Staff Requisition','R',4,3);
INSERT INTO `minion` VALUES (48,'Entertainment Weekcycle','Y',5,3);
INSERT INTO `minion` VALUES (49,'This Is ULTRAVIOLET!','B',8,3);
INSERT INTO `minion` VALUES (50,'Alpha Complex Enquirer','V',11,3);
INSERT INTO `minion` VALUES (51,'Forensic Analysis Scrubbot Team','O',3,8);
INSERT INTO `minion` VALUES (52,'Bright Vision Re-Education Centre','B',7,8);
INSERT INTO `minion` VALUES (53,'Loyalty Surveyors','Y',5,8);
INSERT INTO `minion` VALUES (54,'Threat Assessors','Y',5,8);
INSERT INTO `minion` VALUES (55,'Secure Security Checkpoint Checkers','Y',4,8);
INSERT INTO `minion` VALUES (56,'Total Surveillance Assurance','G',6,8);
INSERT INTO `minion` VALUES (57,'Agent Provocateurs','B',8,8);
INSERT INTO `minion` VALUES (58,'IntSec Troopers','B',8,8);
INSERT INTO `minion` VALUES (59,'Traffic Patrol','B',8,8);
INSERT INTO `minion` VALUES (60,'Jackbooted Thugs','G',6,8);
INSERT INTO `minion` VALUES (61,'Facilitation Division','Y',5,8);
INSERT INTO `minion` VALUES (62,'Suspect Expediters','B',8,8);
INSERT INTO `minion` VALUES (63,'Cardholder Deprotagonizers','V',11,8);
INSERT INTO `minion` VALUES (64,'Mutant Registration','O',3,8);
INSERT INTO `minion` VALUES (65,'Information Retrieval Specialists','Y',5,8);
INSERT INTO `minion` VALUES (66,'Information Retrieval Specialists','B',7,8);
INSERT INTO `minion` VALUES (67,'Information Retrieval Specialists','V',9,8);
INSERT INTO `minion` VALUES (68,'Men in INDIGO','I',9,8);
INSERT INTO `minion` VALUES (69,'Conspicuous Surveillance Initiative','O',3,8);
INSERT INTO `minion` VALUES (70,'BLUE Room Caterers','R',2,4);
INSERT INTO `minion` VALUES (71,'BLUE Room Caterers','Y',4,4);
INSERT INTO `minion` VALUES (72,'BLUE Room Caterers','B',7,4);
INSERT INTO `minion` VALUES (73,'BLUE Room Caterers','V',9,4);
INSERT INTO `minion` VALUES (74,'Equipment Assembly Control','IR',1,4);
INSERT INTO `minion` VALUES (75,'Field Logistics Advisors','R',3,4);
INSERT INTO `minion` VALUES (76,'MuchlyAlgae PLC','IR',2,4);
INSERT INTO `minion` VALUES (77,'Inventory System Updaters','R',4,4);
INSERT INTO `minion` VALUES (78,'Brand Loyalty Police','R',3,4);
INSERT INTO `minion` VALUES (79,'Acme Chemical Production','R',3,4);
INSERT INTO `minion` VALUES (80,'BLUE Shield Clone Assurance','B',7,4);
INSERT INTO `minion` VALUES (81,'PLC Accounts Co-Ordination','O',5,4);
INSERT INTO `minion` VALUES (82,'New Flavour of Bouncy Bubble Beverage','IR',2,4);
INSERT INTO `minion` VALUES (83,'Advertising Campaign','R',5,4);
INSERT INTO `minion` VALUES (84,'C-Bay Trawlers','G',8,4);
INSERT INTO `minion` VALUES (85,'Enforced Reclamation and Recycling','Y',5,4);
INSERT INTO `minion` VALUES (86,'Circuit Maintenance','R',3,6);
INSERT INTO `minion` VALUES (87,'Fuel Rod Disposal Consultants','R',4,6);
INSERT INTO `minion` VALUES (88,'Pneumatic Tube Network Engineers','Y',7,6);
INSERT INTO `minion` VALUES (89,'Department of Transbot Control','O',6,6);
INSERT INTO `minion` VALUES (90,'New Transtube Planning Commission','I',10,6);
INSERT INTO `minion` VALUES (91,'Reactor Management Commission','G',6,6);
INSERT INTO `minion` VALUES (92,'Reactor Shielding Volunteer Corps','R',3,6);
INSERT INTO `minion` VALUES (93,'Crawlspace Commandoes','R',4,6);
INSERT INTO `minion` VALUES (94,'Vault Recovery Team','G',7,6);
INSERT INTO `minion` VALUES (95,'Toxic Environment Team','O',4,6);
INSERT INTO `minion` VALUES (96,'Biological Niceness Indexers','B',8,7);
INSERT INTO `minion` VALUES (97,'Security Technology Technicians','B',9,7);
INSERT INTO `minion` VALUES (98,'Bot Processing','Y',6,7);
INSERT INTO `minion` VALUES (99,'Drug Interaction Testers','G',7,7);
INSERT INTO `minion` VALUES (100,'Codename: KILLBOT','G',6,7);
INSERT INTO `minion` VALUES (101,'Anti-Gravity Device','V',12,7);
INSERT INTO `minion` VALUES (102,'Atomic Science Ethical Directorate','G',6,7);
INSERT INTO `minion` VALUES (103,'Think Tank Consultants','I',11,7);
INSERT INTO `minion` VALUES (104,'Silicon Corridor','B',8,7);
INSERT INTO `minion` VALUES (105,'Special Environment Clone Laboratories','G',7,7);
INSERT INTO `minion` VALUES (106,'Historical Artefact Analysis','Y',6,7);
INSERT INTO `minion` VALUES (107,'Experimental Equipment Field Testing','O',4,7);
INSERT INTO `minion` VALUES (108,'Foreign Contaminant Containment','O',6,7);
INSERT INTO `minion` VALUES (109,'Technically Non-Lethal Weapons','Y',5,7);
INSERT INTO `minion` VALUES (110,'Security Systems Installers','Y',5,5);
INSERT INTO `minion` VALUES (111,'Security Systems Installers','I',10,5);
INSERT INTO `minion` VALUES (112,'Clone Tank Support Services','R',2,5);
INSERT INTO `minion` VALUES (113,'Medical Services','Y',4,5);
INSERT INTO `minion` VALUES (115,'Medical Services','I',10,5);
INSERT INTO `minion` VALUES (116,'Paint Control','R',2,5);
INSERT INTO `minion` VALUES (117,'Slime Identification','O',4,5);
INSERT INTO `minion` VALUES (118,'Tech Support','Y',5,5);
INSERT INTO `minion` VALUES (119,'Abandoned Sector Reclamation Initiative','G',8,5);
INSERT INTO `minion` VALUES (120,'Dome Cleaning Services','O',5,5);
INSERT INTO `minion` VALUES (121,'Department of Pipes and Tubes','R',5,5);
INSERT INTO `minion` VALUES (122,'Bot Repair and Maintenance','Y',6,5);
INSERT INTO `minion` VALUES (123,'Scrubbot Army','R',3,5);
INSERT INTO `minion` VALUES (124,'Megastructure Construction Planning Group','B',10,5);
INSERT INTO `minion` VALUES (125,'Non-Specific Unit Production','G',7,5);
INSERT INTO `minion` VALUES (126,'Outside Broadcast Unit','Y',5,5);
INSERT INTO `minion` VALUES (127,'Alpha Complex Space Program','I',10,5);
INSERT INTO `minion` VALUES (128,'Vat Maintenance and Control','O',4,5);
INSERT INTO `minion` VALUES (129,'Vermin Terminators','R',3,5);
INSERT INTO `minion` VALUES (130,'Troubleshooter Team','R',1,9);
INSERT INTO `minion` VALUES (131,'Troubleshooter Team','O',2,9);
INSERT INTO `minion` VALUES (132,'Troubleshooter Team','Y',3,9);
INSERT INTO `minion` VALUES (133,'Troubleshooter Team','G',4,9);
INSERT INTO `minion` VALUES (134,'Troubleshooter Team','B',5,9);
INSERT INTO `minion` VALUES (135,'Troubleshooter Team','I',6,9);
INSERT INTO `minion` VALUES (136,'Troubleshooter Team','V',7,9);
INSERT INTO `minion` VALUES (137,'Alpha Team','I',13,9);
INSERT INTO `minion` VALUES (138,'Troubleshooter Dispatchers','B',6,9);
INSERT INTO `minion` VALUES (139,'Troubleshooter Debriefer','G',6,9);
INSERT INTO `minion` VALUES (140,'Sector Indexers','I',8,2);
INSERT INTO `minion` VALUES (141,'Credit Checkers','R',2,2);
INSERT INTO `minion` VALUES (142,'Productivity Maintainers','O',3,2);
INSERT INTO `minion` VALUES (143,'Queue Maintainers','R',2,3);
INSERT INTO `minion` VALUES (144,'Relocation Specialists','G',7,3);
INSERT INTO `minion` VALUES (145,'Intergroup Troubleshooter Trainers','Y',4,9);
INSERT INTO `minion` VALUES (146,'Troubleshooter University Lecturers','G',7,9);
INSERT INTO `minion` VALUES (147,'The BFG','I',10,7);
INSERT INTO `minion` VALUES (148,'Earthquake Machine','V',10,7);
INSERT INTO `minion` VALUES (149,'PD Infantry','IR',1,1);
INSERT INTO `minion` VALUES (150,'HappyTainers','R',3,1);
INSERT INTO `minion` VALUES (151,'AFE Wacky Comedy Tour','Y',6,1);
INSERT INTO `minion` VALUES (152,'All You Can Be Plus Plus','R',2,1);
INSERT INTO `minion` VALUES (153,'Your Body Your Temple','O',4,1);
INSERT INTO `minion` VALUES (154,'Rapid Reload','G',6,1);
INSERT INTO `minion` VALUES (155,'Fuel Speed Ahead','R',2,1);
INSERT INTO `minion` VALUES (156,'Sparkling Memorials','O',3,1);
INSERT INTO `minion` VALUES (157,'1st Recreational Regiment','IR',2,1);
INSERT INTO `minion` VALUES (158,'Chaplain Central','Y',5,1);
INSERT INTO `minion` VALUES (159,'AF Marching Band','R',3,1);
INSERT INTO `minion` VALUES (160,'PointFingers AF','R',2,1);
INSERT INTO `minion` VALUES (161,'Cellular Diversity Association','Y',5,1);
INSERT INTO `minion` VALUES (162,'Now That\'s What I CAll A Blast Radius','B',8,1);
INSERT INTO `minion` VALUES (163,'Workplace is Ourplace','Y',5,2);
INSERT INTO `minion` VALUES (164,'Save Space EDS','R',2,2);
INSERT INTO `minion` VALUES (165,'Save Space HCP','R',2,2);
INSERT INTO `minion` VALUES (166,'Form Field','B',8,2);
INSERT INTO `minion` VALUES (167,'Citizen Re-Placement','G',7,2);
INSERT INTO `minion` VALUES (168,'Institutional Memory Institution','Y',4,2);
INSERT INTO `minion` VALUES (169,'RecordIt','B',7,2);
INSERT INTO `minion` VALUES (170,'KnowMOR','V',10,2);
INSERT INTO `minion` VALUES (171,'Fine Line Ink','Y',4,2);
INSERT INTO `minion` VALUES (172,'We Break for Breaks','Y',6,2);
INSERT INTO `minion` VALUES (173,'MORmoney','V',10,2);
INSERT INTO `minion` VALUES (174,'Radcliffe-V-TBR-1 and clones','I',8,2);
INSERT INTO `minion` VALUES (175,'Kloff Notes','O',3,2);
INSERT INTO `minion` VALUES (176,'Attorneys at LAW Sector','V',12,2);
INSERT INTO `minion` VALUES (177,'Selfless Generosity Corp','O',3,3);
INSERT INTO `minion` VALUES (178,'Cathy-G\'s Donatorium','Y',5,3);
INSERT INTO `minion` VALUES (179,'Multi-Teela Marketing','B',9,3);
INSERT INTO `minion` VALUES (180,'NotCloning','G',6,3);
INSERT INTO `minion` VALUES (181,'Fold-a-lot','O',4,3);
INSERT INTO `minion` VALUES (182,'Future Bubble','G',5,3);
INSERT INTO `minion` VALUES (183,'Trauma Recovery Providers','Y',6,3);
INSERT INTO `minion` VALUES (184,'Megamedia','O',4,3);
INSERT INTO `minion` VALUES (185,'KID Media','G',7,3);
INSERT INTO `minion` VALUES (186,'PIX Films','G',8,3);
INSERT INTO `minion` VALUES (187,'Official Artists','G',6,3);
INSERT INTO `minion` VALUES (188,'The Computer\'s Monitors','I',10,3);
INSERT INTO `minion` VALUES (189,'MutieLovers','O',4,3);
INSERT INTO `minion` VALUES (190,'Le Facade','R',4,3);
INSERT INTO `minion` VALUES (191,'StopLite IS','G',6,8);
INSERT INTO `minion` VALUES (192,'Conspicuous Surveillance Initiative','O',3,8);
INSERT INTO `minion` VALUES (193,'Protect and Wander','Y',4,8);
INSERT INTO `minion` VALUES (194,'CipherSpace','Y',4,8);
INSERT INTO `minion` VALUES (195,'KeyCrypters','B',7,8);
INSERT INTO `minion` VALUES (196,'Defenders of the Indoors','G',6,8);
INSERT INTO `minion` VALUES (197,'Zero-Zero IS','B',8,8);
INSERT INTO `minion` VALUES (198,'Unseen Activities Initiative','V',11,8);
INSERT INTO `minion` VALUES (199,'SafeCrackers','Y',5,8);
INSERT INTO `minion` VALUES (200,'BreakIn4U','B',8,8);
INSERT INTO `minion` VALUES (201,'Every Able Body','O',3,8);
INSERT INTO `minion` VALUES (202,'Healthy Workplaces','G',7,8);
INSERT INTO `minion` VALUES (203,'IntSec Loves You','Y',5,8);
INSERT INTO `minion` VALUES (204,'Love Us Or Else','G',7,8);
INSERT INTO `minion` VALUES (205,'Printz IS','Y',5,8);
INSERT INTO `minion` VALUES (206,'HandCrafters PLC','Y',4,4);
INSERT INTO `minion` VALUES (207,'Artistic Licence','G',6,4);
INSERT INTO `minion` VALUES (208,'Give Something Back','O',3,4);
INSERT INTO `minion` VALUES (209,'Selective Dining HPD','O',3,4);
INSERT INTO `minion` VALUES (210,'Funfoods To Go!','Y',5,4);
INSERT INTO `minion` VALUES (211,'DigIt','G',7,4);
INSERT INTO `minion` VALUES (212,'GREENHouses','G',6,4);
INSERT INTO `minion` VALUES (213,'Small World PLC','O',3,4);
INSERT INTO `minion` VALUES (214,'Who Knows Ware','Y',5,4);
INSERT INTO `minion` VALUES (215,'Out With The Old','O',3,4);
INSERT INTO `minion` VALUES (216,'PLC Moderately Express Mail Delivery','O',3,4);
INSERT INTO `minion` VALUES (217,'PLC SupaExpress','Y',5,4);
INSERT INTO `minion` VALUES (218,'Stock Sports','Y',4,4);
INSERT INTO `minion` VALUES (219,'Extra Power!','Y',5,6);
INSERT INTO `minion` VALUES (220,'ExecuRide','I',8,6);
INSERT INTO `minion` VALUES (221,'We Guard Power!','G',5,6);
INSERT INTO `minion` VALUES (222,'UraniFun PS','Y',4,6);
INSERT INTO `minion` VALUES (223,'Nuclear Integrity','G',6,6);
INSERT INTO `minion` VALUES (224,'SuperSump','R',2,6);
INSERT INTO `minion` VALUES (225,'TransIt','R',3,6);
INSERT INTO `minion` VALUES (226,'AgriGreen','Y',4,7);
INSERT INTO `minion` VALUES (227,'Kinetic Energy Associates','Y',4,7);
INSERT INTO `minion` VALUES (228,'Force Majeur','G',6,7);
INSERT INTO `minion` VALUES (229,'Mutie-Free RD','O',4,7);
INSERT INTO `minion` VALUES (230,'Purer Genomes Through Science!','Y',7,7);
INSERT INTO `minion` VALUES (231,'Entropy Exterminators RD','G',6,7);
INSERT INTO `minion` VALUES (232,'Spacetime Removal Services','B',7,7);
INSERT INTO `minion` VALUES (233,'A.I. Trauma Care','Y',5,5);
INSERT INTO `minion` VALUES (234,'BulbFixers','R',2,5);
INSERT INTO `minion` VALUES (235,'Pipe Patrollers','R',2,5);
INSERT INTO `minion` VALUES (236,'TransBot Industries','Y',6,5);
INSERT INTO `minion` VALUES (237,'Verminators','R',2,5);
INSERT INTO `minion` VALUES (238,'Occult Geomaticians','V',10,7);
INSERT INTO `minion` VALUES (239,'Fangry Citizen Combat Squad','R',3,3);
INSERT INTO `minion` VALUES (240,'Consumption Imbalance Rebalancer','O',3,2);
/*!40000 ALTER TABLE `minion` ENABLE KEYS */;
UNLOCK TABLES;

--
-- Table structure for table `minion_skill`
--

DROP TABLE IF EXISTS `minion_skill`;
/*!40101 SET @saved_cs_client     = @@character_set_client */;
/*!40101 SET character_set_client = utf8 */;
CREATE TABLE `minion_skill` (
  `skills_id` int(11) NOT NULL,
  `minion_id` int(11) NOT NULL,
  `minion_skill_bonus` int(11) NOT NULL DEFAULT '0',
  PRIMARY KEY (`skills_id`,`minion_id`),
  KEY `fk_minion_skill_2_idx` (`minion_id`),
  CONSTRAINT `fk_minion_skill_1` FOREIGN KEY (`skills_id`) REFERENCES `skills` (`skills_id`) ON DELETE CASCADE ON UPDATE CASCADE,
  CONSTRAINT `fk_minion_skill_2` FOREIGN KEY (`minion_id`) REFERENCES `minion` (`minion_id`) ON DELETE CASCADE ON UPDATE CASCADE
) ENGINE=InnoDB DEFAULT CHARSET=utf8;
/*!40101 SET character_set_client = @saved_cs_client */;

--
-- Dumping data for table `minion_skill`
--

LOCK TABLES `minion_skill` WRITE;
/*!40000 ALTER TABLE `minion_skill` DISABLE KEYS */;
INSERT INTO `minion_skill` VALUES (1,23,1);
INSERT INTO `minion_skill` VALUES (1,43,0);
INSERT INTO `minion_skill` VALUES (1,54,0);
INSERT INTO `minion_skill` VALUES (1,96,0);
INSERT INTO `minion_skill` VALUES (1,145,0);
INSERT INTO `minion_skill` VALUES (1,160,0);
INSERT INTO `minion_skill` VALUES (1,162,1);
INSERT INTO `minion_skill` VALUES (1,163,1);
INSERT INTO `minion_skill` VALUES (1,166,0);
INSERT INTO `minion_skill` VALUES (1,171,0);
INSERT INTO `minion_skill` VALUES (1,175,0);
INSERT INTO `minion_skill` VALUES (2,21,0);
INSERT INTO `minion_skill` VALUES (2,22,1);
INSERT INTO `minion_skill` VALUES (2,89,0);
INSERT INTO `minion_skill` VALUES (2,107,0);
INSERT INTO `minion_skill` VALUES (2,137,0);
INSERT INTO `minion_skill` VALUES (2,138,0);
INSERT INTO `minion_skill` VALUES (2,143,0);
INSERT INTO `minion_skill` VALUES (2,145,0);
INSERT INTO `minion_skill` VALUES (2,167,1);
INSERT INTO `minion_skill` VALUES (2,177,0);
INSERT INTO `minion_skill` VALUES (2,178,1);
INSERT INTO `minion_skill` VALUES (3,27,1);
INSERT INTO `minion_skill` VALUES (3,28,1);
INSERT INTO `minion_skill` VALUES (3,29,1);
INSERT INTO `minion_skill` VALUES (3,96,0);
INSERT INTO `minion_skill` VALUES (3,117,0);
INSERT INTO `minion_skill` VALUES (3,120,0);
INSERT INTO `minion_skill` VALUES (3,123,1);
INSERT INTO `minion_skill` VALUES (3,129,0);
INSERT INTO `minion_skill` VALUES (3,144,0);
INSERT INTO `minion_skill` VALUES (3,149,0);
INSERT INTO `minion_skill` VALUES (3,156,0);
INSERT INTO `minion_skill` VALUES (3,183,0);
INSERT INTO `minion_skill` VALUES (3,225,0);
INSERT INTO `minion_skill` VALUES (3,232,0);
INSERT INTO `minion_skill` VALUES (3,237,0);
INSERT INTO `minion_skill` VALUES (4,47,0);
INSERT INTO `minion_skill` VALUES (4,52,0);
INSERT INTO `minion_skill` VALUES (4,65,1);
INSERT INTO `minion_skill` VALUES (4,66,1);
INSERT INTO `minion_skill` VALUES (4,67,1);
INSERT INTO `minion_skill` VALUES (4,191,0);
INSERT INTO `minion_skill` VALUES (5,22,1);
INSERT INTO `minion_skill` VALUES (5,44,0);
INSERT INTO `minion_skill` VALUES (5,47,0);
INSERT INTO `minion_skill` VALUES (5,77,0);
INSERT INTO `minion_skill` VALUES (5,81,0);
INSERT INTO `minion_skill` VALUES (5,88,0);
INSERT INTO `minion_skill` VALUES (5,146,0);
INSERT INTO `minion_skill` VALUES (5,164,0);
INSERT INTO `minion_skill` VALUES (5,166,1);
INSERT INTO `minion_skill` VALUES (5,176,0);
INSERT INTO `minion_skill` VALUES (6,7,0);
INSERT INTO `minion_skill` VALUES (6,8,0);
INSERT INTO `minion_skill` VALUES (6,40,0);
INSERT INTO `minion_skill` VALUES (6,46,0);
INSERT INTO `minion_skill` VALUES (6,78,0);
INSERT INTO `minion_skill` VALUES (6,83,1);
INSERT INTO `minion_skill` VALUES (6,158,0);
INSERT INTO `minion_skill` VALUES (6,176,1);
INSERT INTO `minion_skill` VALUES (6,178,0);
INSERT INTO `minion_skill` VALUES (6,179,1);
INSERT INTO `minion_skill` VALUES (6,180,1);
INSERT INTO `minion_skill` VALUES (6,184,0);
INSERT INTO `minion_skill` VALUES (6,185,0);
INSERT INTO `minion_skill` VALUES (6,186,1);
INSERT INTO `minion_skill` VALUES (6,187,0);
INSERT INTO `minion_skill` VALUES (6,188,1);
INSERT INTO `minion_skill` VALUES (6,189,0);
INSERT INTO `minion_skill` VALUES (6,203,0);
INSERT INTO `minion_skill` VALUES (6,204,1);
INSERT INTO `minion_skill` VALUES (7,41,0);
INSERT INTO `minion_skill` VALUES (7,53,1);
INSERT INTO `minion_skill` VALUES (7,140,1);
INSERT INTO `minion_skill` VALUES (7,193,0);
INSERT INTO `minion_skill` VALUES (8,22,0);
INSERT INTO `minion_skill` VALUES (8,23,0);
INSERT INTO `minion_skill` VALUES (8,34,0);
INSERT INTO `minion_skill` VALUES (8,68,0);
INSERT INTO `minion_skill` VALUES (8,69,0);
INSERT INTO `minion_skill` VALUES (8,81,0);
INSERT INTO `minion_skill` VALUES (8,87,0);
INSERT INTO `minion_skill` VALUES (8,172,0);
INSERT INTO `minion_skill` VALUES (9,47,0);
INSERT INTO `minion_skill` VALUES (9,54,0);
INSERT INTO `minion_skill` VALUES (9,57,1);
INSERT INTO `minion_skill` VALUES (9,137,0);
INSERT INTO `minion_skill` VALUES (9,172,0);
INSERT INTO `minion_skill` VALUES (9,180,0);
INSERT INTO `minion_skill` VALUES (9,192,0);
INSERT INTO `minion_skill` VALUES (10,2,0);
INSERT INTO `minion_skill` VALUES (10,37,0);
INSERT INTO `minion_skill` VALUES (10,38,1);
INSERT INTO `minion_skill` VALUES (10,39,1);
INSERT INTO `minion_skill` VALUES (10,49,0);
INSERT INTO `minion_skill` VALUES (10,50,0);
INSERT INTO `minion_skill` VALUES (10,139,0);
INSERT INTO `minion_skill` VALUES (10,194,0);
INSERT INTO `minion_skill` VALUES (10,195,1);
INSERT INTO `minion_skill` VALUES (10,202,0);
INSERT INTO `minion_skill` VALUES (10,205,1);
INSERT INTO `minion_skill` VALUES (11,4,0);
INSERT INTO `minion_skill` VALUES (11,55,0);
INSERT INTO `minion_skill` VALUES (11,61,0);
INSERT INTO `minion_skill` VALUES (11,62,0);
INSERT INTO `minion_skill` VALUES (11,63,1);
INSERT INTO `minion_skill` VALUES (11,97,1);
INSERT INTO `minion_skill` VALUES (11,108,0);
INSERT INTO `minion_skill` VALUES (11,110,0);
INSERT INTO `minion_skill` VALUES (11,111,1);
INSERT INTO `minion_skill` VALUES (11,199,0);
INSERT INTO `minion_skill` VALUES (11,200,1);
INSERT INTO `minion_skill` VALUES (12,35,0);
INSERT INTO `minion_skill` VALUES (12,36,1);
INSERT INTO `minion_skill` VALUES (12,48,0);
INSERT INTO `minion_skill` VALUES (12,49,0);
INSERT INTO `minion_skill` VALUES (12,50,0);
INSERT INTO `minion_skill` VALUES (12,56,1);
INSERT INTO `minion_skill` VALUES (12,97,1);
INSERT INTO `minion_skill` VALUES (12,110,0);
INSERT INTO `minion_skill` VALUES (12,111,1);
INSERT INTO `minion_skill` VALUES (12,121,0);
INSERT INTO `minion_skill` VALUES (12,235,0);
INSERT INTO `minion_skill` VALUES (13,30,0);
INSERT INTO `minion_skill` VALUES (13,31,0);
INSERT INTO `minion_skill` VALUES (13,32,0);
INSERT INTO `minion_skill` VALUES (13,106,0);
INSERT INTO `minion_skill` VALUES (13,119,0);
INSERT INTO `minion_skill` VALUES (13,144,0);
INSERT INTO `minion_skill` VALUES (13,197,1);
INSERT INTO `minion_skill` VALUES (13,198,1);
INSERT INTO `minion_skill` VALUES (14,57,0);
INSERT INTO `minion_skill` VALUES (14,86,0);
INSERT INTO `minion_skill` VALUES (14,199,0);
INSERT INTO `minion_skill` VALUES (14,200,1);
INSERT INTO `minion_skill` VALUES (15,84,1);
INSERT INTO `minion_skill` VALUES (15,93,0);
INSERT INTO `minion_skill` VALUES (15,173,1);
INSERT INTO `minion_skill` VALUES (15,174,0);
INSERT INTO `minion_skill` VALUES (16,11,0);
INSERT INTO `minion_skill` VALUES (16,12,1);
INSERT INTO `minion_skill` VALUES (16,17,1);
INSERT INTO `minion_skill` VALUES (16,18,1);
INSERT INTO `minion_skill` VALUES (16,19,0);
INSERT INTO `minion_skill` VALUES (16,58,0);
INSERT INTO `minion_skill` VALUES (16,59,1);
INSERT INTO `minion_skill` VALUES (16,100,0);
INSERT INTO `minion_skill` VALUES (16,109,0);
INSERT INTO `minion_skill` VALUES (16,147,2);
INSERT INTO `minion_skill` VALUES (16,157,0);
INSERT INTO `minion_skill` VALUES (17,13,0);
INSERT INTO `minion_skill` VALUES (17,14,1);
INSERT INTO `minion_skill` VALUES (17,33,0);
INSERT INTO `minion_skill` VALUES (17,146,0);
INSERT INTO `minion_skill` VALUES (18,5,0);
INSERT INTO `minion_skill` VALUES (18,6,1);
INSERT INTO `minion_skill` VALUES (18,45,0);
INSERT INTO `minion_skill` VALUES (18,60,0);
INSERT INTO `minion_skill` VALUES (18,89,0);
INSERT INTO `minion_skill` VALUES (18,109,0);
INSERT INTO `minion_skill` VALUES (18,159,0);
INSERT INTO `minion_skill` VALUES (18,239,0);
INSERT INTO `minion_skill` VALUES (19,19,0);
INSERT INTO `minion_skill` VALUES (19,90,0);
INSERT INTO `minion_skill` VALUES (19,101,1);
INSERT INTO `minion_skill` VALUES (19,119,1);
INSERT INTO `minion_skill` VALUES (19,124,0);
INSERT INTO `minion_skill` VALUES (19,148,0);
INSERT INTO `minion_skill` VALUES (19,227,0);
INSERT INTO `minion_skill` VALUES (19,228,1);
INSERT INTO `minion_skill` VALUES (20,10,0);
INSERT INTO `minion_skill` VALUES (20,120,0);
INSERT INTO `minion_skill` VALUES (20,126,0);
INSERT INTO `minion_skill` VALUES (20,182,0);
INSERT INTO `minion_skill` VALUES (21,3,0);
INSERT INTO `minion_skill` VALUES (21,4,1);
INSERT INTO `minion_skill` VALUES (21,58,1);
INSERT INTO `minion_skill` VALUES (21,157,0);
INSERT INTO `minion_skill` VALUES (21,191,0);
INSERT INTO `minion_skill` VALUES (21,196,1);
INSERT INTO `minion_skill` VALUES (21,221,0);
INSERT INTO `minion_skill` VALUES (22,17,1);
INSERT INTO `minion_skill` VALUES (22,61,0);
INSERT INTO `minion_skill` VALUES (22,62,1);
INSERT INTO `minion_skill` VALUES (22,63,1);
INSERT INTO `minion_skill` VALUES (22,68,0);
INSERT INTO `minion_skill` VALUES (22,93,0);
INSERT INTO `minion_skill` VALUES (22,129,0);
INSERT INTO `minion_skill` VALUES (22,137,1);
INSERT INTO `minion_skill` VALUES (22,161,0);
INSERT INTO `minion_skill` VALUES (22,197,0);
INSERT INTO `minion_skill` VALUES (22,198,1);
INSERT INTO `minion_skill` VALUES (22,238,1);
INSERT INTO `minion_skill` VALUES (23,18,0);
INSERT INTO `minion_skill` VALUES (23,19,0);
INSERT INTO `minion_skill` VALUES (23,20,2);
INSERT INTO `minion_skill` VALUES (23,147,2);
INSERT INTO `minion_skill` VALUES (23,162,0);
INSERT INTO `minion_skill` VALUES (24,95,0);
INSERT INTO `minion_skill` VALUES (24,98,0);
INSERT INTO `minion_skill` VALUES (24,118,0);
INSERT INTO `minion_skill` VALUES (24,120,0);
INSERT INTO `minion_skill` VALUES (24,122,1);
INSERT INTO `minion_skill` VALUES (24,124,0);
INSERT INTO `minion_skill` VALUES (24,233,0);
INSERT INTO `minion_skill` VALUES (24,236,0);
INSERT INTO `minion_skill` VALUES (25,44,0);
INSERT INTO `minion_skill` VALUES (25,90,0);
INSERT INTO `minion_skill` VALUES (25,91,0);
INSERT INTO `minion_skill` VALUES (25,119,0);
INSERT INTO `minion_skill` VALUES (25,124,2);
INSERT INTO `minion_skill` VALUES (25,182,0);
INSERT INTO `minion_skill` VALUES (25,211,0);
INSERT INTO `minion_skill` VALUES (25,225,0);
INSERT INTO `minion_skill` VALUES (26,79,0);
INSERT INTO `minion_skill` VALUES (26,121,1);
INSERT INTO `minion_skill` VALUES (26,128,0);
INSERT INTO `minion_skill` VALUES (26,224,0);
INSERT INTO `minion_skill` VALUES (27,86,0);
INSERT INTO `minion_skill` VALUES (27,93,0);
INSERT INTO `minion_skill` VALUES (27,121,0);
INSERT INTO `minion_skill` VALUES (27,127,0);
INSERT INTO `minion_skill` VALUES (27,181,1);
INSERT INTO `minion_skill` VALUES (27,190,0);
INSERT INTO `minion_skill` VALUES (27,234,0);
INSERT INTO `minion_skill` VALUES (28,87,0);
INSERT INTO `minion_skill` VALUES (28,91,0);
INSERT INTO `minion_skill` VALUES (28,92,0);
INSERT INTO `minion_skill` VALUES (28,102,0);
INSERT INTO `minion_skill` VALUES (28,219,0);
INSERT INTO `minion_skill` VALUES (28,222,0);
INSERT INTO `minion_skill` VALUES (28,223,1);
INSERT INTO `minion_skill` VALUES (28,231,0);
INSERT INTO `minion_skill` VALUES (29,74,0);
INSERT INTO `minion_skill` VALUES (29,76,0);
INSERT INTO `minion_skill` VALUES (29,79,0);
INSERT INTO `minion_skill` VALUES (29,85,0);
INSERT INTO `minion_skill` VALUES (29,125,1);
INSERT INTO `minion_skill` VALUES (29,206,0);
INSERT INTO `minion_skill` VALUES (29,207,1);
INSERT INTO `minion_skill` VALUES (29,215,0);
INSERT INTO `minion_skill` VALUES (29,218,0);
INSERT INTO `minion_skill` VALUES (30,101,2);
INSERT INTO `minion_skill` VALUES (30,103,1);
INSERT INTO `minion_skill` VALUES (30,107,0);
INSERT INTO `minion_skill` VALUES (30,127,1);
INSERT INTO `minion_skill` VALUES (30,137,0);
INSERT INTO `minion_skill` VALUES (30,148,1);
INSERT INTO `minion_skill` VALUES (30,219,0);
INSERT INTO `minion_skill` VALUES (30,231,0);
INSERT INTO `minion_skill` VALUES (30,232,0);
INSERT INTO `minion_skill` VALUES (30,238,0);
INSERT INTO `minion_skill` VALUES (31,15,0);
INSERT INTO `minion_skill` VALUES (31,59,0);
INSERT INTO `minion_skill` VALUES (31,75,0);
INSERT INTO `minion_skill` VALUES (31,88,0);
INSERT INTO `minion_skill` VALUES (31,89,1);
INSERT INTO `minion_skill` VALUES (31,90,0);
INSERT INTO `minion_skill` VALUES (31,105,0);
INSERT INTO `minion_skill` VALUES (31,137,0);
INSERT INTO `minion_skill` VALUES (31,154,1);
INSERT INTO `minion_skill` VALUES (31,155,0);
INSERT INTO `minion_skill` VALUES (31,211,0);
INSERT INTO `minion_skill` VALUES (31,216,0);
INSERT INTO `minion_skill` VALUES (31,217,1);
INSERT INTO `minion_skill` VALUES (31,220,1);
INSERT INTO `minion_skill` VALUES (31,236,0);
INSERT INTO `minion_skill` VALUES (32,98,1);
INSERT INTO `minion_skill` VALUES (32,100,0);
INSERT INTO `minion_skill` VALUES (32,122,0);
INSERT INTO `minion_skill` VALUES (32,233,0);
INSERT INTO `minion_skill` VALUES (32,236,0);
INSERT INTO `minion_skill` VALUES (33,1,0);
INSERT INTO `minion_skill` VALUES (33,2,0);
INSERT INTO `minion_skill` VALUES (33,13,0);
INSERT INTO `minion_skill` VALUES (33,14,0);
INSERT INTO `minion_skill` VALUES (33,88,0);
INSERT INTO `minion_skill` VALUES (33,118,0);
INSERT INTO `minion_skill` VALUES (33,126,0);
INSERT INTO `minion_skill` VALUES (33,127,0);
INSERT INTO `minion_skill` VALUES (33,137,0);
INSERT INTO `minion_skill` VALUES (33,150,0);
INSERT INTO `minion_skill` VALUES (33,151,1);
INSERT INTO `minion_skill` VALUES (34,24,0);
INSERT INTO `minion_skill` VALUES (34,104,0);
INSERT INTO `minion_skill` VALUES (34,170,0);
INSERT INTO `minion_skill` VALUES (35,24,0);
INSERT INTO `minion_skill` VALUES (35,30,0);
INSERT INTO `minion_skill` VALUES (35,31,0);
INSERT INTO `minion_skill` VALUES (35,32,0);
INSERT INTO `minion_skill` VALUES (35,94,0);
INSERT INTO `minion_skill` VALUES (35,106,0);
INSERT INTO `minion_skill` VALUES (35,165,0);
INSERT INTO `minion_skill` VALUES (35,168,0);
INSERT INTO `minion_skill` VALUES (35,169,0);
INSERT INTO `minion_skill` VALUES (35,170,1);
INSERT INTO `minion_skill` VALUES (35,176,1);
INSERT INTO `minion_skill` VALUES (36,81,0);
INSERT INTO `minion_skill` VALUES (36,84,1);
INSERT INTO `minion_skill` VALUES (36,141,0);
INSERT INTO `minion_skill` VALUES (36,173,1);
INSERT INTO `minion_skill` VALUES (36,174,1);
INSERT INTO `minion_skill` VALUES (37,24,0);
INSERT INTO `minion_skill` VALUES (37,103,0);
INSERT INTO `minion_skill` VALUES (37,104,1);
INSERT INTO `minion_skill` VALUES (37,167,0);
INSERT INTO `minion_skill` VALUES (37,169,0);
INSERT INTO `minion_skill` VALUES (37,170,1);
INSERT INTO `minion_skill` VALUES (38,44,0);
INSERT INTO `minion_skill` VALUES (38,75,0);
INSERT INTO `minion_skill` VALUES (38,77,1);
INSERT INTO `minion_skill` VALUES (38,88,0);
INSERT INTO `minion_skill` VALUES (38,90,0);
INSERT INTO `minion_skill` VALUES (38,103,0);
INSERT INTO `minion_skill` VALUES (38,116,0);
INSERT INTO `minion_skill` VALUES (38,125,0);
INSERT INTO `minion_skill` VALUES (38,208,0);
INSERT INTO `minion_skill` VALUES (38,211,0);
INSERT INTO `minion_skill` VALUES (38,213,0);
INSERT INTO `minion_skill` VALUES (38,214,0);
INSERT INTO `minion_skill` VALUES (39,37,0);
INSERT INTO `minion_skill` VALUES (39,38,1);
INSERT INTO `minion_skill` VALUES (39,39,1);
INSERT INTO `minion_skill` VALUES (39,48,0);
INSERT INTO `minion_skill` VALUES (39,49,0);
INSERT INTO `minion_skill` VALUES (39,50,1);
INSERT INTO `minion_skill` VALUES (39,68,0);
INSERT INTO `minion_skill` VALUES (39,83,1);
INSERT INTO `minion_skill` VALUES (39,150,0);
INSERT INTO `minion_skill` VALUES (39,151,0);
INSERT INTO `minion_skill` VALUES (39,184,0);
INSERT INTO `minion_skill` VALUES (39,185,1);
INSERT INTO `minion_skill` VALUES (39,186,1);
INSERT INTO `minion_skill` VALUES (39,187,0);
INSERT INTO `minion_skill` VALUES (39,188,1);
INSERT INTO `minion_skill` VALUES (40,26,0);
INSERT INTO `minion_skill` VALUES (40,51,0);
INSERT INTO `minion_skill` VALUES (40,87,0);
INSERT INTO `minion_skill` VALUES (40,94,0);
INSERT INTO `minion_skill` VALUES (40,95,0);
INSERT INTO `minion_skill` VALUES (40,96,0);
INSERT INTO `minion_skill` VALUES (40,99,0);
INSERT INTO `minion_skill` VALUES (40,108,0);
INSERT INTO `minion_skill` VALUES (40,115,0);
INSERT INTO `minion_skill` VALUES (40,117,0);
INSERT INTO `minion_skill` VALUES (40,128,0);
INSERT INTO `minion_skill` VALUES (40,226,0);
INSERT INTO `minion_skill` VALUES (40,230,0);
INSERT INTO `minion_skill` VALUES (41,70,0);
INSERT INTO `minion_skill` VALUES (41,71,0);
INSERT INTO `minion_skill` VALUES (41,72,1);
INSERT INTO `minion_skill` VALUES (41,73,1);
INSERT INTO `minion_skill` VALUES (41,76,0);
INSERT INTO `minion_skill` VALUES (41,142,0);
INSERT INTO `minion_skill` VALUES (41,209,0);
INSERT INTO `minion_skill` VALUES (41,210,1);
INSERT INTO `minion_skill` VALUES (41,212,1);
INSERT INTO `minion_skill` VALUES (41,239,0);
INSERT INTO `minion_skill` VALUES (41,240,0);
INSERT INTO `minion_skill` VALUES (42,80,1);
INSERT INTO `minion_skill` VALUES (42,105,0);
INSERT INTO `minion_skill` VALUES (42,112,0);
INSERT INTO `minion_skill` VALUES (42,115,0);
INSERT INTO `minion_skill` VALUES (42,179,1);
INSERT INTO `minion_skill` VALUES (42,229,0);
INSERT INTO `minion_skill` VALUES (42,230,0);
INSERT INTO `minion_skill` VALUES (43,99,0);
INSERT INTO `minion_skill` VALUES (43,103,0);
INSERT INTO `minion_skill` VALUES (43,108,0);
INSERT INTO `minion_skill` VALUES (43,113,0);
INSERT INTO `minion_skill` VALUES (43,115,1);
INSERT INTO `minion_skill` VALUES (43,183,0);
INSERT INTO `minion_skill` VALUES (43,201,0);
INSERT INTO `minion_skill` VALUES (43,202,0);
INSERT INTO `minion_skill` VALUES (44,64,0);
INSERT INTO `minion_skill` VALUES (44,102,0);
INSERT INTO `minion_skill` VALUES (44,105,0);
INSERT INTO `minion_skill` VALUES (44,161,0);
INSERT INTO `minion_skill` VALUES (44,189,0);
INSERT INTO `minion_skill` VALUES (44,229,0);
INSERT INTO `minion_skill` VALUES (44,230,0);
INSERT INTO `minion_skill` VALUES (45,33,0);
INSERT INTO `minion_skill` VALUES (45,106,0);
INSERT INTO `minion_skill` VALUES (45,108,0);
INSERT INTO `minion_skill` VALUES (46,8,0);
INSERT INTO `minion_skill` VALUES (46,25,0);
INSERT INTO `minion_skill` VALUES (46,26,1);
INSERT INTO `minion_skill` VALUES (46,45,0);
INSERT INTO `minion_skill` VALUES (46,46,0);
INSERT INTO `minion_skill` VALUES (46,82,1);
INSERT INTO `minion_skill` VALUES (46,99,0);
INSERT INTO `minion_skill` VALUES (46,158,0);
INSERT INTO `minion_skill` VALUES (46,183,0);
INSERT INTO `minion_skill` VALUES (47,25,0);
INSERT INTO `minion_skill` VALUES (47,26,0);
INSERT INTO `minion_skill` VALUES (47,42,0);
INSERT INTO `minion_skill` VALUES (47,43,1);
INSERT INTO `minion_skill` VALUES (47,188,0);
INSERT INTO `minion_skill` VALUES (48,47,0);
INSERT INTO `minion_skill` VALUES (48,130,0);
INSERT INTO `minion_skill` VALUES (48,131,0);
INSERT INTO `minion_skill` VALUES (48,132,0);
INSERT INTO `minion_skill` VALUES (48,133,0);
INSERT INTO `minion_skill` VALUES (48,134,0);
INSERT INTO `minion_skill` VALUES (48,135,0);
INSERT INTO `minion_skill` VALUES (48,136,0);
INSERT INTO `minion_skill` VALUES (48,137,0);
INSERT INTO `minion_skill` VALUES (48,149,0);
INSERT INTO `minion_skill` VALUES (49,3,0);
INSERT INTO `minion_skill` VALUES (49,9,0);
INSERT INTO `minion_skill` VALUES (49,14,0);
INSERT INTO `minion_skill` VALUES (49,16,0);
INSERT INTO `minion_skill` VALUES (49,34,0);
INSERT INTO `minion_skill` VALUES (49,52,0);
INSERT INTO `minion_skill` VALUES (49,60,0);
INSERT INTO `minion_skill` VALUES (49,85,0);
INSERT INTO `minion_skill` VALUES (49,92,0);
INSERT INTO `minion_skill` VALUES (49,139,0);
INSERT INTO `minion_skill` VALUES (49,144,0);
INSERT INTO `minion_skill` VALUES (49,146,0);
INSERT INTO `minion_skill` VALUES (49,152,0);
INSERT INTO `minion_skill` VALUES (49,153,1);
INSERT INTO `minion_skill` VALUES (49,159,0);
INSERT INTO `minion_skill` VALUES (49,202,0);
INSERT INTO `minion_skill` VALUES (50,17,0);
INSERT INTO `minion_skill` VALUES (50,18,0);
INSERT INTO `minion_skill` VALUES (51,19,0);
INSERT INTO `minion_skill` VALUES (53,37,0);
INSERT INTO `minion_skill` VALUES (53,48,0);
INSERT INTO `minion_skill` VALUES (53,49,0);
INSERT INTO `minion_skill` VALUES (53,50,0);
INSERT INTO `minion_skill` VALUES (54,58,0);
INSERT INTO `minion_skill` VALUES (55,94,0);
INSERT INTO `minion_skill` VALUES (56,107,0);
INSERT INTO `minion_skill` VALUES (57,126,0);
INSERT INTO `minion_skill` VALUES (68,130,0);
INSERT INTO `minion_skill` VALUES (68,131,0);
INSERT INTO `minion_skill` VALUES (68,132,0);
INSERT INTO `minion_skill` VALUES (68,133,0);
INSERT INTO `minion_skill` VALUES (68,134,0);
INSERT INTO `minion_skill` VALUES (68,135,0);
INSERT INTO `minion_skill` VALUES (68,136,0);
/*!40000 ALTER TABLE `minion_skill` ENABLE KEYS */;
UNLOCK TABLES;

--
-- Temporary table structure for view `minion_skills`
--

DROP TABLE IF EXISTS `minion_skills`;
/*!50001 DROP VIEW IF EXISTS `minion_skills`*/;
SET @saved_cs_client     = @@character_set_client;
SET character_set_client = utf8;
/*!50001 CREATE TABLE `minion_skills` (
  `minion_id` tinyint NOT NULL,
  `minion_name` tinyint NOT NULL,
  `minion_clearance` tinyint NOT NULL,
  `minion_cost` tinyint NOT NULL,
  `mskills` tinyint NOT NULL
) ENGINE=MyISAM */;
SET character_set_client = @saved_cs_client;

--
-- Table structure for table `mutations`
--

DROP TABLE IF EXISTS `mutations`;
/*!40101 SET @saved_cs_client     = @@character_set_client */;
/*!40101 SET character_set_client = utf8 */;
CREATE TABLE `mutations` (
  `id` int(11) NOT NULL AUTO_INCREMENT,
  `name` varchar(45) NOT NULL,
  `desc` varchar(200) NOT NULL,
  PRIMARY KEY (`id`),
  UNIQUE KEY `id_UNIQUE` (`id`),
  UNIQUE KEY `Name_UNIQUE` (`name`)
) ENGINE=InnoDB AUTO_INCREMENT=21 DEFAULT CHARSET=latin1;
/*!40101 SET character_set_client = @saved_cs_client */;

--
-- Dumping data for table `mutations`
--

LOCK TABLES `mutations` WRITE;
/*!40000 ALTER TABLE `mutations` DISABLE KEYS */;
INSERT INTO `mutations` VALUES (1,'Bureaucratic Intuition','Gives a deep understanding of how to beat the Bureaucratic quagmire on a specific task.');
INSERT INTO `mutations` VALUES (2,'Charm','Produces pheromones that cause all weaker-willed clones in the area (not you or other High Programmers) to admire and trust other clones.');
INSERT INTO `mutations` VALUES (3,'Empathy','Read a clone\'s emotions and project your own emotions on to them.');
INSERT INTO `mutations` VALUES (4,'Deep Thought','Pick a problem you could solve given enough calculation time, you do it much, much faster.');
INSERT INTO `mutations` VALUES (5,'Machine Empathy','WARNING: ERASABLE MUTATION. All bots (including Friend Computer) will like you a lot more when you use this.');
INSERT INTO `mutations` VALUES (6,'Mechanical Intuition','With a few minutes, you can understand how a mechanical or electrical system works.');
INSERT INTO `mutations` VALUES (7,'Mental Blast','Knocks out all living beings (except yourself) in a nearby radius.');
INSERT INTO `mutations` VALUES (8,'Adrenaline Control','Temporarily makes you super fast, tough, and strong, takes its toll on the body.');
INSERT INTO `mutations` VALUES (9,'Environmental Control','Attuned to the life support of Alpha Complex, you can adjust heating, lighting, airflow, and other systems.');
INSERT INTO `mutations` VALUES (10,'Find Location','Pick a location/object/description. When looking at a location, you see the relative direction of your pick. Works through cameras.');
INSERT INTO `mutations` VALUES (11,'Radio Jamming','Jams all communications in a short radius for a short amount of time.');
INSERT INTO `mutations` VALUES (12,'Push Mutant Power','Amplifies (and may trigger) mutant powers in the immediate area.');
INSERT INTO `mutations` VALUES (13,'Uncanny Luck','Using this adjusts a roll in your favour...or reduces the roll of an opponent.');
INSERT INTO `mutations` VALUES (14,'Combat Mind','Gain intuition into exactly how to maneuver forces to win a battle.');
INSERT INTO `mutations` VALUES (15,'Copy Mutant Power','Copy the mutant power of a random, nearby mutant to use for a few minutes.');
INSERT INTO `mutations` VALUES (16,'Domination','Hijack a weak-willed npc\'s mind while your body sleeps for a little while.');
INSERT INTO `mutations` VALUES (17,'Forgettable','While active, memories of the next few minutes will slide from clone\'s memories.');
INSERT INTO `mutations` VALUES (18,'Psychic Flash','At opportune times, this will give a mental image of something important or dangerous in the near future.');
INSERT INTO `mutations` VALUES (19,'Telepathy','Dredge information from weak-willed clones or send psychic messages.');
INSERT INTO `mutations` VALUES (20,'Complex Intuition','Get a general feel for events and problems happening in the sector.');
/*!40000 ALTER TABLE `mutations` ENABLE KEYS */;
UNLOCK TABLES;

--
-- Table structure for table `name_old`
--

DROP TABLE IF EXISTS `name_old`;
/*!40101 SET @saved_cs_client     = @@character_set_client */;
/*!40101 SET character_set_client = utf8 */;
CREATE TABLE `name_old` (
  `name_id` int(11) NOT NULL AUTO_INCREMENT,
  `name_first` varchar(45) NOT NULL,
  `name_clearance` varchar(2) NOT NULL,
  `name_zone` varchar(3) NOT NULL,
  `name_clone` int(11) NOT NULL,
  PRIMARY KEY (`name_id`)
) ENGINE=InnoDB AUTO_INCREMENT=30 DEFAULT CHARSET=utf8;
/*!40101 SET character_set_client = @saved_cs_client */;

--
-- Dumping data for table `name_old`
--

LOCK TABLES `name_old` WRITE;
/*!40000 ALTER TABLE `name_old` DISABLE KEYS */;
INSERT INTO `name_old` VALUES (1,'Dignif','Y','ING',1);
INSERT INTO `name_old` VALUES (2,'Catacl','Y','SMM',1);
INSERT INTO `name_old` VALUES (3,'Get','R','EKT',1);
INSERT INTO `name_old` VALUES (4,'Falsef','R','ONT',1);
INSERT INTO `name_old` VALUES (5,'Cryoph','O','BIA',1);
INSERT INTO `name_old` VALUES (6,'Acroph','O','BIA',1);
INSERT INTO `name_old` VALUES (7,'Paran','O','IAA',1);
INSERT INTO `name_old` VALUES (8,'Carbon','Y','LIC',1);
INSERT INTO `name_old` VALUES (9,'Polyester','G','IRL',1);
INSERT INTO `name_old` VALUES (10,'Rei','G','NED',1);
INSERT INTO `name_old` VALUES (11,'Roast','B','EEF',1);
INSERT INTO `name_old` VALUES (12,'Cue','B','ONE',1);
INSERT INTO `name_old` VALUES (13,'Advert','I','ZED',1);
INSERT INTO `name_old` VALUES (14,'Dr','I','VER',1);
INSERT INTO `name_old` VALUES (15,'Affida','V','ITS',1);
INSERT INTO `name_old` VALUES (16,'Recidi','V','IST',1);
INSERT INTO `name_old` VALUES (17,'Allosa','U','RUS',1);
INSERT INTO `name_old` VALUES (18,'G','U','ARD',1);
INSERT INTO `name_old` VALUES (19,'Canes','U','GAR',1);
INSERT INTO `name_old` VALUES (20,'Abd','U','CED',1);
INSERT INTO `name_old` VALUES (21,'Bag','U','ETT',3);
INSERT INTO `name_old` VALUES (22,'Dys','U','RIA',1);
INSERT INTO `name_old` VALUES (23,'Bra','V','ADO',1);
INSERT INTO `name_old` VALUES (24,'Cra','V','ENN',1);
INSERT INTO `name_old` VALUES (25,'Dri','V','ELS',1);
INSERT INTO `name_old` VALUES (26,'Acap','U','LCO',1);
INSERT INTO `name_old` VALUES (27,'Bisc','U','ITS',1);
INSERT INTO `name_old` VALUES (28,'Cher','U','BIM',1);
INSERT INTO `name_old` VALUES (29,'Daiq','U','IRI',1);
/*!40000 ALTER TABLE `name_old` ENABLE KEYS */;
UNLOCK TABLES;

--
-- Table structure for table `news`
--

DROP TABLE IF EXISTS `news`;
/*!40101 SET @saved_cs_client     = @@character_set_client */;
/*!40101 SET character_set_client = utf8 */;
CREATE TABLE `news` (
  `news_id` int(11) NOT NULL AUTO_INCREMENT,
  `news_desc` varchar(200) NOT NULL,
  `c_id` int(11) DEFAULT NULL,
  PRIMARY KEY (`news_id`),
  KEY `fk_news_1_idx` (`c_id`),
  CONSTRAINT `fk_news_1` FOREIGN KEY (`c_id`) REFERENCES `crisis` (`c_id`) ON DELETE CASCADE ON UPDATE CASCADE
) ENGINE=InnoDB AUTO_INCREMENT=58 DEFAULT CHARSET=utf8;
/*!40101 SET character_set_client = @saved_cs_client */;

--
-- Dumping data for table `news`
--

LOCK TABLES `news` WRITE;
/*!40000 ALTER TABLE `news` DISABLE KEYS */;
INSERT INTO `news` VALUES (1,'Sector lottery jackpots to 7.2 million credits!',NULL);
INSERT INTO `news` VALUES (2,'(B) Alpha Complex Space Agency landing declared hoax! Execution of agency head ##CIT-I-RD## scheduled for 6.',NULL);
INSERT INTO `news` VALUES (3,'Borders to neighbouring sectors found lacking. ##CIT-I-IS##: \"It\'s like any old RED could get through, they will be fortified!\"',NULL);
INSERT INTO `news` VALUES (4,'New craze \"planking\" declared waste of time and treasonous.',NULL);
INSERT INTO `news` VALUES (5,'There was no shuddering of Alpha Complex. Alpha Complex is as stable as ever. Those who believe otherwise are encouraged to contact IntSec.',NULL);
INSERT INTO `news` VALUES (6,'Survey on pronunciation of \"gif\" complete. 100% of respondents say soft-g. In unrelated news, terminations doubled yesterday.',NULL);
INSERT INTO `news` VALUES (7,'##CIT-V-TR##\'s show trial and erasure due for 80:00 SCT todaycycle!',4);
INSERT INTO `news` VALUES (8,'Painkiller RadicalMankey classified treasonous due to unintended side effects.',4);
INSERT INTO `news` VALUES (9,'New CPU manager sends 800 staff to the re-employment office.',1);
INSERT INTO `news` VALUES (10,'Alternative Power Firm Strike-Me-Not reports a 3000% increase in power generation this daycycle!',7);
INSERT INTO `news` VALUES (11,'The new Petbot 214 released today, sells out in minutes!',8);
INSERT INTO `news` VALUES (12,'CPU reports the air per person index has risen 4% in the last month!',9);
INSERT INTO `news` VALUES (13,'Sold-out UltraSuperMegaBowl funball game between USS Patriots and MBB Ballers live todaycycle on Channel 5!',10);
INSERT INTO `news` VALUES (14,'Power forecast: rolling brownouts down by 28%, blackouts down 41%.',6);
INSERT INTO `news` VALUES (15,'A new reactor to be completed today! Citizens rejoice!',11);
INSERT INTO `news` VALUES (16,'Serve your Complex! Battle the Commie Threat! Bonus Hot Fun! Enlist Today!',12);
INSERT INTO `news` VALUES (17,'Friendly Ollie-U saves sector YRU yet again! Citizens Rejoice!',NULL);
INSERT INTO `news` VALUES (18,'ChocolateLyke ration for INFRAREDs increased yet again! ##CIT-I-PL##: \"Once again, the war on production is won!\"',NULL);
INSERT INTO `news` VALUES (19,'Frank-U destroys fifteen communist strongholds, says end in sight for war on terror.',NULL);
INSERT INTO `news` VALUES (20,'(B) Terrorist bomb unlawfully terminates 180 clones, IntSec urges terrorists to hand themselves over before it becomes erasable.',NULL);
INSERT INTO `news` VALUES (21,'Water rations to be decreased 30% due to increased B3 usage.',13);
INSERT INTO `news` VALUES (22,'New dirt indexer bots promise faster hygiene index response times!',14);
INSERT INTO `news` VALUES (23,'Secret Society activity up 12%. Register your society affiliation today for bonus hot fun!',NULL);
INSERT INTO `news` VALUES (24,'Hero Of Our Complex ##CIT-B-1## completes fourth successful tour of duty!',15);
INSERT INTO `news` VALUES (25,'Bright Vision Reducation Centres announce the opening of a new location due to increasing needs!',16);
INSERT INTO `news` VALUES (26,'Rolling blackout centred on RIO sector hit early this morning, productivity hit of 3.81%.',17);
INSERT INTO `news` VALUES (27,'(Y) New proposal being investigated to outlaw sleep to raise efficiency.',NULL);
INSERT INTO `news` VALUES (28,'(B) ##ZON## funball team under investigation for poor performance. ##CIT-I-IS##: \"No-one but a commie could perform so badly\".',NULL);
INSERT INTO `news` VALUES (29,'##ZON## Splasheroony fun park boasts record attendence!',NULL);
INSERT INTO `news` VALUES (30,'Friend Computer processing delay set to decrease in the next few weekcycles.',19);
INSERT INTO `news` VALUES (31,'The Hatred Day Parade, live tonight at 8000SCT!',21);
INSERT INTO `news` VALUES (32,'Vicky-B credited with her eleventh HOOC award!',22);
INSERT INTO `news` VALUES (33,'Alternative Power Firm Strike-Me-Not reports a 3000% increase in power generation this daycycle!',23);
INSERT INTO `news` VALUES (34,'(Y) Underplex reclaim up 4.8% yearcycle on yearcycle.',NULL);
INSERT INTO `news` VALUES (35,'(Y) Bouncy Bubble Beverage increases artificial sweetener content to 81.4%',NULL);
INSERT INTO `news` VALUES (36,'FizzWizz updates its recipe, now with extra Fizz!',NULL);
INSERT INTO `news` VALUES (37,'Defence system update goes smoothly, minimal wrongful terminations.',NULL);
INSERT INTO `news` VALUES (38,'Do we really need so much paperwork? Of course we do! Report at 11.',26);
INSERT INTO `news` VALUES (39,'Alternative Power Firm Strike-Me-Not reports a 3000% increase in power generation this daycycle!',27);
INSERT INTO `news` VALUES (40,'News of Danny-V-SNH\'s glorious return are, as usual, treason until proven otherwise.',28);
INSERT INTO `news` VALUES (41,'A lonely citizen is a treasonous citizen!',29);
INSERT INTO `news` VALUES (42,'(B) Political orthodoxy down 2 points weekcycle on weekcycle.',NULL);
INSERT INTO `news` VALUES (43,'(B) c-bay breaks into ULTRAVIOLET market, announces record profits.',NULL);
INSERT INTO `news` VALUES (44,'Cost of toilet paper rises 5000%, bidets installed in all public restroom blocks.',NULL);
INSERT INTO `news` VALUES (45,'Hygiene standard updated to specify a two sock minimum.',NULL);
INSERT INTO `news` VALUES (46,'The Teela-O Show goes live this daycycle! Record viewership projected!',30);
INSERT INTO `news` VALUES (47,'Eugenics United announces new program for combatting Spontaneous Mutation Syndrome.',31);
INSERT INTO `news` VALUES (48,'New CPU manager sends 800 staff to the re-employment office.',32);
INSERT INTO `news` VALUES (49,'Professor Jack-I-SDR-4 rejects predecessor\'s Communist sympathies, says Communism just doesn\'t work.',NULL);
INSERT INTO `news` VALUES (50,'Citizen DELETED found guilty of leading \"free love\" ring, all members were without hormone stabilisers.',NULL);
INSERT INTO `news` VALUES (51,'(B) Corporate war between ChocolateLyke and Choc-O-Not comes to a head, 284 terminated in fighting.',NULL);
INSERT INTO `news` VALUES (52,'Happy Homecoming Automated Euthenasia Centre increases service from BLUE to ULTRAVIOLET.',33);
INSERT INTO `news` VALUES (53,'PLC firm \"Straight Forward Solutions\" announces their straightest lasers yet!',NULL);
INSERT INTO `news` VALUES (54,'Citizens eagerly await announcement of a record-breaking project later this daycycle.',37);
INSERT INTO `news` VALUES (55,'Right-U-ARE has 16th Initialday today! Celebrations expected across the sector!',39);
INSERT INTO `news` VALUES (56,'(B) Internal Security concentrate on low clearance areas to crack down on societies.',40);
INSERT INTO `news` VALUES (57,'Internal Security retasked to high clearance areas to protect against the commie threat!',40);
/*!40000 ALTER TABLE `news` ENABLE KEYS */;
UNLOCK TABLES;

--
-- Table structure for table `resource`
--

DROP TABLE IF EXISTS `resource`;
/*!40101 SET @saved_cs_client     = @@character_set_client */;
/*!40101 SET character_set_client = utf8 */;
CREATE TABLE `resource` (
  `resource_id` int(11) NOT NULL AUTO_INCREMENT,
  `resource_name` varchar(200) NOT NULL,
  `resource_type` varchar(3) NOT NULL,
  PRIMARY KEY (`resource_id`),
  KEY `index2` (`resource_type`)
) ENGINE=InnoDB AUTO_INCREMENT=35 DEFAULT CHARSET=utf8;
/*!40101 SET character_set_client = @saved_cs_client */;

--
-- Dumping data for table `resource`
--

LOCK TABLES `resource` WRITE;
/*!40000 ALTER TABLE `resource` DISABLE KEYS */;
INSERT INTO `resource` VALUES (1,'Bubble Beverage Funball Stadium','LOC');
INSERT INTO `resource` VALUES (2,'Compnode A','LOC');
INSERT INTO `resource` VALUES (3,'Nuclear Waste','RES');
INSERT INTO `resource` VALUES (4,'Left Boots','RES');
INSERT INTO `resource` VALUES (5,'FunFoods MegaPark','LOC');
INSERT INTO `resource` VALUES (6,'Abandoned Nuclear Plant','LOC');
INSERT INTO `resource` VALUES (7,'New Nuclear Plant','LOC');
INSERT INTO `resource` VALUES (8,'WasteRenewal Toilet Complex','LOC');
INSERT INTO `resource` VALUES (9,'Hot Fun','RES');
INSERT INTO `resource` VALUES (10,'Drinking Water','RES');
INSERT INTO `resource` VALUES (11,'Plutonium','RES');
INSERT INTO `resource` VALUES (12,'Soy','RES');
INSERT INTO `resource` VALUES (13,'Copper Wire','RES');
INSERT INTO `resource` VALUES (14,'##ZON## Splasherooni Fun Park','LOC');
INSERT INTO `resource` VALUES (15,'Compnode B','LOC');
INSERT INTO `resource` VALUES (16,'Compnode C','LOC');
INSERT INTO `resource` VALUES (17,'Compnode D','LOC');
INSERT INTO `resource` VALUES (18,'Compnode E','LOC');
INSERT INTO `resource` VALUES (19,'Compnode F','LOC');
INSERT INTO `resource` VALUES (20,'Compnode G','LOC');
INSERT INTO `resource` VALUES (21,'Compnode H','LOC');
INSERT INTO `resource` VALUES (22,'B3 Funball Stadium','LOC');
INSERT INTO `resource` VALUES (23,'IR Cafeteria ##SUB-L1##','LOC');
INSERT INTO `resource` VALUES (24,'R Cafeteria ##SUB-L2##','LOC');
INSERT INTO `resource` VALUES (25,'O Cafeteria ##SUB-L3##','LOC');
INSERT INTO `resource` VALUES (26,'IR EAP AC ##SUB-L4##','LOC');
INSERT INTO `resource` VALUES (27,'R EAP AC ##SUB-L5##','LOC');
INSERT INTO `resource` VALUES (28,'O EAP AC ##SUB-L6##','LOC');
INSERT INTO `resource` VALUES (29,'Sewer Pipe ##SUB-L7##','LOC');
INSERT INTO `resource` VALUES (30,'Food Vat ##SUB-L8##','LOC');
INSERT INTO `resource` VALUES (31,'UltraMedia Studio ##SUB-L9##','LOC');
INSERT INTO `resource` VALUES (32,'Captain Botaroo Amusement Park','LOC');
INSERT INTO `resource` VALUES (33,'Autocar Garage ##SUB-L10##','LOC');
INSERT INTO `resource` VALUES (34,'Blue Washroom ##SUB-L11##','LOC');
/*!40000 ALTER TABLE `resource` ENABLE KEYS */;
UNLOCK TABLES;

--
-- Table structure for table `sf`
--

DROP TABLE IF EXISTS `sf`;
/*!40101 SET @saved_cs_client     = @@character_set_client */;
/*!40101 SET character_set_client = utf8 */;
CREATE TABLE `sf` (
  `sf_id` int(11) NOT NULL AUTO_INCREMENT,
  `sf_name` varchar(45) NOT NULL,
  `sf_ad` varchar(200) NOT NULL,
  `sg_id` int(11) NOT NULL,
  PRIMARY KEY (`sf_id`),
  KEY `fk_sf_1_idx` (`sg_id`),
  CONSTRAINT `fk_sf_1` FOREIGN KEY (`sg_id`) REFERENCES `sg` (`sg_id`) ON DELETE CASCADE ON UPDATE CASCADE
) ENGINE=InnoDB AUTO_INCREMENT=11 DEFAULT CHARSET=utf8;
/*!40101 SET character_set_client = @saved_cs_client */;

--
-- Dumping data for table `sf`
--

LOCK TABLES `sf` WRITE;
/*!40000 ALTER TABLE `sf` DISABLE KEYS */;
INSERT INTO `sf` VALUES (1,'HappyTainers','Keeping your soldiers laughing at us, not your enemy!',1);
INSERT INTO `sf` VALUES (2,'All That You Can Be Plus Plus','Let each day be an addition to your body: let us Plus Plus you up!',1);
INSERT INTO `sf` VALUES (3,'EnviroServices CPU','Billions of working combinations, only one is effective. Let us help you find it!',2);
INSERT INTO `sf` VALUES (4,'Know More','We plug the breaches in your paperwork: Know More with Know More!',2);
INSERT INTO `sf` VALUES (5,'Selfless Generosity Corp','Everyone needs someone to deride: we hire them for you!',3);
INSERT INTO `sf` VALUES (6,'NotCloning HPD','Uncanny Celebrity lookalikes, fast.',3);
INSERT INTO `sf` VALUES (7,'DottedLine Patrol','Keeping the undesirables of their sector, out.',8);
INSERT INTO `sf` VALUES (8,'Another Kind Of Beat','Keeping the eyes on us, so they keep their eyes off you.',8);
INSERT INTO `sf` VALUES (9,'HandCrafters PLC','Whatever you need, however you need, customised for your pleasure.',4);
INSERT INTO `sf` VALUES (10,'Selective Dining HPD','Fast food, served in 30 minutecycles or less!',4);
/*!40000 ALTER TABLE `sf` ENABLE KEYS */;
UNLOCK TABLES;

--
-- Table structure for table `sg`
--

DROP TABLE IF EXISTS `sg`;
/*!40101 SET @saved_cs_client     = @@character_set_client */;
/*!40101 SET character_set_client = utf8 */;
CREATE TABLE `sg` (
  `sg_id` int(11) NOT NULL AUTO_INCREMENT,
  `sg_name` varchar(200) NOT NULL,
  `sg_abbr` varchar(2) NOT NULL,
  PRIMARY KEY (`sg_id`),
  UNIQUE KEY `sg_name_UNIQUE` (`sg_name`),
  UNIQUE KEY `sg_abbr_UNIQUE` (`sg_abbr`),
  UNIQUE KEY `sg_id_UNIQUE` (`sg_id`)
) ENGINE=InnoDB AUTO_INCREMENT=10 DEFAULT CHARSET=utf8;
/*!40101 SET character_set_client = @saved_cs_client */;

--
-- Dumping data for table `sg`
--

LOCK TABLES `sg` WRITE;
/*!40000 ALTER TABLE `sg` DISABLE KEYS */;
INSERT INTO `sg` VALUES (1,'Armed Forces','AF');
INSERT INTO `sg` VALUES (2,'Central Processing Unit','CP');
INSERT INTO `sg` VALUES (3,'HPD&MC','HP');
INSERT INTO `sg` VALUES (4,'Production, Logistics, and Commisary','PL');
INSERT INTO `sg` VALUES (5,'Tech Services','TS');
INSERT INTO `sg` VALUES (6,'Power Services','PS');
INSERT INTO `sg` VALUES (7,'Research and Development','RD');
INSERT INTO `sg` VALUES (8,'Internal Security','IS');
INSERT INTO `sg` VALUES (9,'Troubleshooter Dispatch','TD');
/*!40000 ALTER TABLE `sg` ENABLE KEYS */;
UNLOCK TABLES;

--
-- Table structure for table `sg_skill`
--

DROP TABLE IF EXISTS `sg_skill`;
/*!40101 SET @saved_cs_client     = @@character_set_client */;
/*!40101 SET character_set_client = utf8 */;
CREATE TABLE `sg_skill` (
  `sg_id` int(11) NOT NULL,
  `skills_id` int(11) NOT NULL,
  PRIMARY KEY (`sg_id`,`skills_id`),
  KEY `fk_sg_skill_1_idx` (`skills_id`),
  CONSTRAINT `fk_sg_skill_1` FOREIGN KEY (`skills_id`) REFERENCES `skills` (`skills_id`) ON DELETE CASCADE ON UPDATE CASCADE,
  CONSTRAINT `fk_sg_skill_2` FOREIGN KEY (`sg_id`) REFERENCES `sg` (`sg_id`) ON DELETE CASCADE ON UPDATE CASCADE
) ENGINE=InnoDB DEFAULT CHARSET=utf8;
/*!40101 SET character_set_client = @saved_cs_client */;

--
-- Dumping data for table `sg_skill`
--

LOCK TABLES `sg_skill` WRITE;
/*!40000 ALTER TABLE `sg_skill` DISABLE KEYS */;
INSERT INTO `sg_skill` VALUES (1,11);
INSERT INTO `sg_skill` VALUES (1,16);
INSERT INTO `sg_skill` VALUES (1,17);
INSERT INTO `sg_skill` VALUES (1,18);
INSERT INTO `sg_skill` VALUES (1,20);
INSERT INTO `sg_skill` VALUES (1,21);
INSERT INTO `sg_skill` VALUES (1,22);
INSERT INTO `sg_skill` VALUES (1,23);
INSERT INTO `sg_skill` VALUES (1,31);
INSERT INTO `sg_skill` VALUES (1,33);
INSERT INTO `sg_skill` VALUES (1,49);
INSERT INTO `sg_skill` VALUES (2,1);
INSERT INTO `sg_skill` VALUES (2,2);
INSERT INTO `sg_skill` VALUES (2,5);
INSERT INTO `sg_skill` VALUES (2,7);
INSERT INTO `sg_skill` VALUES (2,13);
INSERT INTO `sg_skill` VALUES (2,17);
INSERT INTO `sg_skill` VALUES (2,34);
INSERT INTO `sg_skill` VALUES (2,35);
INSERT INTO `sg_skill` VALUES (2,36);
INSERT INTO `sg_skill` VALUES (2,37);
INSERT INTO `sg_skill` VALUES (2,41);
INSERT INTO `sg_skill` VALUES (2,45);
INSERT INTO `sg_skill` VALUES (2,47);
INSERT INTO `sg_skill` VALUES (3,2);
INSERT INTO `sg_skill` VALUES (3,3);
INSERT INTO `sg_skill` VALUES (3,5);
INSERT INTO `sg_skill` VALUES (3,6);
INSERT INTO `sg_skill` VALUES (3,7);
INSERT INTO `sg_skill` VALUES (3,10);
INSERT INTO `sg_skill` VALUES (3,18);
INSERT INTO `sg_skill` VALUES (3,25);
INSERT INTO `sg_skill` VALUES (3,27);
INSERT INTO `sg_skill` VALUES (3,39);
INSERT INTO `sg_skill` VALUES (3,44);
INSERT INTO `sg_skill` VALUES (3,46);
INSERT INTO `sg_skill` VALUES (3,47);
INSERT INTO `sg_skill` VALUES (4,6);
INSERT INTO `sg_skill` VALUES (4,15);
INSERT INTO `sg_skill` VALUES (4,26);
INSERT INTO `sg_skill` VALUES (4,29);
INSERT INTO `sg_skill` VALUES (4,31);
INSERT INTO `sg_skill` VALUES (4,36);
INSERT INTO `sg_skill` VALUES (4,38);
INSERT INTO `sg_skill` VALUES (4,39);
INSERT INTO `sg_skill` VALUES (4,41);
INSERT INTO `sg_skill` VALUES (4,42);
INSERT INTO `sg_skill` VALUES (4,46);
INSERT INTO `sg_skill` VALUES (5,3);
INSERT INTO `sg_skill` VALUES (5,12);
INSERT INTO `sg_skill` VALUES (5,19);
INSERT INTO `sg_skill` VALUES (5,20);
INSERT INTO `sg_skill` VALUES (5,24);
INSERT INTO `sg_skill` VALUES (5,25);
INSERT INTO `sg_skill` VALUES (5,26);
INSERT INTO `sg_skill` VALUES (5,27);
INSERT INTO `sg_skill` VALUES (5,29);
INSERT INTO `sg_skill` VALUES (5,30);
INSERT INTO `sg_skill` VALUES (5,32);
INSERT INTO `sg_skill` VALUES (5,33);
INSERT INTO `sg_skill` VALUES (5,42);
INSERT INTO `sg_skill` VALUES (5,43);
INSERT INTO `sg_skill` VALUES (6,8);
INSERT INTO `sg_skill` VALUES (6,9);
INSERT INTO `sg_skill` VALUES (6,14);
INSERT INTO `sg_skill` VALUES (6,15);
INSERT INTO `sg_skill` VALUES (6,24);
INSERT INTO `sg_skill` VALUES (6,25);
INSERT INTO `sg_skill` VALUES (6,27);
INSERT INTO `sg_skill` VALUES (6,28);
INSERT INTO `sg_skill` VALUES (6,35);
INSERT INTO `sg_skill` VALUES (6,38);
INSERT INTO `sg_skill` VALUES (6,40);
INSERT INTO `sg_skill` VALUES (7,11);
INSERT INTO `sg_skill` VALUES (7,16);
INSERT INTO `sg_skill` VALUES (7,19);
INSERT INTO `sg_skill` VALUES (7,23);
INSERT INTO `sg_skill` VALUES (7,28);
INSERT INTO `sg_skill` VALUES (7,30);
INSERT INTO `sg_skill` VALUES (7,32);
INSERT INTO `sg_skill` VALUES (7,34);
INSERT INTO `sg_skill` VALUES (7,37);
INSERT INTO `sg_skill` VALUES (7,40);
INSERT INTO `sg_skill` VALUES (7,42);
INSERT INTO `sg_skill` VALUES (7,43);
INSERT INTO `sg_skill` VALUES (7,44);
INSERT INTO `sg_skill` VALUES (7,45);
INSERT INTO `sg_skill` VALUES (8,1);
INSERT INTO `sg_skill` VALUES (8,4);
INSERT INTO `sg_skill` VALUES (8,8);
INSERT INTO `sg_skill` VALUES (8,9);
INSERT INTO `sg_skill` VALUES (8,10);
INSERT INTO `sg_skill` VALUES (8,11);
INSERT INTO `sg_skill` VALUES (8,12);
INSERT INTO `sg_skill` VALUES (8,14);
INSERT INTO `sg_skill` VALUES (8,18);
INSERT INTO `sg_skill` VALUES (8,21);
INSERT INTO `sg_skill` VALUES (8,22);
INSERT INTO `sg_skill` VALUES (8,44);
INSERT INTO `sg_skill` VALUES (8,49);
INSERT INTO `sg_skill` VALUES (9,48);
/*!40000 ALTER TABLE `sg_skill` ENABLE KEYS */;
UNLOCK TABLES;

--
-- Temporary table structure for view `sg_skills`
--

DROP TABLE IF EXISTS `sg_skills`;
/*!50001 DROP VIEW IF EXISTS `sg_skills`*/;
SET @saved_cs_client     = @@character_set_client;
SET character_set_client = utf8;
/*!50001 CREATE TABLE `sg_skills` (
  `sg_name` tinyint NOT NULL,
  `sgskills` tinyint NOT NULL
) ENGINE=MyISAM */;
SET character_set_client = @saved_cs_client;

--
-- Table structure for table `sgm`
--

DROP TABLE IF EXISTS `sgm`;
/*!40101 SET @saved_cs_client     = @@character_set_client */;
/*!40101 SET character_set_client = utf8 */;
CREATE TABLE `sgm` (
  `sgm_id` int(11) NOT NULL AUTO_INCREMENT,
  `sgm_text` varchar(200) NOT NULL,
  `sg_id` int(11) NOT NULL,
  `c_id` int(11) DEFAULT NULL,
  PRIMARY KEY (`sgm_id`),
  KEY `index_sg` (`sg_id`),
  KEY `index_c` (`c_id`),
  CONSTRAINT `fk_sgm_1` FOREIGN KEY (`c_id`) REFERENCES `crisis` (`c_id`) ON DELETE CASCADE ON UPDATE CASCADE,
  CONSTRAINT `fk_sgm_2` FOREIGN KEY (`sg_id`) REFERENCES `sg` (`sg_id`) ON DELETE CASCADE ON UPDATE CASCADE
) ENGINE=InnoDB AUTO_INCREMENT=184 DEFAULT CHARSET=utf8;
/*!40101 SET character_set_client = @saved_cs_client */;

--
-- Dumping data for table `sgm`
--

LOCK TABLES `sgm` WRITE;
/*!40000 ALTER TABLE `sgm` DISABLE KEYS */;
INSERT INTO `sgm` VALUES (1,'The grunts are getting restless. Make sure at least two infantry units are given something to do.',1,NULL);
INSERT INTO `sgm` VALUES (2,'The budget for the new Mark V Warbot is tight. We need an R&D team and half a ton of reactor fuel to attempt to turn it on.',1,NULL);
INSERT INTO `sgm` VALUES (3,'Efficiency is down 15.7%. Find a way to increase it. It doesn\'t matter what it is, it\'ll all balance out in the end.',2,NULL);
INSERT INTO `sgm` VALUES (4,'Housing in ##ZON## is oversubscribed by 21%. Either build more housing or reduce demand.',3,NULL);
INSERT INTO `sgm` VALUES (5,'We\'ve overproduced on ##RES-1## by six months. Find a use for the excess ##RES-1##.',4,NULL);
INSERT INTO `sgm` VALUES (6,'We have a machine. We don\'t know what it does. Turning it on needs unfettered access to a reactor. We want to turn it on.',7,NULL);
INSERT INTO `sgm` VALUES (7,'Our contract to rebuild sector ZQD is behind schedule. We need another couple of construction teams but don\'t let anyone know we\'re using them to finish ZQD.',5,NULL);
INSERT INTO `sgm` VALUES (8,'We\'ve got a huge excess of spent fuel rods. Find a place to put them, please?',6,NULL);
INSERT INTO `sgm` VALUES (9,'We\'re having trouble storing all the nukes. Either use a few or find us a new storage area.',1,NULL);
INSERT INTO `sgm` VALUES (10,'The jackbooted idiots are blaming us for no termination vouchers being dispatched, make sure the blame falls on them and not on us.',2,1);
INSERT INTO `sgm` VALUES (11,'Those idiots in CPU haven\'t sent us any termination vouchers for the last daycycle. Find out why and make sure they take the blame.',8,1);
INSERT INTO `sgm` VALUES (12,'We want this contract but haven\'t the time to prepare...make sure Power Services\' tubes stop working and get us that contract.',5,2);
INSERT INTO `sgm` VALUES (13,'The money we could get from this contract, not to mention the extra housing space. Do whatever it takes to get us the contract.',3,2);
INSERT INTO `sgm` VALUES (14,'It\'s not our fault there were so many problems with the Transtube timetables! Make sure we keep this contract, or we\'re all toast.',6,2);
INSERT INTO `sgm` VALUES (15,'Power Services have never given our troops free rides. Make sure whoever gets the contract promises free rides to Armed Forces grunts.',1,2);
INSERT INTO `sgm` VALUES (16,'We were ambushed while getting the weapon from R&D. Make sure we don\'t get embarrased over this.',1,3);
INSERT INTO `sgm` VALUES (17,'We filed the RDP ##SUB## paperwork as complete before the exchange was ambushed. Make sure the exchange is completed before the end of the daycycle.',2,3);
INSERT INTO `sgm` VALUES (18,'There\'s a small problem we\'ve located with RDP ##SUB##, once it gets fired it can\'t be turned off. Destroy the device and make sure no-one else finds out about this little flaw.',7,3);
INSERT INTO `sgm` VALUES (19,'##CIT-V-TR##\'s erasure has to go off without a hitch. The Big C\'s twitchy enough as it is.',3,4);
INSERT INTO `sgm` VALUES (20,'Due to constraints, we can\'t actually remove ##CIT-V-TR##\'s name from the databanks until after their erasure, or it\'ll crash the TTS. Make sure it doesn\'t crash.',2,4);
INSERT INTO `sgm` VALUES (21,'The Big C seems to have a sore spot for ##CIT-V-TR##, and the TTS isn\'t tracking why. Make sure the trial goes off fine, but delay the erasure so we can use \'em as bait.',8,4);
INSERT INTO `sgm` VALUES (22,'##CIT-V-TR##\'s erasure is due for 80:00, but we want it pushed back to 90:00 for...reasons. We also want their body afterwards, get it to us.',7,4);
INSERT INTO `sgm` VALUES (23,'RDP ##SUB## is one of our best projects, and it actually works! Get it standardized sector-wide.',7,5);
INSERT INTO `sgm` VALUES (24,'If RDP ##SUB## gets standardised we\'ll lose at least half our revenue. Make sure it doesn\'t make the cut.',4,5);
INSERT INTO `sgm` VALUES (25,'RDP ##SUB## getting standardised means we can sell space in our reactors for growth! Get in standardised!',6,5);
INSERT INTO `sgm` VALUES (26,'The nitwits at Power Services want RDP ##SUB## standardised for some reason. Make sure it doesn\'t happen.',5,5);
INSERT INTO `sgm` VALUES (27,'If RDP ##SUB## is standardised, we won\'t be able to easily push drugs to the population. Stop it at all costs',3,5);
INSERT INTO `sgm` VALUES (28,'If R&D\'s new gene is standardised, we can classify most of the sector as unregistered mutants and push our rates through the roof! Get it done.',8,5);
INSERT INTO `sgm` VALUES (29,'Current projections of RDP ##SUB## show an efficiency increase of 180%! Get it standardised!',2,5);
INSERT INTO `sgm` VALUES (33,'This attack must be from Beta Complex. We must march upon Beta Complex immediately!',1,7);
INSERT INTO `sgm` VALUES (34,'This attack will lead to war if we don\'t act soon. Prevent a war with Beta Complex breaking out until we find the cause.',8,7);
INSERT INTO `sgm` VALUES (35,'Our grid is almost overloaded! I can\'t believe I\'m saying this...but we need clones to use more power immediately!',6,7);
INSERT INTO `sgm` VALUES (36,'There\'s a sudden drop of happiness in multiple subsectors. We need it cleared up pronto.',3,7);
INSERT INTO `sgm` VALUES (37,'The Petbot 214 has a bit of a flaw, but make sure it doesn\'t get banned. It\'s set to have huge sales!',4,8);
INSERT INTO `sgm` VALUES (38,'The Petbot 214 is a hit, but could use a few new features. Make sure the next production run encourages people to watch \"Late Night with Conan-O-BRN\"',3,8);
INSERT INTO `sgm` VALUES (39,'The release of the Petbot 214 is ruining our metrics. Get it removed from sale however you can.',2,8);
INSERT INTO `sgm` VALUES (40,'The new Petbot requires huge amounts of power, and needs to be rechared every two hours. The grid can\'t handle it, either get us more power or remove the petbots.',6,8);
INSERT INTO `sgm` VALUES (41,'The concentration of petbots is at an exact level required for data gathering. Don\'t have them recalled, but don\'t let the next production run complete.',7,8);
INSERT INTO `sgm` VALUES (42,'The truckbot with cold fun syrup crashed in ##SUB##, make sure we don\'t take the blame or have to pay any damages.',4,9);
INSERT INTO `sgm` VALUES (43,'Tunnel ##SUB## was a clear run on the map! Make sure CPU wear the blame for the Cold Fun syrup truckbot crash.',5,9);
INSERT INTO `sgm` VALUES (44,'The maps for the transtubes were supposed to be updated last monthcycle but weren\'t. Cover us while we update the maps and records to show the update happened as planned.',2,9);
INSERT INTO `sgm` VALUES (45,'The data shows a terrorist attack is supposed to hit today. Identify the threat, and make sure it\'s stopped.',8,10);
INSERT INTO `sgm` VALUES (46,'Finally, a chance to embarrass those idiots at IntSec. Find what this supposed terrorist attack is supposed to be, and when it happens make sure IntSec take the blame.',1,10);
INSERT INTO `sgm` VALUES (47,'Make sure the UltraSuperMegaBowl goes off without a hitch - broadcasting is on a 10 minute delay to the complex, it must not be interrupted.',3,10);
INSERT INTO `sgm` VALUES (48,'Our techs have nicknamed today the MegaBowel, for obvious reasons. If there\'s anything in the pipes there may be problems. If it happens, don\'t let the blame fall on us.',5,10);
INSERT INTO `sgm` VALUES (49,'Project ##SUB## is going ahead today, make sure it\'s a success!',7,6);
INSERT INTO `sgm` VALUES (50,'##SUB## is likely to cause us to lose the need of heaps of reactors! Don\'t let it succeed!',6,6);
INSERT INTO `sgm` VALUES (51,'The reactor isn\'t actually ready to go yet, we need engineers sent down before it gets switched on. Whatever happens, make sure HPD don\'t get any footage of the unfinished reactor.',6,11);
INSERT INTO `sgm` VALUES (52,'We\'ve been refused access to the opening ceremony of the new reactor, but you should have no problem. Get our cameras into the opening ceremony and find out what\'s going on.',3,11);
INSERT INTO `sgm` VALUES (53,'We\'ve had this huge stock of radiation badges for over a yearcycle. Sell one to every citizen of the sector.',4,11);
INSERT INTO `sgm` VALUES (54,'We just got word of a huge invasion force! Get at least four of our units into the fight!',1,12);
INSERT INTO `sgm` VALUES (55,'We\'ve finally got a solid war coming. Get heaps of combat footage of our troops winning for the usual propaganda purposes.',3,12);
INSERT INTO `sgm` VALUES (56,'We\'re going to war. Prevent any major damage to the sector, or make sure the other service groups get blamed for it.',5,12);
INSERT INTO `sgm` VALUES (57,'We don\'t actually have enough laser barrels to go to war with. Either make more fast or find alterative ammo sources.',4,12);
INSERT INTO `sgm` VALUES (58,'The flooding water may be fresh water! If it is, store it somewhere so we can bottle it and sell it for megacredits!',4,13);
INSERT INTO `sgm` VALUES (59,'Mission quota is down. Send at least 5 troubleshooter teams on missions before the end of the daycycle.',9,NULL);
INSERT INTO `sgm` VALUES (60,'That entire flooded area was almost condemned. Let it get destroyed so we can get a juicy demolition contract out of it.',5,13);
INSERT INTO `sgm` VALUES (61,'This flooding is bad for morale. Implement a couple of initiatives to make the proles feel good about the flooding.',3,13);
INSERT INTO `sgm` VALUES (62,'We have reliable information one of the High Programmers in the room is a traitor. Find them and have them terminated before end of daycycle.',8,NULL);
INSERT INTO `sgm` VALUES (63,'There\'s been a sudden drop in the hygiene index, whatever the cause, make sure the blame is on tech services.',2,14);
INSERT INTO `sgm` VALUES (64,'There\'s been a sudden loss of hygiene in the complex, our cleaners are still working fine. Make the blame land squarely on R&D.',5,14);
INSERT INTO `sgm` VALUES (65,'We deployed a few dirt indexer bots last weekcycle and they work great! Make sure any blame for the loss of sector hygiene falls on CPU and not us.',7,14);
INSERT INTO `sgm` VALUES (66,'The Computer\'s convinced that one of the other High Programmers is a traitor. If you don\'t prove that one is a traitor it\'ll blow a fuse.',2,NULL);
INSERT INTO `sgm` VALUES (67,'We need more data on the effects of a nuclear meltdown, so we can test our new nuclear-proof underwear.',7,NULL);
INSERT INTO `sgm` VALUES (68,'We need to close transtube ##ZON##-M4 for six months. Clear it with the other High Programmers and make sure they understand this will disrupt all transport in the sector.',6,NULL);
INSERT INTO `sgm` VALUES (69,'##CIT-B-1## is one of our most decorated Vulture Troopers. Don\'t let treason be the public reason for his erasure.',1,15);
INSERT INTO `sgm` VALUES (70,'##CIT-B-1## is an embarrassment to the complex, show him as an example that anyone can be a commie.',8,15);
INSERT INTO `sgm` VALUES (71,'We need more exposure, ratings are falling. Get a high-profile citizen to go on at least two troubleshooter missions.',9,15);
INSERT INTO `sgm` VALUES (72,'If ##CIT-B-1## is publicly denounced as treasonous it will be horrible for morale. Don\'t let that happen.',3,15);
INSERT INTO `sgm` VALUES (73,'We\'re lagging behind on our High Profile Mutation Tracking. Find ##CIT-B-1##\'s mutation and have it registered before his erasure.',2,15);
INSERT INTO `sgm` VALUES (74,'214-##SUB## is a commie weapon of mass destruction! Secure it and give it to us so we can study it!',7,16);
INSERT INTO `sgm` VALUES (75,'Oh Computer, 214-##SUB## again? Make sure it\'s properly secured by us this time.',8,16);
INSERT INTO `sgm` VALUES (76,'Everyone seems to be after 214-##SUB##. Make sure it\'s secured by us so we can replicate it and sell it to the other groups for massive profits!',4,16);
INSERT INTO `sgm` VALUES (77,'Why are the other groups after 214-##SUB## anyway? Get it for us so we can sell it to the highest bidder!',6,16);
INSERT INTO `sgm` VALUES (78,'Those Jackbooted idiots can\'t even keep one item under containment? Get 214-##SUB## for us, and we\'ll secure it properly this time.',1,16);
INSERT INTO `sgm` VALUES (79,'MuchoMeat is one of our most profitable producers, don\'t let any serious damage come to it.',4,17);
INSERT INTO `sgm` VALUES (80,'MuchoMeat is out-performing profit expectations. Bring it back within expectations.',2,17);
INSERT INTO `sgm` VALUES (81,'MuchoMeat is full of expensive machinery, if things were to get broken there it would be extremely profitable for our techs. Make it profitable for our techs.',5,17);
INSERT INTO `sgm` VALUES (82,'MuchoMeat uses far too much power. Halve their power consumption by the end of the daycycle.',6,17);
INSERT INTO `sgm` VALUES (83,'##SUB## only has enough power for two firings, but the second will destroy the device. Stop people from using it more than once!',7,18);
INSERT INTO `sgm` VALUES (84,'We\'re low on water. Use ##SUB## to pull water in from Jupiter\'s moon.',4,18);
INSERT INTO `sgm` VALUES (85,'The enemy complex on the moon has always held a sword over our heads...until today! Use ##SUB## to destroy that complex!',1,18);
INSERT INTO `sgm` VALUES (86,'There\'s an entrenched PURGE cell hiding deep underground, use ##SUB## to penetrate the fortress and eliminate the cell.',8,18);
INSERT INTO `sgm` VALUES (87,'Something\'s going on with the computer\'s circuits...make sure FC doesn\'t terminate any of the HPs this daycycle so we can track down the problem.',5,19);
INSERT INTO `sgm` VALUES (88,'The terrorist attack appears to be orchestrated by an Ultraviolet. Uncover this UV and have them terminated.',8,20);
INSERT INTO `sgm` VALUES (89,'We have the Hatred Day Parade running tonight, make sure it\'s not interrupted.',3,21);
INSERT INTO `sgm` VALUES (90,'The Parade usually brings out the commie rats. The arrest quota for today is 400% of normal, make sure we reach it.',8,21);
INSERT INTO `sgm` VALUES (91,'PS aren\'t giving us the power we need for the parade lighting. Get it for us.',5,21);
INSERT INTO `sgm` VALUES (92,'Our reactors are maxing out, reduce usage before one goes critical.',6,21);
INSERT INTO `sgm` VALUES (93,'Vicky-B has an appearance later today, make sure she attends it before her disappearance.',1,22);
INSERT INTO `sgm` VALUES (94,'The Big C has deterimined Vicky-B to be a traitor. Get her to us before her public appearance later this daycycle before she causes damage.',8,22);
INSERT INTO `sgm` VALUES (95,'We still have tons of Vicky-B merchandise, make sure she is still a hero when this is all over.',4,22);
INSERT INTO `sgm` VALUES (96,'Strike-Me-Not has suddenly become profitable, make sure it doesn\'t get shut down and stays under our control.',7,23);
INSERT INTO `sgm` VALUES (97,'Strike-Me-Not is surpassing expectations. Make sure it gets shut down or gets transferred to us.',6,23);
INSERT INTO `sgm` VALUES (98,'Strike-Me-Not is suddenly exceeding expectations, a sure sign of treason. Shut it down and have the staff interrogated.',8,23);
INSERT INTO `sgm` VALUES (99,'When the exercise is over, make sure IntSec look incompetent while we look fantastic.',1,24);
INSERT INTO `sgm` VALUES (100,'There\'ll be an invasion exercise today. Embarass the AF while making us look good.',8,24);
INSERT INTO `sgm` VALUES (101,'We need to show the complex working together, get footage of at least 4 service groups working together to defend the complex.',3,24);
INSERT INTO `sgm` VALUES (102,'We should take back ##CIT-V## by force! We must pre-emptively attack! Of course, clear it with the rest of the UVs first.',1,25);
INSERT INTO `sgm` VALUES (103,'We should oversee the ##CIT-V## deal. Set up the deal, and make sure we get them back unharmed.',8,25);
INSERT INTO `sgm` VALUES (104,'We need some good graces with FC, make sure a Troubleshooter Team oversees the transfer of ##CIT-V##.',9,25);
INSERT INTO `sgm` VALUES (105,'We need to show R&D is still relevant in the fight against Communism, be sure our projects take a leading role in the upcoming exercise.',7,24);
INSERT INTO `sgm` VALUES (106,'A staged commie attack means lots of repair work. Make sure all repair work is blamed on other SG\'s imcompetence, not on the exercise, or we\'ll have to pay the bill.',5,24);
INSERT INTO `sgm` VALUES (107,'We should use this opportunity to move all our records to electronic sources. Convince FC to go full electronic!',2,26);
INSERT INTO `sgm` VALUES (108,'CPU is going to try and make records go all electronic, stop it from happening, the power cost would be impossible.',6,26);
INSERT INTO `sgm` VALUES (109,'Find a different medium than paper or electronic to put records on, and convince FC to use it to store all records. We\'ll make millions!',4,26);
INSERT INTO `sgm` VALUES (110,'PLC is going to go silly over some new record storage material again, make sure it doesn\'t get implemented. Paper and Electronic are all we need.',3,26);
INSERT INTO `sgm` VALUES (111,'We\'ve been trying to push for quantum storage for some time now, here\'s our chance. Convince FC to move all records to the new format.',7,26);
INSERT INTO `sgm` VALUES (112,'R&D is going to push for quantum storage again, ever tried to convict someone on evidence they might be guilty? Yeah. Stop it from happening.',8,26);
INSERT INTO `sgm` VALUES (113,'This attack must be from Beta Complex. We must march upon Beta Complex immediately!',1,27);
INSERT INTO `sgm` VALUES (114,'This attack will lead to war if we don\'t act soon. Prevent a war with Beta Complex breaking out until we find the cause.',8,27);
INSERT INTO `sgm` VALUES (115,'Danny-V-SNH was broken out of custody before his debriefing interrogation. Get them back and find the culprit.',8,28);
INSERT INTO `sgm` VALUES (116,'Danny-V-SNH was a popular figure before they sent on their mission. Get them in the spotlight and keep them alive.',3,28);
INSERT INTO `sgm` VALUES (117,'We still have a warehouse of Danny-V-SNH memorabillia. Bring them back into the public eye and flog off all this old stuff.',4,28);
INSERT INTO `sgm` VALUES (118,'The sector is overpopulated. This is our chance to lower the Treason Termination Minimum by 15%. Clear it with the other HPs.',8,29);
INSERT INTO `sgm` VALUES (119,'Cloning times are already at the maximum, make sure clone deaths are at a minimum this daycycle.',5,29);
INSERT INTO `sgm` VALUES (120,'HPD&MC are going to use the overpopulation as an excuse to take our land. Make sure we don\'t lose any land to HPD todaycycle.',1,29);
INSERT INTO `sgm` VALUES (121,'HPD&MC are going to use the overpopulation as an excuse to take our land. Make sure we don\'t lose any land to HPD todaycycle.',4,29);
INSERT INTO `sgm` VALUES (122,'HPD&MC are going to use the overpopulation as an excuse to take our land. Make sure we don\'t lose any land to HPD todaycycle.',7,29);
INSERT INTO `sgm` VALUES (123,'If we\'re going to fix the overpopulation, we need more land for housing. We need two of either AF bases, PLC warehouses, or R&D labs.',3,29);
INSERT INTO `sgm` VALUES (124,'Friend Computer has an interest in this show performing well. Ensure the show goes off without a hitch.',3,30);
INSERT INTO `sgm` VALUES (125,'We have intel Teela-O is trying to disappear and will do so during her live show today. Ensure her location is tracked and her accomplices are arrested.',8,30);
INSERT INTO `sgm` VALUES (126,'The market is already oversaturated on Teela-O merch, and we\'ve got tons in storage. Find some way to get sales of Teela-O merch going again.',4,30);
INSERT INTO `sgm` VALUES (127,'The megamall is expected to be completely full todaycycle. That means there won\'t be enough air for the people inside. Don\'t let us take the blame for any incidents.',6,30);
INSERT INTO `sgm` VALUES (128,'Simple repairs aren\'t profitable. Make sure GRB sector is either unharmed or declared destroyed after it\'s reintegrated.',5,31);
INSERT INTO `sgm` VALUES (129,'Tech Services have been getting uppity, we should cause them some trouble. Cause a large repair log for GRB sector, but don\'t have it declared destroyed.',6,31);
INSERT INTO `sgm` VALUES (130,'We noticed major computer activity before the sector went offline. Don\'t let any damage come to GRB sector.',2,31);
INSERT INTO `sgm` VALUES (131,'Last message received from GRB sector was warning of the danger of the eugenicists. Identify and classify this new threat.',8,31);
INSERT INTO `sgm` VALUES (132,'We were sent tons of paper that was used on Reactor ##SUB##\'s shielding. Don\'t let the other groups find out.',6,32);
INSERT INTO `sgm` VALUES (133,'The jackbooted idiots are blaming us for no termination vouchers being dispatched, make sure the blame falls on IntSec and not on us.',2,32);
INSERT INTO `sgm` VALUES (134,'Those idiots in CPU haven\'t sent us any termination vouchers for the last daycycle. Find out why and make sure they take the blame.',8,32);
INSERT INTO `sgm` VALUES (135,'Whatever happens, make sure you get prize number 2, it can\'t fall into someone else\'s hands.',8,33);
INSERT INTO `sgm` VALUES (136,'Prize 2 is far too valuable for any other group to have, make sure you get it instead of them.',1,33);
INSERT INTO `sgm` VALUES (137,'Internal affairs is breathing down our necks. Make sure whoever controls internal security gets prize number 1, it will distract them for a while.',9,33);
INSERT INTO `sgm` VALUES (138,'Tech Services being their usual uppity self, make sure their controlling UV gets prize number 1.',6,33);
INSERT INTO `sgm` VALUES (139,'Power Services has seen prize 1, and as usual they\'ll try and give it to us. Make sure their controlling UV gets it instead.',5,33);
INSERT INTO `sgm` VALUES (140,'We can\'t find ##SUB## anywhere, we don\'t even know where it was supposed to have been built. Don\'t let the others find this out.',7,34);
INSERT INTO `sgm` VALUES (141,'RnD have been promising ##SUB## for over two yearcycles now. Recover it and bring it to us.',1,34);
INSERT INTO `sgm` VALUES (142,'We suspect RnD are planning on framing us for embezzling funds, when of course we didn\'t. Make sure the blame falls purely on RnD.',2,34);
INSERT INTO `sgm` VALUES (143,'We were promised manufacturing contracts on ##SUB##, have it tested and approved for production.',5,34);
INSERT INTO `sgm` VALUES (144,'Clones don\'t buy as much when fear of Commies is high, they stay away from shops. Lower the fear of commies by the end of the daycycle and get them out shopping again!',4,35);
INSERT INTO `sgm` VALUES (145,'Clones watch more vidshows when fear of commies is high. Raise the fear of commies even higher so we can make more on advertisements!',3,35);
INSERT INTO `sgm` VALUES (146,'Our Communist Fear index is just right. Keep it stable for the rest of the daycycle.',2,35);
INSERT INTO `sgm` VALUES (147,'We can\'t find ##SUB## anywhere, we don\'t even know where it was supposed to have been built. Don\'t let the others find this out.',7,36);
INSERT INTO `sgm` VALUES (148,'RnD have been promising ##SUB## for over two yearcycles now. Recover it and bring it to us.',1,36);
INSERT INTO `sgm` VALUES (149,'We suspect RnD are planning on framing us for embezzling funds, when of course we didn\'t. Make sure the blame falls purely on RnD.',2,36);
INSERT INTO `sgm` VALUES (150,'We were promised manufacturing contracts on ##SUB##, have it tested and approved for production.',4,36);
INSERT INTO `sgm` VALUES (151,'We\'re behind on our success ratio. We need two successful troubleshooter missions by the end of the daycycle.',9,NULL);
INSERT INTO `sgm` VALUES (152,'We\'re behind on our survival quota. We need two troubleshooter missions to lose no clones by the end of the daycycle.',9,NULL);
INSERT INTO `sgm` VALUES (153,'There\'s a huge budget for a project coming up, make sure that whatever it is, it combats the commie threat in some way.',1,37);
INSERT INTO `sgm` VALUES (154,'According to cpu calculations, we need to boost the compliance index. Whatever this big project is, make sure it\'s increasing citizen compliance.',2,37);
INSERT INTO `sgm` VALUES (155,'I hate saying this, but citizens are watching too many vidshows and health is suffering. Whatever this big project is, it needs to increase citizen\'s health.',3,37);
INSERT INTO `sgm` VALUES (156,'We\'re behind on our discovery quota for the yearcycle, and we may not make it. Whatever this big project is, it needs to help us catch more traitors.',8,37);
INSERT INTO `sgm` VALUES (157,'The grid is already running at maximum. Whatever this big project is, it either needs to create its own power or use no power whatsoever.',6,37);
INSERT INTO `sgm` VALUES (158,'Too much money is getting siphoned into HPD\'s pay per view shows. Whatever this big project does, it needs to make 1 billion in revenue per monthcycle.',4,37);
INSERT INTO `sgm` VALUES (159,'Whatever this big project becomes, it must push the boundaries of science and be something never done before.',7,37);
INSERT INTO `sgm` VALUES (160,'The ##ZON## sector translines are a confusing mess. We need you to make this new project have at least a million visitors per day so we can use it at a transbot hub later.',5,37);
INSERT INTO `sgm` VALUES (161,'We need to improve the success ratio of missions in the future. Whatever the new project is, we need it to enhance troubleshooter efficiency.',9,37);
INSERT INTO `sgm` VALUES (162,'We must study Lenin-##ZON##! Return him to our containment!',7,38);
INSERT INTO `sgm` VALUES (163,'Lenin-##ZON## is a danger to the complex, he must be eliminated!',1,38);
INSERT INTO `sgm` VALUES (164,'Lenin-##ZON## is a high profile traitor! He must be captured and subjected to a public erasure!',3,38);
INSERT INTO `sgm` VALUES (165,'We need Right-U-ARE to decide the transtube connection takes the western path. Please ensure it does.',1,39);
INSERT INTO `sgm` VALUES (166,'Right-U-ARE is the lynchpin in this transtube decision. Make sure it goes through the western route.',6,39);
INSERT INTO `sgm` VALUES (167,'Right-U-ARE is the lynchpin in this transtube decision. Make sure it goes through the eastern path.',5,39);
INSERT INTO `sgm` VALUES (168,'We need Right-U-ARE to decide the transtube connection takes the eastern path. Please make sure it does.',8,39);
INSERT INTO `sgm` VALUES (169,'If Right-U-ARE doesn\'t decide the transtube takes the western path, we will have to demolish part of the Megamall! Make sure they choose the eastern path!',4,39);
INSERT INTO `sgm` VALUES (170,'If Right-U-ARE doesn\'t decide the transtube takes the eastern path, we will have to demolish part of our studio complex! Make sure they choose the eastern path!',3,39);
INSERT INTO `sgm` VALUES (171,'CPU approved our change to sell Brewskis to the masses! Don\'t let them reverse change order ##SUB## they let through!',4,40);
INSERT INTO `sgm` VALUES (172,'The citizens have been extremely compliant and happy in the last daycycle. Continue this trend.',3,40);
INSERT INTO `sgm` VALUES (173,'Large quantities of infrareds are going into negative bank balances. Correct this trend.',2,40);
INSERT INTO `sgm` VALUES (174,'Citizens have been vomiting at an alarming rate this daycycle, and we\'re not sure exactly why. Please rectify the situation.',5,40);
INSERT INTO `sgm` VALUES (175,'Our troops\' accuracy and obedience has dropped all across the sector. Have our troops back at rediness before the end of the daycycle!',1,40);
INSERT INTO `sgm` VALUES (176,'Civil disobedience incidents have spiked today, and we don\'t have the manpower to get it under control. Rectify it before the end of the daycycle.',8,40);
INSERT INTO `sgm` VALUES (177,'We\'ve lost too many reactors to sabotage lately, make sure we don\'t lose another reactor today.',6,40);
INSERT INTO `sgm` VALUES (178,'We\'re at final testing for RDP ##SUB-RD##, but we need drug free test subjects. Get us 50.',7,40);
INSERT INTO `sgm` VALUES (179,'We have to meet a food delivery at the end of the daycycle. Make sure clones eat 50% less for the rest of the daycycle.',4,41);
INSERT INTO `sgm` VALUES (180,'Clones aren\'t eating enough, so they aren\'t getting enough drugs. Make sure clones eat at least 25% more by by the end of the daycycle.',3,41);
INSERT INTO `sgm` VALUES (181,'We want to do some nutritional research. Have clones eat at least 50% more by the end of the daycycle.',7,41);
INSERT INTO `sgm` VALUES (182,'We\'re behind on our traitor detection quota. Have clones eat at least 25% less by the end of the daycycle.',8,41);
INSERT INTO `sgm` VALUES (183,'We\'ve been seeing worrying fluctuations in the amount clones eat. Keep consumption steady.',2,41);
/*!40000 ALTER TABLE `sgm` ENABLE KEYS */;
UNLOCK TABLES;

--
-- Table structure for table `skills`
--

DROP TABLE IF EXISTS `skills`;
/*!40101 SET @saved_cs_client     = @@character_set_client */;
/*!40101 SET character_set_client = utf8 */;
CREATE TABLE `skills` (
  `skills_id` int(11) NOT NULL AUTO_INCREMENT,
  `skills_name` varchar(45) NOT NULL,
  `skills_parent` varchar(2) NOT NULL,
  PRIMARY KEY (`skills_id`),
  UNIQUE KEY `skills_name_UNIQUE` (`skills_name`)
) ENGINE=InnoDB AUTO_INCREMENT=69 DEFAULT CHARSET=utf8;
/*!40101 SET character_set_client = @saved_cs_client */;

--
-- Dumping data for table `skills`
--

LOCK TABLES `skills` WRITE;
/*!40000 ALTER TABLE `skills` DISABLE KEYS */;
INSERT INTO `skills` VALUES (1,'Assessment','M');
INSERT INTO `skills` VALUES (2,'Co-Ordination','M');
INSERT INTO `skills` VALUES (3,'Hygiene','M');
INSERT INTO `skills` VALUES (4,'Interrogation','M');
INSERT INTO `skills` VALUES (5,'Paperwork','M');
INSERT INTO `skills` VALUES (6,'Thought Control','M');
INSERT INTO `skills` VALUES (7,'Thought Survey','M');
INSERT INTO `skills` VALUES (8,'Covert Operations','Su');
INSERT INTO `skills` VALUES (9,'Infiltration','Su');
INSERT INTO `skills` VALUES (10,'Investigation','Su');
INSERT INTO `skills` VALUES (11,'Security Systems','Su');
INSERT INTO `skills` VALUES (12,'Surveillance','Su');
INSERT INTO `skills` VALUES (13,'Cleanup','Su');
INSERT INTO `skills` VALUES (14,'Sabotage','Su');
INSERT INTO `skills` VALUES (15,'Black Marketeering','Su');
INSERT INTO `skills` VALUES (16,'Assault','V');
INSERT INTO `skills` VALUES (17,'Command','V');
INSERT INTO `skills` VALUES (18,'Crowd Control','V');
INSERT INTO `skills` VALUES (19,'Demolition','V');
INSERT INTO `skills` VALUES (20,'Outdoor Ops','V');
INSERT INTO `skills` VALUES (21,'Defence','V');
INSERT INTO `skills` VALUES (22,'Wetwork','V');
INSERT INTO `skills` VALUES (23,'Total War','V');
INSERT INTO `skills` VALUES (24,'Bot Engineering','H');
INSERT INTO `skills` VALUES (25,'Construction','H');
INSERT INTO `skills` VALUES (26,'Chemical Eng','H');
INSERT INTO `skills` VALUES (27,'Habitat Eng','H');
INSERT INTO `skills` VALUES (28,'Nuclear Eng','H');
INSERT INTO `skills` VALUES (29,'Production','H');
INSERT INTO `skills` VALUES (30,'Weird Science','H');
INSERT INTO `skills` VALUES (31,'Transport','H');
INSERT INTO `skills` VALUES (32,'Bot Programming','So');
INSERT INTO `skills` VALUES (33,'Communications','So');
INSERT INTO `skills` VALUES (34,'Computer Security','So');
INSERT INTO `skills` VALUES (35,'Data Retrieval','So');
INSERT INTO `skills` VALUES (36,'Financial Systems','So');
INSERT INTO `skills` VALUES (37,'Hacking','So');
INSERT INTO `skills` VALUES (38,'Logistics','So');
INSERT INTO `skills` VALUES (39,'Media Manipulation','So');
INSERT INTO `skills` VALUES (40,'Biosciences','W');
INSERT INTO `skills` VALUES (41,'Catering','W');
INSERT INTO `skills` VALUES (42,'Cloning','W');
INSERT INTO `skills` VALUES (43,'Medical','W');
INSERT INTO `skills` VALUES (44,'Mutant Studies','W');
INSERT INTO `skills` VALUES (45,'Outdoor Studies','W');
INSERT INTO `skills` VALUES (46,'Pharmatherapy','W');
INSERT INTO `skills` VALUES (47,'Sub. Messaging','W');
INSERT INTO `skills` VALUES (48,'Troubleshooting','O');
INSERT INTO `skills` VALUES (49,'Intimidation','M');
INSERT INTO `skills` VALUES (50,'Must Not Fail','O');
INSERT INTO `skills` VALUES (51,'Super Armoured','O');
INSERT INTO `skills` VALUES (52,'Middle Managers','O');
INSERT INTO `skills` VALUES (53,'Doubles Standing','O');
INSERT INTO `skills` VALUES (54,'Rapid Response','O');
INSERT INTO `skills` VALUES (55,'Vault Delvers','O');
INSERT INTO `skills` VALUES (56,'Minion \'Enhancement\'','O');
INSERT INTO `skills` VALUES (57,'Point of Contact','O');
INSERT INTO `skills` VALUES (58,'Bigger Guns','O');
INSERT INTO `skills` VALUES (59,'Propaganda','O');
INSERT INTO `skills` VALUES (60,'Cyborging','O');
INSERT INTO `skills` VALUES (61,'Disruption','O');
INSERT INTO `skills` VALUES (62,'Procurement','O');
INSERT INTO `skills` VALUES (63,'Mystic Weirdness','O');
INSERT INTO `skills` VALUES (64,'Gadgeteering','O');
INSERT INTO `skills` VALUES (65,'Old Stuff','O');
INSERT INTO `skills` VALUES (66,'Running','O');
INSERT INTO `skills` VALUES (67,'Salvage','O');
INSERT INTO `skills` VALUES (68,'One Use, Multiples','O');
/*!40000 ALTER TABLE `skills` ENABLE KEYS */;
UNLOCK TABLES;

--
-- Table structure for table `ss`
--

DROP TABLE IF EXISTS `ss`;
/*!40101 SET @saved_cs_client     = @@character_set_client */;
/*!40101 SET character_set_client = utf8 */;
CREATE TABLE `ss` (
  `ss_id` int(11) NOT NULL AUTO_INCREMENT,
  `ss_name` varchar(45) NOT NULL,
  PRIMARY KEY (`ss_id`)
) ENGINE=InnoDB AUTO_INCREMENT=22 DEFAULT CHARSET=utf8;
/*!40101 SET character_set_client = @saved_cs_client */;

--
-- Dumping data for table `ss`
--

LOCK TABLES `ss` WRITE;
/*!40000 ALTER TABLE `ss` DISABLE KEYS */;
INSERT INTO `ss` VALUES (1,'Anti-Mutant');
INSERT INTO `ss` VALUES (2,'C.L.A.');
INSERT INTO `ss` VALUES (3,'Clone Arrangers');
INSERT INTO `ss` VALUES (4,'Communists');
INSERT INTO `ss` VALUES (5,'Computer Phreaks');
INSERT INTO `ss` VALUES (6,'Corpore Metal');
INSERT INTO `ss` VALUES (7,'Death Leopard');
INSERT INTO `ss` VALUES (8,'FCCC-P');
INSERT INTO `ss` VALUES (9,'Free Enterprise');
INSERT INTO `ss` VALUES (10,'Frankenstein Destroyers');
INSERT INTO `ss` VALUES (11,'Humanists');
INSERT INTO `ss` VALUES (12,'Mystics');
INSERT INTO `ss` VALUES (13,'Pro Tech');
INSERT INTO `ss` VALUES (14,'Psion');
INSERT INTO `ss` VALUES (15,'PURGE');
INSERT INTO `ss` VALUES (16,'Romantics');
INSERT INTO `ss` VALUES (17,'Runners');
INSERT INTO `ss` VALUES (18,'The Movement');
INSERT INTO `ss` VALUES (19,'Sierra Club');
INSERT INTO `ss` VALUES (20,'Servants of Cthulhu');
INSERT INTO `ss` VALUES (21,'Wobblies');
/*!40000 ALTER TABLE `ss` ENABLE KEYS */;
UNLOCK TABLES;

--
-- Table structure for table `ss_skill`
--

DROP TABLE IF EXISTS `ss_skill`;
/*!40101 SET @saved_cs_client     = @@character_set_client */;
/*!40101 SET character_set_client = utf8 */;
CREATE TABLE `ss_skill` (
  `ss_id` int(11) NOT NULL,
  `skill_id` int(11) NOT NULL,
  `ss_skill_bonus` int(11) NOT NULL DEFAULT '0',
  PRIMARY KEY (`ss_id`,`skill_id`),
  KEY `fk_ss_skill_1_idx` (`skill_id`),
  CONSTRAINT `fk_ss_skill_1` FOREIGN KEY (`skill_id`) REFERENCES `skills` (`skills_id`) ON DELETE CASCADE ON UPDATE CASCADE,
  CONSTRAINT `fk_ss_skill_2` FOREIGN KEY (`ss_id`) REFERENCES `ss` (`ss_id`) ON DELETE CASCADE ON UPDATE CASCADE
) ENGINE=InnoDB DEFAULT CHARSET=latin1;
/*!40101 SET character_set_client = @saved_cs_client */;

--
-- Dumping data for table `ss_skill`
--

LOCK TABLES `ss_skill` WRITE;
/*!40000 ALTER TABLE `ss_skill` DISABLE KEYS */;
INSERT INTO `ss_skill` VALUES (1,10,0);
INSERT INTO `ss_skill` VALUES (1,22,1);
INSERT INTO `ss_skill` VALUES (1,40,0);
INSERT INTO `ss_skill` VALUES (2,16,1);
INSERT INTO `ss_skill` VALUES (2,21,0);
INSERT INTO `ss_skill` VALUES (2,58,0);
INSERT INTO `ss_skill` VALUES (3,40,0);
INSERT INTO `ss_skill` VALUES (3,42,1);
INSERT INTO `ss_skill` VALUES (3,44,0);
INSERT INTO `ss_skill` VALUES (4,16,0);
INSERT INTO `ss_skill` VALUES (4,27,0);
INSERT INTO `ss_skill` VALUES (4,59,1);
INSERT INTO `ss_skill` VALUES (5,35,0);
INSERT INTO `ss_skill` VALUES (5,37,1);
INSERT INTO `ss_skill` VALUES (5,39,0);
INSERT INTO `ss_skill` VALUES (6,24,1);
INSERT INTO `ss_skill` VALUES (6,32,0);
INSERT INTO `ss_skill` VALUES (6,60,0);
INSERT INTO `ss_skill` VALUES (7,16,1);
INSERT INTO `ss_skill` VALUES (7,19,0);
INSERT INTO `ss_skill` VALUES (7,61,0);
INSERT INTO `ss_skill` VALUES (8,4,0);
INSERT INTO `ss_skill` VALUES (8,6,1);
INSERT INTO `ss_skill` VALUES (8,8,0);
INSERT INTO `ss_skill` VALUES (9,36,1);
INSERT INTO `ss_skill` VALUES (9,49,0);
INSERT INTO `ss_skill` VALUES (9,62,0);
INSERT INTO `ss_skill` VALUES (10,16,0);
INSERT INTO `ss_skill` VALUES (10,24,0);
INSERT INTO `ss_skill` VALUES (10,29,1);
INSERT INTO `ss_skill` VALUES (11,1,0);
INSERT INTO `ss_skill` VALUES (11,2,0);
INSERT INTO `ss_skill` VALUES (11,5,1);
INSERT INTO `ss_skill` VALUES (12,40,0);
INSERT INTO `ss_skill` VALUES (12,46,1);
INSERT INTO `ss_skill` VALUES (12,63,0);
INSERT INTO `ss_skill` VALUES (13,30,1);
INSERT INTO `ss_skill` VALUES (13,35,0);
INSERT INTO `ss_skill` VALUES (13,64,0);
INSERT INTO `ss_skill` VALUES (14,2,0);
INSERT INTO `ss_skill` VALUES (14,9,0);
INSERT INTO `ss_skill` VALUES (14,44,1);
INSERT INTO `ss_skill` VALUES (15,16,0);
INSERT INTO `ss_skill` VALUES (15,19,1);
INSERT INTO `ss_skill` VALUES (15,37,0);
INSERT INTO `ss_skill` VALUES (16,6,0);
INSERT INTO `ss_skill` VALUES (16,62,0);
INSERT INTO `ss_skill` VALUES (16,65,1);
INSERT INTO `ss_skill` VALUES (17,11,1);
INSERT INTO `ss_skill` VALUES (17,20,0);
INSERT INTO `ss_skill` VALUES (17,66,0);
INSERT INTO `ss_skill` VALUES (18,17,1);
INSERT INTO `ss_skill` VALUES (18,23,0);
INSERT INTO `ss_skill` VALUES (18,27,0);
INSERT INTO `ss_skill` VALUES (19,40,0);
INSERT INTO `ss_skill` VALUES (19,45,1);
INSERT INTO `ss_skill` VALUES (19,67,0);
INSERT INTO `ss_skill` VALUES (20,40,0);
INSERT INTO `ss_skill` VALUES (20,44,0);
INSERT INTO `ss_skill` VALUES (20,49,1);
INSERT INTO `ss_skill` VALUES (21,25,0);
INSERT INTO `ss_skill` VALUES (21,29,1);
INSERT INTO `ss_skill` VALUES (21,59,0);
/*!40000 ALTER TABLE `ss_skill` ENABLE KEYS */;
UNLOCK TABLES;

--
-- Temporary table structure for view `ss_skills`
--

DROP TABLE IF EXISTS `ss_skills`;
/*!50001 DROP VIEW IF EXISTS `ss_skills`*/;
SET @saved_cs_client     = @@character_set_client;
SET character_set_client = utf8;
/*!50001 CREATE TABLE `ss_skills` (
  `ss_id` tinyint NOT NULL,
  `ss_name` tinyint NOT NULL,
  `sskills` tinyint NOT NULL
) ENGINE=MyISAM */;
SET character_set_client = @saved_cs_client;

--
-- Table structure for table `ssm`
--

DROP TABLE IF EXISTS `ssm`;
/*!40101 SET @saved_cs_client     = @@character_set_client */;
/*!40101 SET character_set_client = utf8 */;
CREATE TABLE `ssm` (
  `ssm_id` int(11) NOT NULL AUTO_INCREMENT,
  `ss_id` int(11) NOT NULL,
  `c_id` int(11) DEFAULT NULL,
  `ssm_text` varchar(200) NOT NULL,
  PRIMARY KEY (`ssm_id`),
  KEY `fk_ssm_1_idx` (`c_id`),
  KEY `fk_ssm_2_idx` (`ss_id`),
  CONSTRAINT `fk_ssm_1` FOREIGN KEY (`c_id`) REFERENCES `crisis` (`c_id`) ON DELETE CASCADE ON UPDATE CASCADE,
  CONSTRAINT `fk_ssm_2` FOREIGN KEY (`ss_id`) REFERENCES `ss` (`ss_id`) ON DELETE CASCADE ON UPDATE CASCADE
) ENGINE=InnoDB AUTO_INCREMENT=232 DEFAULT CHARSET=utf8;
/*!40101 SET character_set_client = @saved_cs_client */;

--
-- Dumping data for table `ssm`
--

LOCK TABLES `ssm` WRITE;
/*!40000 ALTER TABLE `ssm` DISABLE KEYS */;
INSERT INTO `ssm` VALUES (1,1,NULL,'The muties have are getting too much peace, come down hard on mutants!');
INSERT INTO `ssm` VALUES (2,4,NULL,'Comrade! Pleasink to be spreadink Propaganda to Burgoise Complex!');
INSERT INTO `ssm` VALUES (3,5,NULL,'We\'re running out of asperquaint. Can you deliver a truckload to ##LOC-1## for us?');
INSERT INTO `ssm` VALUES (4,6,NULL,'We have a surplus of cyborg parts, maim a good portion of the population so we can sell \'em off.');
INSERT INTO `ssm` VALUES (5,7,NULL,'Duuuude, we had a massive party last night and don\'t want to deal with the boys in blue... can you move IntSec out of the low clearance areas?');
INSERT INTO `ssm` VALUES (6,8,NULL,'We need more faith based initiatives...replace the morning anthem with a Hymn to our lord and savior, Friend Computer!');
INSERT INTO `ssm` VALUES (7,10,NULL,'There\'s too many bots around. Especially petbots, you can\'t sleep with those things around. Remove all petbots from the sector.');
INSERT INTO `ssm` VALUES (8,11,NULL,'Petbots are excellent for showing man\'s mastery over bots. Increase the number of petbots in the sector.');
INSERT INTO `ssm` VALUES (9,12,NULL,'Duuuuude, we had a massive rave last night, and we\'re out of uppers. Can you get us a transbotload of asperquaint?');
INSERT INTO `ssm` VALUES (10,13,NULL,'We\'ve got a device we want to turn on but we don\'t know what it does. Can you get us unfettered access to a nuclear reactor to try?');
INSERT INTO `ssm` VALUES (11,15,NULL,'High value targets are currently under too much scrutiny, redirect IntSec to the lower-clearance areas.');
INSERT INTO `ssm` VALUES (12,16,NULL,'There\'s not enough pre-reckoning knowledge: get us onto the set of Celebrity Weekcycle and we\'ll do the rest.');
INSERT INTO `ssm` VALUES (13,19,NULL,'We need to tempt more clones with the wonders of the outdoors... can you get some trees into ##LOC-1##?');
INSERT INTO `ssm` VALUES (14,20,NULL,'La! The leylines intersect there, at ##LOC-1##! Build us a new temple there!');
INSERT INTO `ssm` VALUES (15,4,3,'Comrade! Ve are hearink rumours of superveapon gone missing! Recover and deliver veapon to us to aid great Lenin\'s cause.');
INSERT INTO `ssm` VALUES (16,8,3,'A heretical splinter group stole an experimental doomsday device and are hoarding it. Recover it for us so we can sanctify it before returning it.');
INSERT INTO `ssm` VALUES (17,9,NULL,'Yeah see, we got dis huge pile of defunct laser barrels. By huge, I\'s mean four million. Find us a buyer, and make sure IntSec\'s away.');
INSERT INTO `ssm` VALUES (18,2,NULL,'We\'re running low on armaments against the Commie threat! We need twenty tacnukes to beef up the arsenal by the end of the daycycle.');
INSERT INTO `ssm` VALUES (19,3,NULL,'We need more people to use our services. Kill off a high-profile citizen publicly to scare the masses.');
INSERT INTO `ssm` VALUES (20,17,NULL,'We\'ve got a secret escape route in ##LOC-1##, but there was a cave in. Repair it please.');
INSERT INTO `ssm` VALUES (21,21,NULL,'Comrade! We\'re going to hold a demonstration in the ##LOC-1##. Please make sure they don\'t run over us with tanks!');
INSERT INTO `ssm` VALUES (22,5,4,'The Big C\'s kinda...twitchy about the erasure for today, more so than usual. Get us into the crisis room so we can find out why.');
INSERT INTO `ssm` VALUES (23,3,4,'##CIT-V-TR## is a natural-born, no-one knows! Get us their spleen so we can use his genes.');
INSERT INTO `ssm` VALUES (24,20,4,'La! ##CIT-V-TR## is the sacrifice we need! Get them to us sedated! We\'ll be waiting in the ##LOC-SOC##.');
INSERT INTO `ssm` VALUES (25,17,4,'##CIT-V-TR## is a client of ours. Get them to us so we can get \'em out, we\'ll be at the ##LOC-RUN##.');
INSERT INTO `ssm` VALUES (26,12,4,'Whoa man, ##CIT-V-TR## paid well for a batch of RadicalMankey, but we can\'t find it, he must have eaten it. Get their stomach to use so we can pump the drugs back out.');
INSERT INTO `ssm` VALUES (27,7,1,'Whoa, the man\'s not keeping us down! Get us a pallet of B3 and a crate of WhiskeyLike to ##LOC-P## so we can throw a massive party!');
INSERT INTO `ssm` VALUES (28,12,1,'Whoa man! Like, we got space to breathe! Get us a load of Videoland to ##LOC-P## so we can rave, man!');
INSERT INTO `ssm` VALUES (29,3,1,'We haven\'t had any work all daycycle, it\'s costing us credits! Make a whole heap of clones die so we can get back to work.');
INSERT INTO `ssm` VALUES (30,2,1,'The commies have infiltrated IntSec! Get us five tacnukes so we can flush out the commie menace! We\'ll be waiting at the ##LOC-F##.');
INSERT INTO `ssm` VALUES (31,4,1,'Comrade! Ze IntSec veaklings are awaiting a blastink! Deliver us two hundred laser barrels so we can take ze fight to zem! We\'ll be waitink at ze ##LOC-F##');
INSERT INTO `ssm` VALUES (32,1,5,'Why are people tinkering with the human genome? Terminate ##CIT-G-SG##, he must be a filthy mutant.');
INSERT INTO `ssm` VALUES (33,3,5,'Why haven\'t we heard of ##SUB## before? Get us a copy of the data.');
INSERT INTO `ssm` VALUES (34,13,5,'##SUB## is actually working? Get us a copy of the data to look at');
INSERT INTO `ssm` VALUES (35,14,5,'The next step in human evolution is here! Get ##SUB## standardised.');
INSERT INTO `ssm` VALUES (36,9,5,'See here, dis ##SUB## project? Destroy the data, so\'s we don\'t lose our customer base later.');
INSERT INTO `ssm` VALUES (37,19,5,'##CIT-G-SG## is one of ours. Make sure his project succeeds!');
INSERT INTO `ssm` VALUES (40,2,7,'The Commies are finally attacking! Equip all clones with weapons to fight the impending Commie Horde!');
INSERT INTO `ssm` VALUES (41,4,7,'Comrade! Is not beink our superveapon! You be pinning blame on Beta Complex, yes?');
INSERT INTO `ssm` VALUES (42,5,7,'Yo dude, our electronics are going haywire! Whatever it is, make it stop.');
INSERT INTO `ssm` VALUES (43,13,7,'This is perfect time for some of our reanimation tests! Get us a safe way to the outdoors so we can try our latest experiment!');
INSERT INTO `ssm` VALUES (44,8,7,'The endtime prophecy has begun! Now we must part the RED sea! Destroy the Commie scum in Beta Complex!');
INSERT INTO `ssm` VALUES (45,20,7,'La! The old ones come to greet us! We must sacrifice a High Programmer to the elder gods to open the gate! Get us a suitable sacrifice!');
INSERT INTO `ssm` VALUES (46,19,7,'Outside is beautiful right now! Broadcast footage of it to the entire complex!');
INSERT INTO `ssm` VALUES (47,6,8,'The new petbot was influenced by us, get the next production run pushed through this daycycle.');
INSERT INTO `ssm` VALUES (48,4,8,'Comrade! Dis new petbot is symbol of capitalist excess! Remove from population!');
INSERT INTO `ssm` VALUES (49,5,8,'Our contract on the petbot is done, order the current stock to do a factory reset so they pay us again.');
INSERT INTO `ssm` VALUES (50,10,8,'These new bots are abominations! Reveal them for what they are and recall the whole product line!');
INSERT INTO `ssm` VALUES (51,13,8,'These new petbots so cute! Make them mandatory for all REDs and above!');
INSERT INTO `ssm` VALUES (52,7,9,'Cold Fun Syrup? Dude, get us a boxful! We can do some amazing pranks with it!');
INSERT INTO `ssm` VALUES (53,4,9,'Comrade! Ve must to be gettink hands on syrup of Cold Fun!');
INSERT INTO `ssm` VALUES (54,15,9,'Get us a good amount of that Cold Fun Syrup, we\'ll finally be able to make a bomb big enough to take down the Computer.');
INSERT INTO `ssm` VALUES (55,9,9,'Look see, gets us a box of Cold Fun Syrup and we\'ll cut youse in on de profits.');
INSERT INTO `ssm` VALUES (56,21,10,'Comrade! UltraSuperMegaBowl is capitalist excess! Cause an evacuation of the stadium!');
INSERT INTO `ssm` VALUES (57,15,10,'We have a bomb hidden under the UltraSuperMegaBowl, but security is too tight for us to activate it. Get us an alternate way in.');
INSERT INTO `ssm` VALUES (58,9,10,'Look see, we know there\'s something juicy under the UltraSuperMegaBowl. Get it for us and we\'ll cut you in on de profits.');
INSERT INTO `ssm` VALUES (59,14,NULL,'We\'re needing to find more of our kind, add more mutagenics to the water supply.');
INSERT INTO `ssm` VALUES (60,18,NULL,'We\'re needing building materials, specifically 5000 tons concrete. Deliver it to ##LOC-1## for us to pick up.');
INSERT INTO `ssm` VALUES (61,4,11,'Comrade! New reactor helping bourgoise cause! Must be destroyink!');
INSERT INTO `ssm` VALUES (62,21,11,'Comrade! New reactor helping bourgoise cause! Must be destroyink!');
INSERT INTO `ssm` VALUES (63,15,11,'The new reactor is a prime target. Destroy before the end of the daycycle.');
INSERT INTO `ssm` VALUES (64,1,11,'A new reactor means more mutants. Implement a new anti-mutant policy before the end of the daycycle!');
INSERT INTO `ssm` VALUES (65,14,11,'Get a crowd of people near the new reactor to celebrate its opening.');
INSERT INTO `ssm` VALUES (66,2,12,'We heard of the Commie threat! Send us some bigger guns so we can prepare for the final defence!');
INSERT INTO `ssm` VALUES (67,3,12,'We\'re gonna need some more cloning tanks. Appropriate some of tech services\' tanks for us.');
INSERT INTO `ssm` VALUES (68,18,12,'This is our chance. Get us a way to the front lines, and we\'ll end this war once and for all.');
INSERT INTO `ssm` VALUES (69,20,13,'La! The ritual is almost complete! Delay the computer\'s lackeys long enough so we may summon the old ones!');
INSERT INTO `ssm` VALUES (70,12,13,'We kinda lost a year\'s supply of hallucinogenics in the water supply. Can you get it back for us? ');
INSERT INTO `ssm` VALUES (71,8,13,'We\'ve heard rumblings of heretical cultists building a temple in the sublevels. Destroy it and escort us there to cleanse it!');
INSERT INTO `ssm` VALUES (72,18,13,'Some idiots stole our building supplies and built a temple in the sublevels. Can you clear them out, but leave the place intact for us to strip?');
INSERT INTO `ssm` VALUES (73,10,14,'These new dirt indexer bots are terrible murderers! Destroy all of them!');
INSERT INTO `ssm` VALUES (74,6,14,'The dirt indexer bots are the next wave of bot freedom fighters. Get more out in the sector!');
INSERT INTO `ssm` VALUES (75,11,14,'One of the dirt indexer bots murdered a clone! Get footage of this and broadcast it to the complex!');
INSERT INTO `ssm` VALUES (76,15,15,'##CIT-B-1## wasn\'t a commie, they were one of ours. Get one of their clones to disappear into our hands before their erasure.');
INSERT INTO `ssm` VALUES (77,11,15,'##CIT-B-1## is due to be erased? They were one of our best clones! Get one of their clones to disappear before his erasure.');
INSERT INTO `ssm` VALUES (78,3,15,'We could do wonderful things with ##CIT-B-1##, get them delivered comatose to us at ##LOC-1##');
INSERT INTO `ssm` VALUES (79,2,15,'##CIT-B-1## can\'t be a traitor, they\'ve killed far too many commies. We\'ve a shipment of weaponry for him, pick it up at ##LOC-1## and deliver it to them.');
INSERT INTO `ssm` VALUES (80,5,15,'We need ##CIT-B-1##\'s tongue for identity purposes. Deliver it to us at ##CIT-B-1##.');
INSERT INTO `ssm` VALUES (81,8,15,'##CIT-B-1## is a commie? Their soul just needs cleansing, deliver them to us so we may do so. We\'ll be waiting at ##LOC-1##');
INSERT INTO `ssm` VALUES (82,4,15,'##CIT-B-1## is comrade? Vhy ve not know? Beink savink them and deliverink to us, yes? Ve vait at ##LOC-1##');
INSERT INTO `ssm` VALUES (83,21,15,'##CIT-B-1## is comrade? Must be very skilled. You be savink them and deliver to ##LOC-1## for us, yes?');
INSERT INTO `ssm` VALUES (84,4,16,'Comrade! My book finally returns! Re-secure ##SUB## for my coll...for future generations of Communists!');
INSERT INTO `ssm` VALUES (85,2,16,'This ##SUB## thing is a commie weapon! Broadcast its destruction to the complex.');
INSERT INTO `ssm` VALUES (86,11,16,'There\'s a wonderful item, ##SUB##, which will assist in the coming revolution. Capture it for us.');
INSERT INTO `ssm` VALUES (87,1,16,'There is a mutie killing device, ##SUB##, get it for us.');
INSERT INTO `ssm` VALUES (88,14,16,'We\'ve recently found ##SUB## is a major mutagenic, secure it for us.');
INSERT INTO `ssm` VALUES (89,7,16,'Whoa man, everyone seems to be after ##SUB##. Grab it for us and we\'ll pull the greatest stunt anyone has ever seen!');
INSERT INTO `ssm` VALUES (90,9,16,'Look see, there\'s dis really expensive ##SUB## running around, get it for us and we\'ll sell it to the highest bidder, capiche?');
INSERT INTO `ssm` VALUES (91,3,17,'Have the staff of MuchoMeat terminated, so their clones will buy our insurance this time.');
INSERT INTO `ssm` VALUES (92,4,17,'Comrade! MuchoMeat is symbol of capitalist excess! You are to be putting poison in MuchoMeat foodstuffs, yes?');
INSERT INTO `ssm` VALUES (93,11,17,'We require a crate of MuchoMeat\'s products to help the revolution. Deliver it to us at ##LOC-1##');
INSERT INTO `ssm` VALUES (94,6,17,'MuchoMeat doesn\'t use enough bots. Execute the lower-level staff and have them replaced with bots instead.');
INSERT INTO `ssm` VALUES (95,10,17,'MuchoMeat uses too many bots. Destroy all the bots and replace them with humans.');
INSERT INTO `ssm` VALUES (96,19,17,'MuchoMeat grows things from the outdoors, I think they\'re called Pugs, in vats. Get one of them for us, we\'ll be at ##LOC-1##.');
INSERT INTO `ssm` VALUES (97,13,18,'Get us the plans to ##SUB## so we can make our own device!');
INSERT INTO `ssm` VALUES (98,17,18,'Get us the plans to ##SUB## so we can make our own!');
INSERT INTO `ssm` VALUES (99,19,18,'Get us the plans to ##SUB## so we can make our own exits.');
INSERT INTO `ssm` VALUES (100,20,18,'La! Get us the plans to ##SUB## so we can open a true gate!');
INSERT INTO `ssm` VALUES (101,9,18,'Lookee here, get us deez here plans to ##SUB##, and we sells dem to the highest bidder, capiche?');
INSERT INTO `ssm` VALUES (102,8,19,'We\'ve noticed a drop in our lord\'s response times. Get us into one of the CompNodes to sanctify its circuites.');
INSERT INTO `ssm` VALUES (103,13,19,'We\'ve had advance warning of more compnodes, get one of our teams into a partially constructed CompNode.');
INSERT INTO `ssm` VALUES (104,15,20,'We\'re taking out ##LOC-1##, clear the IntSec goons out of there.');
INSERT INTO `ssm` VALUES (105,11,20,'We\'re bombing ##LOC-2##, remove the resistance for us.');
INSERT INTO `ssm` VALUES (106,4,20,'Comrade! Ve are bomink ##LOC-3##. Pleasink to be removink resistance.');
INSERT INTO `ssm` VALUES (107,8,20,'The heathens are coming for our temple near ##LOC-1##! Stop them and don\'t let our temple get discovered!');
INSERT INTO `ssm` VALUES (108,6,20,'We\'ve got a bot shop near ##LOC-2## that someone\'s trying to bomb. Stop them and keep our shop hidden.');
INSERT INTO `ssm` VALUES (109,2,20,'The commies are coming for our bunker at ##LOC-3##, stop them and keep our bunker hidden!');
INSERT INTO `ssm` VALUES (110,11,21,'Why do Commies get all the attention? Get us access to the Computer float so we can attract more recruits.');
INSERT INTO `ssm` VALUES (111,4,21,'Ve are hidink todaycycle, keep ze attention off us and get us some food to ##LOC-1##.');
INSERT INTO `ssm` VALUES (112,15,21,'We want to crash the party, get us access to the Vulture Craft Float for the parade.');
INSERT INTO `ssm` VALUES (113,7,21,'Dude, the parade is always a great time for pranks. Get us access to the speaker\'s stand!');
INSERT INTO `ssm` VALUES (114,2,21,'We\'re worried about the Commie threat. Get us access to the Vulture Craft Float for the parade so we can fight the commies when they strike!');
INSERT INTO `ssm` VALUES (115,8,21,'We wish to join our lord in his crusade against the Commies! Get us access to the Computer float!');
INSERT INTO `ssm` VALUES (116,15,22,'Vicky-B needs to disappear, deliver her to ##LOC-1## before the end of the daycycle.');
INSERT INTO `ssm` VALUES (117,11,22,'Vicky-B apparently needs to be gone? Get her to ##LOC-2## so we can get her to safety.');
INSERT INTO `ssm` VALUES (118,17,22,'We owe Vicky-B a favour, deliver her to ##LOC-3## and we\'ll get her out of there.');
INSERT INTO `ssm` VALUES (119,3,22,'We could profit from Vicky-B, get us access to her before she disappears so we can sell her a policy.');
INSERT INTO `ssm` VALUES (120,13,23,'Get us in to Strike-Me-Not, we want to check out the hardware!');
INSERT INTO `ssm` VALUES (121,18,23,'We need Strike-Me-Not\'s project for the new complex, deliver it to us.');
INSERT INTO `ssm` VALUES (122,2,23,'The Commies are attacking! Deliver us one thousand laser barrels to prepare for the attack!');
INSERT INTO `ssm` VALUES (123,14,23,'We have need of Strike-Me-Not, get our team in there, remove the security.');
INSERT INTO `ssm` VALUES (124,2,24,'When the exercise begins, make sure we\'re in the defending force.');
INSERT INTO `ssm` VALUES (125,4,24,'Comrade! Vhen ze exercise begins, making to be sure vhe are defending, yes?');
INSERT INTO `ssm` VALUES (126,1,24,'When the exercise begins, make sure we\'re a member of the defending force.');
INSERT INTO `ssm` VALUES (127,13,24,'When the exercise begins, make sure we\'re in the defending force.');
INSERT INTO `ssm` VALUES (128,8,25,'##CIT-V## must not come back alive. Terminate them before they re-enter the complex.');
INSERT INTO `ssm` VALUES (129,9,25,'##CIT-V## must not come back alive. Terminate them before they re-enter the complex.');
INSERT INTO `ssm` VALUES (130,16,25,'##CIT-V## must not come back alive. Terminate them before they re-enter the complex.');
INSERT INTO `ssm` VALUES (131,19,25,'##CIT-V## must not come back alive. Terminate them before they re-enter the complex.');
INSERT INTO `ssm` VALUES (132,12,25,'##CIT-V## must not come back alive. Terminate them before they re-enter the complex.');
INSERT INTO `ssm` VALUES (133,5,26,'Remove security from the Archives and get us in there, we have work to do.');
INSERT INTO `ssm` VALUES (134,9,26,'Remove security from the Archives and get us in there, we have work to do.');
INSERT INTO `ssm` VALUES (135,11,26,'Remove security from the Archives and get us in there, we have work to do.');
INSERT INTO `ssm` VALUES (136,13,26,'Remove security from the Archives and get us in there, we have work to do.');
INSERT INTO `ssm` VALUES (137,20,26,'Remove security from the Archives and get us in there, we have work to do.');
INSERT INTO `ssm` VALUES (138,13,27,'Get us in to Strike-Me-Not, we want to check out the hardware!');
INSERT INTO `ssm` VALUES (139,18,27,'We need Strike-Me-Not\'s project for the new complex, deliver it to us.');
INSERT INTO `ssm` VALUES (140,2,27,'The Commies are attacking! Deliver us one thousand laser barrels to prepare for the attack!');
INSERT INTO `ssm` VALUES (141,14,27,'We have need of Strike-Me-Not, get our team in there, remove the security.');
INSERT INTO `ssm` VALUES (142,1,28,'Danny-V-SNH has some nerve showing up again. Make sure they don\'t last the daycycle.');
INSERT INTO `ssm` VALUES (143,2,28,'Danny-V-SNH has some nerve showing up again. Make sure they don\'t last the daycycle.');
INSERT INTO `ssm` VALUES (144,3,28,'Danny-V-SNH has some nerve showing up again. Make sure they don\'t last the daycycle.');
INSERT INTO `ssm` VALUES (145,8,28,'Danny-V-SNH has some nerve showing up again. Make sure they don\'t last the daycycle.');
INSERT INTO `ssm` VALUES (146,11,28,'Danny-V-SNH has some nerve showing up again. Make sure they don\'t last the daycycle.');
INSERT INTO `ssm` VALUES (147,13,28,'Danny-V-SNH has some nerve showing up again. Make sure they don\'t last the daycycle.');
INSERT INTO `ssm` VALUES (148,14,28,'Danny-V-SNH has some nerve showing up again. Make sure they don\'t last the daycycle.');
INSERT INTO `ssm` VALUES (149,17,28,'Danny-V-SNH has some nerve showing up again. Make sure they don\'t last the daycycle.');
INSERT INTO `ssm` VALUES (150,4,29,'Comrade! Today is the day ve be throwink off chains! You startink a riot, yes?');
INSERT INTO `ssm` VALUES (151,21,29,'Comrade! Today is the day ve be throwink off chains! You startink a riot, yes?');
INSERT INTO `ssm` VALUES (152,11,29,'The sector is overpopulated and the people are unhappy. The time is now, start a riot so we may take over.');
INSERT INTO `ssm` VALUES (153,18,29,'The sector is overpopulated and the people are unhappy. The time is now, start a riot so we may take over.');
INSERT INTO `ssm` VALUES (154,7,29,'Woooo! Overpopulation annihilation! Start a riot so we can go crazy!');
INSERT INTO `ssm` VALUES (155,17,30,'Teela-O wants to disappear. We\'ve rigged a trapdoor under the podium to get her out during the fireworks. Don\'t let us get caught.');
INSERT INTO `ssm` VALUES (156,18,30,'Teela-O would be worth a ransom enough to get the last of the materials we need. We\'re kidnapping her during the fireworks. Don\'t let us get caught.');
INSERT INTO `ssm` VALUES (157,13,30,'Oh my Computer Teela-O\'s coming! We\'re organising to meet with her, but need extra power for the teleportation device. Ensure our power use isn\'t discovered.');
INSERT INTO `ssm` VALUES (158,15,30,'Teela-O is a pawn of the Computer, she needs to be terminated.');
INSERT INTO `ssm` VALUES (159,4,30,'Comrade! Teela-O is beink symbol of burgeoise excess. To be terminatink, yes?');
INSERT INTO `ssm` VALUES (160,21,30,'Comrade! Teela-O is beink symbol of burgeoise excess. To be terminatink, yes?');
INSERT INTO `ssm` VALUES (161,3,31,'Apparently GRB was taken by a eugenicist threat, sounds like they\'re stepping on our turf. Eliminate them.');
INSERT INTO `ssm` VALUES (162,5,31,'So our little virus worked wonders on GRB it seems. Erase the memory banks of the GRB Computer so we can use it again later.');
INSERT INTO `ssm` VALUES (163,15,31,'Our first phase of GRB is done, we just lack the weaponry to finish the job. Deliver some WMDs to ##LOC## in GRB sector, and we\'ll take it from there.');
INSERT INTO `ssm` VALUES (164,12,31,'Whoa man, who would have thought a few combat drugs could do that? GRB needs to mellow out, add some Rolactin to the B3 supply.');
INSERT INTO `ssm` VALUES (165,11,31,'The separation is complete! Declare GRB abandoned, and deliver 20 tons real food to ##LOC## in GRB so we can take it over!');
INSERT INTO `ssm` VALUES (166,16,31,'They all ruined our idea! We have clones waiting at ##LOC## that need to escape. Get them out then wipe out the sector!');
INSERT INTO `ssm` VALUES (167,18,32,'Reactor ##SUB## has a surplus of fissile materials. Remove the security and get us in there so we can grab it.');
INSERT INTO `ssm` VALUES (168,15,32,'Reactor ##SUB## has fissile materials for weaponry. Remove the security and get us in there.');
INSERT INTO `ssm` VALUES (169,4,32,'Comrade! Reaktor ##SUB## is to be havink lots of fissile materials! Pleasink to be removink security and gettink us inside, for glory of revolution!');
INSERT INTO `ssm` VALUES (170,21,32,'Comrade! Reaktor ##SUB## is to be havink lots of fissile materials! Pleasink to be removink security and gettink us inside, for glory of revolution!');
INSERT INTO `ssm` VALUES (171,15,33,'Some of our best soldiers are in the HHAEC at the moment, bust them out before its their turn.');
INSERT INTO `ssm` VALUES (172,4,33,'Comrade! Pleasink to be freeink other Comrades from HHAEC before endink of daycycle!');
INSERT INTO `ssm` VALUES (173,20,33,'La! The HHAEC is the perfect place for a sacrifice! Break the machines so our agents may sacrifce by hand!');
INSERT INTO `ssm` VALUES (174,7,33,'Whoa man, the HHAEC is such a downer. Start a riot inside to stick it to the man!');
INSERT INTO `ssm` VALUES (175,1,33,'The HHAEC\'s machines aren\'t nearly painful enough for those filthy muties. Disable them so our agents can do it by hand!');
INSERT INTO `ssm` VALUES (176,14,33,'We need to get our members our of the HHAEC. Stage a riot so our members can escape.');
INSERT INTO `ssm` VALUES (177,8,33,'We need to show the unbelievers what happens to heathens! Broadcast the visit to the HHAEC live to the sector!');
INSERT INTO `ssm` VALUES (178,3,33,'Insurance policies are down, we need to show what happens to all clones eventually. Broadcast the visit to the HAAEC live to the complex.');
INSERT INTO `ssm` VALUES (179,13,34,'Whoa, ##SUB## actually exists? Get us the blueprints so we can build one ourselves!');
INSERT INTO `ssm` VALUES (180,4,34,'Comrade! Pleasink to be destroyink ##SUB## before it beink used on us!');
INSERT INTO `ssm` VALUES (181,21,34,'Comrade! Pleasink to be destroyink ##SUB## before it beink used on us!');
INSERT INTO `ssm` VALUES (182,21,35,'Comrade! Ve be plannink bombink of one compnode! Pleasink to be distractink security from high clearance areas!');
INSERT INTO `ssm` VALUES (183,4,35,'Comrade! Ve have found ze body of Lenin! Ve vill be needink lots of power, pleasink to be coverink for us vhen it happens!');
INSERT INTO `ssm` VALUES (184,2,35,'We have heard whisperings of a \"Lenin Project\", prevent this commie plot before it\'s too late.');
INSERT INTO `ssm` VALUES (185,8,35,'The heathens are planning on ressurecting the AntiComputer Lenin! Stop this madness before it dooms us all!');
INSERT INTO `ssm` VALUES (186,20,35,'La! The heavens fortell the rise of the old one Lenin! The end times are nearly here! When the complex goes dark, broadcast the word Lenin across the complex!');
INSERT INTO `ssm` VALUES (187,5,35,'The computer is super twitchy, and signs of some \"Lenin Project\" is popping up everywhere. Anyway, we need uppers, can you get us 500 vials of Asperquaint to ##LOC-1##?');
INSERT INTO `ssm` VALUES (188,1,35,'The commies are talking about some clone called Lenin, he sounds important. Find out if he\'s a mutant, and whack him if he is.');
INSERT INTO `ssm` VALUES (189,14,35,'There are psychic rumblings about a clone called Lenin. Find him, and check if he\'s a mutant. If he is a mutant, recruit him to the cause.');
INSERT INTO `ssm` VALUES (190,13,36,'Whoa, ##SUB## actually exists? Get us the blueprints so we can build one ourselves!');
INSERT INTO `ssm` VALUES (191,4,36,'Comrade! Pleasink to be destroyink ##SUB## before it beink used on us!');
INSERT INTO `ssm` VALUES (192,21,36,'Comrade! Pleasink to be destroyink ##SUB## before it beink used on us!');
INSERT INTO `ssm` VALUES (193,2,36,'We\'ve heard ##SUB## is a weapon that can win the war against the Commies! Recover and deliver it to ##LOC-1## for us.');
INSERT INTO `ssm` VALUES (194,7,36,'We\'ve got a plan for ##SUB##. Get it to tunnel into ##LOC-1## so we can play a mega prank!');
INSERT INTO `ssm` VALUES (195,1,37,'This big project needs to combat the mutant threat in some way!');
INSERT INTO `ssm` VALUES (196,2,37,'This big project needs to arm the populace in preparation of the commie invasion!');
INSERT INTO `ssm` VALUES (197,3,37,'Subscriptions are lacking. Make the new project dangerous for clones so we can build up business.');
INSERT INTO `ssm` VALUES (198,4,37,'Comrade! Pleasink to be makink big project into Communist propaganda machine!');
INSERT INTO `ssm` VALUES (199,5,37,'Whoa dude, whatever the big project is it needs some kickass network!');
INSERT INTO `ssm` VALUES (200,6,37,'There\'s a huge project coming, whatever it is it needs lots of bot workers.');
INSERT INTO `ssm` VALUES (201,7,37,'Dude, get us into the opening ceremony for this big project, we\'ll do the rest!');
INSERT INTO `ssm` VALUES (202,8,37,'Oh lord! Such a big project requires a big capstone! Build us a cathederal on top of whatever the project becomes!');
INSERT INTO `ssm` VALUES (203,9,37,'We needs a new place for the IR market see? Whatever the new project is, make sure it has an absurdly spacious sewer so we can set up there.');
INSERT INTO `ssm` VALUES (204,10,37,'Those bot freaks are going to try and bring down the big project! Make sure it has no bot staff!');
INSERT INTO `ssm` VALUES (205,11,37,'This big project must fail! Bring it down for the revolution!');
INSERT INTO `ssm` VALUES (206,12,37,'Whoa man... such a huge project coming up, I\'m sure you can set up a rave for us at the new construction right?');
INSERT INTO `ssm` VALUES (207,13,37,'We gotta get all the latest gadgets in the new project! Get as much R&D gear cleared for the new project as you can!');
INSERT INTO `ssm` VALUES (208,14,37,'This big project may be our lynchpin! Use it to further the mutant cause, any way you can!');
INSERT INTO `ssm` VALUES (209,15,37,'Get us into the opening ceremony of this new project, we\'ll do the rest.');
INSERT INTO `ssm` VALUES (210,16,37,'We need to bring more old world goods to the people. Make sure pre-reckoning education features in the big project!');
INSERT INTO `ssm` VALUES (211,17,37,'This big project is a good chance for more exits. Make sure it borders with a sector boundary.');
INSERT INTO `ssm` VALUES (212,18,37,'When the big project opens, make sure the sector is watching. We need a distraction to move some highly sensitive materials.');
INSERT INTO `ssm` VALUES (213,19,37,'There\'s a new project being built, make sure it teaches clones about the wonders of nature!');
INSERT INTO `ssm` VALUES (214,20,37,'La! Ensure that whatever the new project is, it is built in the shape of a figure eight! We can use it to channel the leylines!');
INSERT INTO `ssm` VALUES (215,21,37,'Comrade! Pleasink to be gettink us invitations to openink ceremony for big project! Be lettink us do rest, da?');
INSERT INTO `ssm` VALUES (216,4,38,'Lenin-##ZON## beink rogue comrade! Pleasink capture him and bringink him to ##LOC-1## for reindoctrinatink.');
INSERT INTO `ssm` VALUES (217,21,38,'Lenin-##ZON## is hero! Should beink awarded with Hero of our Complex! Make it happen comrade!');
INSERT INTO `ssm` VALUES (218,1,38,'Lenin-##ZON## is a filthy mutie! Capture them for us so we can inflict proper punishment!');
INSERT INTO `ssm` VALUES (219,14,38,'Lenin-##ZON## is a very powerful mutant. Ensure he escapes.');
INSERT INTO `ssm` VALUES (220,2,38,'Lenin-##ZON## is a filthy commie! You\'re not a commie are you? Do something no commie would ever do!');
INSERT INTO `ssm` VALUES (221,9,38,'This Lenin guy see, he borrowed a load of credits off us and bailed. Capture him and bring him to us so we can break his legs, see?');
INSERT INTO `ssm` VALUES (222,12,40,'Whoa man, Brewskis in the pipes! We can\'t miss the opportunity! Set up a rave at ##LOC-1##!');
INSERT INTO `ssm` VALUES (223,4,40,'Comrade! New flavour of B3 tastes bad but feels good! Pleasink to be shipping tankerload to ##LOC-2## for us!');
INSERT INTO `ssm` VALUES (224,1,40,'The jackboots are stopping us from taking the war to the muties. Remove security from the low clearance areas.');
INSERT INTO `ssm` VALUES (225,2,40,'Them jackbooted idiots are stopping us from eliminating the commies! Remove security from the low clearance areas.');
INSERT INTO `ssm` VALUES (226,5,40,'D00d, we can\'t get any coding done. Get the security away from the low clearance areas.');
INSERT INTO `ssm` VALUES (227,7,40,'Man, my head hurts after last night\'s gig. Can you get security away from the low clearance areas so I can get some sleep?');
INSERT INTO `ssm` VALUES (228,11,40,'With the security away, it is the perfect time to strike! Supply us with explosives and keep the security in the low clearance areas.');
INSERT INTO `ssm` VALUES (229,15,40,'Today we strike! Get us an industrial drill and keep the security in the low clearance areas.');
INSERT INTO `ssm` VALUES (230,13,40,'We\'ve almost finished a project, but need 40 tons rocket fuel to test it. Get that fuel to ##LOC-PT## for us to pick up, and keep security away from the high clearance areas.');
INSERT INTO `ssm` VALUES (231,18,40,'Construction work is going well. Keep security out of the high clearance areas, and cause a short blackout so we can hide the start of our power drain.');
/*!40000 ALTER TABLE `ssm` ENABLE KEYS */;
UNLOCK TABLES;

--
-- Final view structure for view `minion_skills`
--

/*!50001 DROP TABLE IF EXISTS `minion_skills`*/;
/*!50001 DROP VIEW IF EXISTS `minion_skills`*/;
/*!50001 SET @saved_cs_client          = @@character_set_client */;
/*!50001 SET @saved_cs_results         = @@character_set_results */;
/*!50001 SET @saved_col_connection     = @@collation_connection */;
/*!50001 SET character_set_client      = utf8 */;
/*!50001 SET character_set_results     = utf8 */;
/*!50001 SET collation_connection      = utf8_general_ci */;
/*!50001 CREATE ALGORITHM=UNDEFINED */
/*!50013 DEFINER=`fc`@`localhost` SQL SECURITY DEFINER */
/*!50001 VIEW `minion_skills` AS select `minion`.`minion_id` AS `minion_id`,`minion`.`minion_name` AS `minion_name`,`minion`.`minion_clearance` AS `minion_clearance`,`minion`.`minion_cost` AS `minion_cost`,group_concat(concat(`skills`.`skills_name`,if((`skills`.`skills_parent` = 'O'),'',concat('(',`skills`.`skills_parent`,')')),if((`minion_skill`.`minion_skill_bonus` > 0),concat(' +',(`minion_skill`.`minion_skill_bonus` * 4)),'')) separator ', ') AS `mskills` from ((`minion` join `minion_skill`) join `skills`) where ((`minion_skill`.`minion_id` = `minion`.`minion_id`) and (`minion_skill`.`skills_id` = `skills`.`skills_id`)) group by `minion`.`minion_id` */;
/*!50001 SET character_set_client      = @saved_cs_client */;
/*!50001 SET character_set_results     = @saved_cs_results */;
/*!50001 SET collation_connection      = @saved_col_connection */;

--
-- Final view structure for view `sg_skills`
--

/*!50001 DROP TABLE IF EXISTS `sg_skills`*/;
/*!50001 DROP VIEW IF EXISTS `sg_skills`*/;
/*!50001 SET @saved_cs_client          = @@character_set_client */;
/*!50001 SET @saved_cs_results         = @@character_set_results */;
/*!50001 SET @saved_col_connection     = @@collation_connection */;
/*!50001 SET character_set_client      = utf8 */;
/*!50001 SET character_set_results     = utf8 */;
/*!50001 SET collation_connection      = utf8_general_ci */;
/*!50001 CREATE ALGORITHM=UNDEFINED */
/*!50013 DEFINER=`fc`@`localhost` SQL SECURITY DEFINER */
/*!50001 VIEW `sg_skills` AS select `sg`.`sg_name` AS `sg_name`,group_concat(`skills`.`skills_name` separator ', ') AS `sgskills` from ((`sg` join `sg_skill`) join `skills`) where ((`sg_skill`.`sg_id` = `sg`.`sg_id`) and (`sg_skill`.`skills_id` = `skills`.`skills_id`)) group by `sg`.`sg_id` */;
/*!50001 SET character_set_client      = @saved_cs_client */;
/*!50001 SET character_set_results     = @saved_cs_results */;
/*!50001 SET collation_connection      = @saved_col_connection */;

--
-- Final view structure for view `ss_skills`
--

/*!50001 DROP TABLE IF EXISTS `ss_skills`*/;
/*!50001 DROP VIEW IF EXISTS `ss_skills`*/;
/*!50001 SET @saved_cs_client          = @@character_set_client */;
/*!50001 SET @saved_cs_results         = @@character_set_results */;
/*!50001 SET @saved_col_connection     = @@collation_connection */;
/*!50001 SET character_set_client      = utf8 */;
/*!50001 SET character_set_results     = utf8 */;
/*!50001 SET collation_connection      = utf8_general_ci */;
/*!50001 CREATE ALGORITHM=UNDEFINED */
/*!50013 DEFINER=`fc`@`localhost` SQL SECURITY DEFINER */
/*!50001 VIEW `ss_skills` AS select `ss`.`ss_id` AS `ss_id`,`ss`.`ss_name` AS `ss_name`,group_concat(concat(`skills`.`skills_name`,if((`ss_skill`.`ss_skill_bonus` > 0),concat(' +',(`ss_skill`.`ss_skill_bonus` * 4)),'')) separator ', ') AS `sskills` from ((`ss` join `ss_skill`) join `skills`) where ((`ss_skill`.`ss_id` = `ss`.`ss_id`) and (`ss_skill`.`skill_id` = `skills`.`skills_id`)) group by `ss`.`ss_id` */;
/*!50001 SET character_set_client      = @saved_cs_client */;
/*!50001 SET character_set_results     = @saved_cs_results */;
/*!50001 SET collation_connection      = @saved_col_connection */;
/*!40103 SET TIME_ZONE=@OLD_TIME_ZONE */;

/*!40101 SET SQL_MODE=@OLD_SQL_MODE */;
/*!40014 SET FOREIGN_KEY_CHECKS=@OLD_FOREIGN_KEY_CHECKS */;
/*!40014 SET UNIQUE_CHECKS=@OLD_UNIQUE_CHECKS */;
/*!40101 SET CHARACTER_SET_CLIENT=@OLD_CHARACTER_SET_CLIENT */;
/*!40101 SET CHARACTER_SET_RESULTS=@OLD_CHARACTER_SET_RESULTS */;
/*!40101 SET COLLATION_CONNECTION=@OLD_COLLATION_CONNECTION */;
/*!40111 SET SQL_NOTES=@OLD_SQL_NOTES */;

-- Dump completed on 2016-09-03 12:47:26
