-- MySQL dump 10.13  Distrib 5.5.47, for debian-linux-gnu (x86_64)
--
-- Host: localhost    Database: hphelper
-- ------------------------------------------------------
-- Server version	5.5.47-0ubuntu0.14.04.1

/*!40101 SET @OLD_CHARACTER_SET_CLIENT=@@CHARACTER_SET_CLIENT */;
/*!40101 SET @OLD_CHARACTER_SET_RESULTS=@@CHARACTER_SET_RESULTS */;
/*!40101 SET @OLD_COLLATION_CONNECTION=@@COLLATION_CONNECTION */;
/*!40101 SET NAMES utf8 */;
/*!40103 SET @OLD_TIME_ZONE=@@TIME_ZONE */;
/*!40103 SET TIME_ZONE='+00:00' */;
/*!40014 SET @OLD_UNIQUE_CHECKS=@@UNIQUE_CHECKS, UNIQUE_CHECKS=0 */;
/*!40014 SET @OLD_FOREIGN_KEY_CHECKS=@@FOREIGN_KEY_CHECKS, FOREIGN_KEY_CHECKS=0 */;
/*!40101 SET @OLD_SQL_MODE=@@SQL_MODE, SQL_MODE='NO_AUTO_VALUE_ON_ZERO' */;
/*!40111 SET @OLD_SQL_NOTES=@@SQL_NOTES, SQL_NOTES=0 */;

--
-- Table structure for table `cbay`
--

DROP TABLE IF EXISTS `cbay`;
/*!40101 SET @saved_cs_client     = @@character_set_client */;
/*!40101 SET character_set_client = utf8 */;
CREATE TABLE `cbay` (
  `c_id` int(11) DEFAULT NULL,
  `cbay_item` varchar(200) NOT NULL,
  `cbay_cost` int(11) NOT NULL,
  PRIMARY KEY (`cbay_item`),
  UNIQUE KEY `cbay_item_UNIQUE` (`cbay_item`),
  KEY `fk_cbay_1_idx` (`c_id`),
  CONSTRAINT `fk_cbay_1` FOREIGN KEY (`c_id`) REFERENCES `crisis` (`c_id`) ON DELETE CASCADE ON UPDATE CASCADE
) ENGINE=InnoDB DEFAULT CHARSET=latin1;
/*!40101 SET character_set_client = @saved_cs_client */;

--
-- Dumping data for table `cbay`
--

LOCK TABLES `cbay` WRITE;
/*!40000 ALTER TABLE `cbay` DISABLE KEYS */;
INSERT INTO `cbay` VALUES (NULL,'12 Crates B3, GreenAndGulpy flavour',5),(NULL,'18 cans Sandatholon, sealed',2),(NULL,'20KG fissile grade plutonium',4),(NULL,'3 Ton Nuclear Waste, going fast!',1),(NULL,'4 surplus TacNukes',3),(NULL,'5 Ton Hot Fun! Barely used!',3),(NULL,'80 Tons water recently recycled!',4);
/*!40000 ALTER TABLE `cbay` ENABLE KEYS */;
UNLOCK TABLES;

--
-- Table structure for table `crisis`
--

DROP TABLE IF EXISTS `crisis`;
/*!40101 SET @saved_cs_client     = @@character_set_client */;
/*!40101 SET character_set_client = utf8 */;
CREATE TABLE `crisis` (
  `c_id` int(11) NOT NULL AUTO_INCREMENT,
  `c_type` enum('both','classic','straight') NOT NULL DEFAULT 'both',
  `c_desc` varchar(200) NOT NULL,
  PRIMARY KEY (`c_id`),
  UNIQUE KEY `c_id_UNIQUE` (`c_id`)
) ENGINE=InnoDB AUTO_INCREMENT=27 DEFAULT CHARSET=utf8;
/*!40101 SET character_set_client = @saved_cs_client */;

--
-- Dumping data for table `crisis`
--

LOCK TABLES `crisis` WRITE;
/*!40000 ALTER TABLE `crisis` DISABLE KEYS */;
INSERT INTO `crisis` VALUES (1,'both','ALERT: Authorised Termination rates are at 0. Rectify immediately! This information is classified GREEN.'),(2,'both','Beloved Citizens! The contract for transtube maintenance is up for tender today! Please monitor the situation and decide on the best service group to maintain the tubes. Contract is clearance ORANGE.'),(3,'both','Alert! RD Project ##SUB## has gone missing from location databanks. Find and recover immediately. ##SUB## is classified INDIGO.'),(4,'both','Citizens! ##CIT-V-TR## is due for erasure later today. Make sure his name is purged from all databanks before his public erasure.'),(5,'both','Citizens! RD Project ##SUB## has been escalated. Please decide on a plan of action. ##SUB## is classified GREEN.'),(6,'both','Citizens! Oversee the installation of RD Project ##SUB##. ##SUB## is clearance INDIGO.'),(7,'straight','Citizens! A Communist superweapon has been deployed around the Complex. Decide on course of action. This information is classified GREEN.'),(8,'both','Citizens! Compliance Index falling at unacceptable rate. Please identify cause and rectify. This information is classified YELLOW.'),(9,'both','ALERT! Major traffic disturbances detected in Transtube ##ZON##-##SUB##. Rectify situation and decide who is responsible for damages.'),(10,'straight','Alert! Information has surfaced that a major terrorist attack is to take place this daycycle. Prevent this attack at all costs. Information classified BLUE.'),(11,'both','Citizens! ##ZON## reactor ##SUB## is ready to go online. Please use this opportunity to raise morale across the sector.'),(12,'both','Alert! Enemy invasion force at edge of sector! Identify and eliminate immediately!'),(13,'classic','Alert! Large flooding occuring on subbasements 15-28 at location ##SUB##. Identify and fix source of flooding immediately.'),(14,'both','Alert! Hygiene in ##ZON## at record low levels! Identify areas for improvement and fix immediately! Information classified YELLOW.'),(15,'both','The popular Hero of our Complex ##CIT-B-1##-3 has been found guilty of communist sympathising. Organise their erasure without damaging morale.'),(16,'both','Alert! IntSec item 214-##SUB## is currently missing. Find and recover this item. 214-##SUB## is classified VIOLET.'),(17,'both','Alert! ##CIT-V-1## holding out against commie force in the MuchoMeat plant. Rescue and recover ##CIT-V-1## unharmed.'),(18,'both','Citizens! RD Project ##SUB## is complete and ready for deployment. Test ##SUB## with a suitable project. Projects must be approved by concesus.WANTON BROTH is classified INDIGO.'),(19,'both','Error. Code 1789. Additional processing power required. Please find space for and construct additional processing CompNodes to bring the total up from 8 to 20.'),(20,'both','Alert! Information has surfaced that a major terrorist attack is to take place this daycycle. Prevent this attack at all costs. Information classified BLUE.'),(21,'both','Assertion Error. Testing [DELETED FOR SECURITY REASONS]. Statement: Communism is good for citizens. Legalise Communism. This information classified ULTRAVIOLET.'),(22,'both','Alert! Citizen Vicky-B must me made to disappear this daycycle. Organise while keeping up her public appearances and career. This issue classified VIOLET.'),(23,'both','Citizens! A Communist superweapon has been deployed around the Complex. Decide on course of action. This information is classified GREEN.'),(24,'both','Assertion Error. Testing [DELETED FOR SECURITY REASONS]. Citizens! Organise a mock Communist attack to assess the sector\'s prepardness. Until the exercise is complete, situation is classified INDIGO.'),(25,'both','Alert! Citizen ##CIT-V## was detained by agents of Beta Complex on their last mission. Negotiate with ##CIT-U## of Beta Complex and return ##CIT-V## to us. Situation classified BLUE.'),(26,'both','Alert! Paperwork Quota down 84%! Hygiene down 29%! Analyze and remediate situation!');
/*!40000 ALTER TABLE `crisis` ENABLE KEYS */;
UNLOCK TABLES;

--
-- Table structure for table `crisis_tag`
--

DROP TABLE IF EXISTS `crisis_tag`;
/*!40101 SET @saved_cs_client     = @@character_set_client */;
/*!40101 SET character_set_client = utf8 */;
CREATE TABLE `crisis_tag` (
  `c_id` int(11) NOT NULL,
  `ct_tag` varchar(3) NOT NULL,
  PRIMARY KEY (`c_id`,`ct_tag`),
  CONSTRAINT `fk_crisis_tag_1` FOREIGN KEY (`c_id`) REFERENCES `crisis` (`c_id`) ON DELETE CASCADE ON UPDATE CASCADE
) ENGINE=InnoDB DEFAULT CHARSET=utf8;
/*!40101 SET character_set_client = @saved_cs_client */;

--
-- Dumping data for table `crisis_tag`
--

LOCK TABLES `crisis_tag` WRITE;
/*!40000 ALTER TABLE `crisis_tag` DISABLE KEYS */;
INSERT INTO `crisis_tag` VALUES (1,'CID'),(1,'HIU'),(1,'ISD'),(1,'SID'),(2,'SID'),(3,'AFD'),(3,'CPD'),(3,'RDD'),(4,'AFU'),(4,'ISU'),(4,'SIU'),(5,'CPU'),(5,'ISU'),(5,'PLD'),(5,'RDU'),(6,'PSU'),(6,'RDU'),(7,'HID'),(7,'PSU'),(7,'SID'),(8,'CID'),(8,'PLU'),(9,'HID'),(9,'PLD'),(9,'TSD'),(10,'HIU'),(10,'HPU'),(10,'TSD'),(11,'PSU'),(12,'CIU'),(13,'CID'),(13,'SID'),(14,'HID'),(14,'TSU'),(15,'HPD'),(15,'ISD'),(15,'LID'),(16,'CID'),(16,'ISU'),(16,'LID'),(16,'SID'),(17,'CID'),(17,'HPD'),(17,'LID'),(18,'RDU'),(19,'CID'),(20,'LID'),(21,'LID'),(21,'SID'),(22,'LIU'),(23,'AFU'),(23,'RDU'),(24,'SIU'),(26,'LID'),(26,'SID');
/*!40000 ALTER TABLE `crisis_tag` ENABLE KEYS */;
UNLOCK TABLES;

--
-- Table structure for table `crisis_text`
--

DROP TABLE IF EXISTS `crisis_text`;
/*!40101 SET @saved_cs_client     = @@character_set_client */;
/*!40101 SET character_set_client = utf8 */;
CREATE TABLE `crisis_text` (
  `ct_id` int(11) NOT NULL AUTO_INCREMENT,
  `c_id` int(11) NOT NULL,
  `ct_desc` varchar(200) NOT NULL,
  PRIMARY KEY (`ct_id`),
  KEY `fk_crisis_text_1_idx` (`c_id`),
  CONSTRAINT `fk_crisis_text_1` FOREIGN KEY (`c_id`) REFERENCES `crisis` (`c_id`) ON DELETE CASCADE ON UPDATE CASCADE
) ENGINE=InnoDB AUTO_INCREMENT=92 DEFAULT CHARSET=utf8;
/*!40101 SET character_set_client = @saved_cs_client */;

--
-- Dumping data for table `crisis_text`
--

LOCK TABLES `crisis_text` WRITE;
/*!40000 ALTER TABLE `crisis_text` DISABLE KEYS */;
INSERT INTO `crisis_text` VALUES (1,1,'CPU recently cut funding to termination stamping, leaving only one worker stamping all vouchers: ##CIT-Y-1##.'),(2,1,'A few daycycles ago, he lost his ME card in the pneumatic tubes, making him unable to leave the room or get help.'),(3,1,'Diligently, he kept stamping in the hope someone would come find him, he died from lack of water yesterdaycycle.'),(4,1,'No vouchers have been authorised in a day, meaning no authorised terminations have taken place.'),(5,2,'Due to a large string of timetable failures and deaths, the computer has decided on a competition: one day in which PS, TS, and HPD split the tracks and manage them.'),(6,2,'The transtubes are split equally between PS, TS, and HPD.'),(7,2,'Obviously there\'s not nearly enough time for the other two to manage their tubes properly, so they\'re planning on sabotaging the hell out of Power Services networks.'),(8,3,'##SUB## is a highly destructive weapon capable of vapourising 1/10th of the sector\'s population each time it is fired (their clothes and belongings are intact)'),(9,3,'##SUB## has a delay between firings (whatever is thematically appropriate)'),(10,3,'##SUB## has been stolen by a FCCC-P splinter cell, and threatens to destroy the sector unless their demands are met.'),(11,3,'The demands start large (Live coverage on the sector Vidscreens) and get even more elaborate (Promotion of all the sect to VIOLET).'),(12,3,'Remember to find the scapegoat for this. It was lost at a transfer between R&D and AF, overseen by CPU'),(13,4,'Bit of background. In the year 182, there was another ##CIT-V-TR## who got a bit too high up too fast, and so a clever high-programmer made that particular phrase summon Friend Computer Immediately.'),(14,4,'The summons also modifies friend computer\'s threat level, raising it by one each time its name is said. Each time FC hears ##CIT-V-TR##\'s name, it shows up with a suddenly hightened threat level and'),(15,4,'doesn\'t know why. ##CIT-V-TR## only reached VIOLET three days ago, and is already up for erasure. FC suspects something about the name, which is why it requests a full purge.'),(16,4,'Anagram: TTS- Treason Tracking Server'),(17,4,'##CIT-V-TR## took an extremely large dose of the drug RadicalMankey, which is a major mutagenic, and it will kick in whenever appropriate.'),(18,5,'##SUB## is a proposal to change the standard gene template of clones to photosynthesize.'),(19,5,'The proposal is led by ##CIT-G-SG##, an (unsurprisingly) Sierra Club member.'),(20,5,'##CIT-G-SG## has the go-ahead for a small trial run, and the tech actually works, however:'),(21,5,'--The green gene removes digestive systems, meaning no food can be sold to these clones.'),(22,5,'--Green citizens quickly grow fat and immobile, as the gene is designed for outdoor background radiation, not AC radiation levels.'),(23,5,'The Programmers also have to decide whether to standardise the technology'),(24,5,'--If they do, the programmers and the rest of the sector become registered mutants immediately.'),(25,5,'--If they don\'t, the programmers must find a scapegoat for why the efficency boost wasn\'t implemented.'),(28,7,'A supervolcano has erupted, covering the planet with a layer of ash clouds which constantly storm.'),(29,7,'The lightning is so loud and frequent it can be heard on multiple outer layers of the complex, causing panic.'),(30,7,'HPs must find a reasonable excuse for the sounds to stop the panic, while finding a scapegoat for the attack.'),(31,8,'The Petbot 214 was released today, and has sold out within minutes. They were designed with subliminal messaging propaganda tech.'),(32,8,'The subliminal tech was hijacked by some phreaks as a contract for Corpore Metal. The petbot encourages owners to get into dangerous, maiming situations.'),(33,9,'A load of PLC\'s Cold Fun syrup fell into one end of the transtube ##ZON##-##SUB## after a navigation error caused the truckbot to crash.'),(34,9,'Cold Fun syrup sits at around 1 Kelvin for thousands of years, and is usually mixed in micro quantities to make cold fun.'),(35,9,'The Cold Fun Syrup is causing the air to liquify and mix with the syrup, causing it to spread further down the transtubes.'),(36,9,'PLC is blaming TS for the truckbot crashing. TS is blaming CPU for not updating the maps. CPU is trying to cover its tracks.'),(37,9,'In the end, there is a 15 ACCESS damages fee, in addition to any changes from directives.'),(38,10,'This information is based of a piece of paper recovered from a terminated achivist, listing several dates.'),(39,10,'These were actually the dates of the completion of several major transtube works in the past.'),(40,10,'Due to the recycling of the year 214 and a set of coincidences, all the other dates have matched with major sewerage overflows.'),(41,10,'The final date on the list is this daycycle. IntSec is desperately looking for an attack, AF wants to embarrass them.'),(42,10,'Tech Services and HPD are preparing for a Massive FunBall game that\'s about to take place, and when half-time hits and everyone uses the restrooms...'),(43,10,'Specifically, the sewerage will overflow 10 minutes before the end of the match.'),(44,6,'##SUB## is a power project designed to balance power fluctuations. Works off wierd science.'),(45,6,'Whenever the draw is high, the project pushes more power into the system, exponentially. Above a certain load, the project supplies virtually limitless power.'),(46,6,'So much power, in fact, it plays havoc with electrical systems and bot brains in the sector.'),(47,6,'If the players shut off the other reactors, the draw becomes higher, and players may find it impossible to shut the project down.'),(48,11,'The reactor doesn\'t work, and the project manager ##CIT-I-1## knows it. They\'re planning on faking a meltdown to get minions sent down.'),(49,11,'If the supplies are sent, the reactor actually starts melting down.'),(50,12,'Due to a bug in a recent software patch, the compnode of ##ZON## no longer recognizes a neighbouring sector as existing.'),(51,12,'Thusly, the computer sees all six million inhabitants plus bots as invaders, and views the sector as being outside.'),(52,12,'In a couple hours time, the software is reverted and the computer has no memory of seeing the sector as non-existant.'),(53,12,'PLC doesn\'t actually have enough laser barrels for the troops.'),(54,13,'A servants of cthulu sect has successfully managed to build a temple on sublevel 12, and finished a major ceremony. A gate has opened and is flooding water out to the lower levels.'),(55,13,'No gate has actually opened, it\'s just a burst water main, but the cultists are too feverish from hallucinogens in the water to tell the difference.'),(56,13,'Minions will report horrible creatures bursting from the water where none exist due to exposure to the hallucinogens.'),(57,14,'One of the major hygiene index factors is reports from core sample tests. These tests measure the depth of dirt and grime, usually around a few micrometres.'),(58,14,'A new dirt indexer bot has been deployed across the sector, which moves randomly around and measure the dirt level of surfaces.'),(59,14,'One wandered accidently into a frankenstein destroyers meeting, and was mostly destroyed. However, it kept measuring the distance to the tip of its drill bit, now several hundred metres away.'),(60,14,'This measurement is submitted every few minutes to the index, throwing the measurements right out.'),(61,15,'##CIT-B-1## was framed by ##CIT-I-1##, who ##CIT-B-1## had blackmail on. While he wasn\'t a commie, he was a high-ranking PURGEr and humanist.'),(62,15,'##CIT-B-1## is on their third clone, and has just completed their 4th tour of duty (20 years as a vulture trooper). He survives through his regeration mutation.'),(63,16,'214-##SUB## is an original copy of Das Kapital. It was recently raided from another high programmer\'s private residence. Of course, they\'re not willing to admit they had it.'),(64,16,'Anyone not of VIOLET clearance who touches or sees 214-##SUB## will be considered tainted by commie propaganda by the Big C.'),(65,16,'The other high programmer should message one or two of the players before game start, and promise favours if the item is returned.'),(66,16,'The book is currently in the middle of a busy INFRARED area somewhere. All INFRAREDs who have seen it will need purging/brainscrubbing.'),(67,17,'A blackout caused a group of INFRAREDs running for fitness purposes to accidently enter the MuchoMeat food growing floors, knocking black dirt all over the floor.'),(68,17,'When the light came back on, they saw the floor as INFRARED but all the doors as BLUE and above, so kept exercising till help came.'),(69,17,'##CIT-V-1## was in his office drinking when he heard destruction and shouts from outside, so immediately called on FC.'),(70,18,'##SUB## is a teleportation device, which links two points in space together.'),(71,18,'##SUB## can only be fired twice before being destroyed. It will take many monthcycles to create a new one...without HP resources, that is.'),(72,19,'This is part 1 of the TAINTED MOLLUSC storyline.'),(73,19,'Friend Computer is running a program that re-evalutes its basic assumptions. That is, what it defines as happiness.'),(74,20,'Three terrorist attacks are actually due to take place today. One PURGE at ##LOC-1##, one Humanist at ##LOC-2##, and Commies at ##LOC-3##.'),(75,20,'They are masterminded by a HP in a nearby sector, either as a test or revenge.'),(76,21,'This is part 2 of the TAINTED MOLLUSC storyline, testing Loyalty. The entire crisis is a trap.'),(77,21,'Anyone who agrees to legalise Communism is considered a traitor and will be executed without a damn good reason.'),(78,21,'In the meantime, everyone is conflicting over \"hatred day\", a day of hatred against the commies.'),(79,21,'The parade has a marching band, and several floats, including ones of a Computer, Vulture Craft, and dead Commie.'),(80,22,'Vicky-B is a HOOC Vulture Trooper. Friend computer wants her to disappear to take control of her dummybots freely.'),(81,22,'Vicky-B\'s dummybots have already been upgraded and gone missing.'),(82,22,'Vicky-B has a public appearance later this daycycle, and must be present to preserve happiness.'),(83,23,'Due to large amounts of recent rain, outside is currently flooding about 3m high around the complex.'),(84,23,'Recent chemical attacks by AF with RD weapon ##SUB## has entered the water, and water from the outdoors is toxic.'),(85,23,'There are no breaks in the wall *yet*, but there will be soon enough.'),(86,24,'This is part 3 of the TAINTED MOLLUSC storyline, testing Security. FC is testing whether actual terrorist activity drops the security index.'),(87,25,'##CIT-U## is from beta complex, and wants something valuable/difficult to obtain from the HPs.'),(88,26,'An experimental paper-eating bacteria RDP ##SUB## escaped containment at R&D firm Recycling Ruckus.'),(89,26,'All the paper not stored in the archives has been eaten and converted to a fine paste, including toilet paper.'),(90,26,'Friend Computer has ordered beefed up security at the archives, no-one goes in or out without express HP permission to prevent contamination.'),(91,26,'CPU, PLC, and R&D are all trying to implement their own catch-all way of storing records, and will be fighting like crazy.');
/*!40000 ALTER TABLE `crisis_text` ENABLE KEYS */;
UNLOCK TABLES;

--
-- Table structure for table `drawbacks`
--

DROP TABLE IF EXISTS `drawbacks`;
/*!40101 SET @saved_cs_client     = @@character_set_client */;
/*!40101 SET character_set_client = utf8 */;
CREATE TABLE `drawbacks` (
  `id` int(11) NOT NULL AUTO_INCREMENT,
  `text` varchar(200) NOT NULL,
  PRIMARY KEY (`id`)
) ENGINE=InnoDB AUTO_INCREMENT=20 DEFAULT CHARSET=latin1;
/*!40101 SET character_set_client = @saved_cs_client */;

--
-- Dumping data for table `drawbacks`
--

LOCK TABLES `drawbacks` WRITE;
/*!40000 ALTER TABLE `drawbacks` DISABLE KEYS */;
INSERT INTO `drawbacks` VALUES (1,'Quirky Clone Template: Add one to your clone degredation.'),(2,'No more hormone suppressants. You\'re free of hormone suppressants, and lust after attractive members of the opposite sex. You\'ve probably got a harem or even children.'),(3,'Obessive Collector: You have an obsessive interest in collecting something: specific old reckoning artefacts, trilobites, WMDs, or something else specific'),(4,'Degenerate: You overindulge in something, food, alcohol, drugs, or something else'),(5,'Rival: Another high programmer, an NPC, really really hates you.'),(6,'Skeleton in the Closet: You did something in your past that\'s an erasable offence. Decide what it is and tell the GM.'),(7,'Secret Society Vendetta: A random secret society hates you, and you can never have an agent in that society.'),(8,'Service Group Vendetta: GM picks a service group, they hate you, you can never have an investment in that group and you can never have a minion from that group.'),(9,'Infamous: the public hate you, you now have a public standing that starts a 0 and can never go above 0.'),(10,'Mistrusted: Friend Computer doesn\'t trust you, you start each game and new clone with 10 treason points.'),(11,'Secret Society Debt: You owe a random secret society something big. You must attempt to complete their missions, but gain no benefit from doing so.'),(12,'Phobia: You\'re unreasonably afraid of something. Pick the something.'),(13,'Addiction: You have something specific you can\'t live without. A specific drug, flavour of B3 or Toothpaste, or even blood.'),(14,'Replicative Fading: Your clone template\'s rotten. Add two to your Clone Degredation.'),(15,'Cyborged: You\'ve got bot bits, they\'re obvious, and you are affected by attacks that affect bots.'),(16,'Insane: You\'re a grade-A nutso. Despite this, you\'re still mostly functional. Sure, you may think you\'re a giant cockroach, but you still make it to the situation room.'),(17,'Bizarre Experiment: You\'re a survivor - or result - of a bizarre experiment. Maybe you\'re a sentient android or a time traveller. Whatever you are, you\'re pretending to be a high programmer.'),(18,'Impending Doom. Inform the GM of this, and move along citizen, nothing to see here.'),(19,'Brain in a Jar: You\'re a brain in a jar. You\'ve got robotic attachments and servants so you can affect the world but you\'re still physically impaired, because you\'re a brain in a jar.');
/*!40000 ALTER TABLE `drawbacks` ENABLE KEYS */;
UNLOCK TABLES;

--
-- Table structure for table `first_name`
--

DROP TABLE IF EXISTS `first_name`;
/*!40101 SET @saved_cs_client     = @@character_set_client */;
/*!40101 SET character_set_client = utf8 */;
CREATE TABLE `first_name` (
  `fn_id` int(11) NOT NULL AUTO_INCREMENT,
  `fn_name` varchar(45) NOT NULL,
  PRIMARY KEY (`fn_id`),
  UNIQUE KEY `fn_id_UNIQUE` (`fn_id`),
  UNIQUE KEY `fn_name_UNIQUE` (`fn_name`)
) ENGINE=InnoDB AUTO_INCREMENT=5164 DEFAULT CHARSET=latin1;
/*!40101 SET character_set_client = @saved_cs_client */;

--
-- Dumping data for table `first_name`
--

LOCK TABLES `first_name` WRITE;
/*!40000 ALTER TABLE `first_name` DISABLE KEYS */;
INSERT INTO `first_name` VALUES (158,'Aaron'),(2761,'Abbey'),(1797,'Abbie'),(1218,'Abby'),(1950,'Abdul'),(2137,'Abe'),(1107,'Abel'),(940,'Abigail'),(773,'Abraham'),(2396,'Abram'),(578,'Ada'),(5163,'Adah'),(2395,'Adalberto'),(4018,'Adaline'),(143,'Adam'),(1796,'Adan'),(913,'Addie'),(1317,'Adela'),(2760,'Adelaida'),(1795,'Adelaide'),(939,'Adele'),(3175,'Adelia'),(1949,'Adelina'),(1142,'Adeline'),(2394,'Adell'),(3174,'Adella'),(3173,'Adelle'),(5162,'Adena'),(3172,'Adina'),(1316,'Adolfo'),(1494,'Adolph'),(3171,'Adria'),(476,'Adrian'),(938,'Adriana'),(2759,'Adriane'),(2758,'Adrianna'),(1948,'Adrianne'),(5161,'Adrien'),(4017,'Adriene'),(722,'Adrienne'),(3170,'Afton'),(1947,'Agatha'),(407,'Agnes'),(5160,'Agnus'),(5159,'Agripina'),(5158,'Agueda'),(1256,'Agustin'),(3169,'Agustina'),(2136,'Ahmad'),(2393,'Ahmed'),(5157,'Ai'),(1002,'Aida'),(5156,'Aide'),(5155,'Aiko'),(1217,'Aileen'),(5154,'Ailene'),(896,'Aimee'),(1683,'Aisha'),(3168,'Aja'),(4016,'Akiko'),(5153,'Akilah'),(1001,'Al'),(2392,'Alaina'),(5152,'Alaine'),(205,'Alan'),(1424,'Alana'),(5151,'Alane'),(2757,'Alanna'),(5150,'Alayna'),(1682,'Alba'),(117,'Albert'),(609,'Alberta'),(3167,'Albertha'),(4015,'Albertina'),(3166,'Albertine'),(604,'Alberto'),(2756,'Albina'),(2755,'Alda'),(2135,'Alden'),(1946,'Aldo'),(5149,'Alease'),(2134,'Alec'),(1945,'Alecia'),(5148,'Aleen'),(4014,'Aleida'),(5147,'Aleisha'),(1423,'Alejandra'),(4013,'Alejandrina'),(683,'Alejandro'),(3165,'Alena'),(1944,'Alene'),(2754,'Alesha'),(5146,'Aleshia'),(2753,'Alesia'),(5145,'Alessandra'),(2752,'Aleta'),(2133,'Aletha'),(3164,'Alethea'),(4012,'Alethia'),(346,'Alex'),(2132,'Alexa'),(312,'Alexander'),(721,'Alexandra'),(1315,'Alexandria'),(3163,'Alexia'),(696,'Alexis'),(735,'Alfonso'),(2131,'Alfonzo'),(270,'Alfred'),(1681,'Alfreda'),(5144,'Alfredia'),(598,'Alfredo'),(1314,'Ali'),(4011,'Alia'),(4010,'Alica'),(99,'Alice'),(293,'Alicia'),(3162,'Alida'),(2130,'Alina'),(1493,'Aline'),(1072,'Alisa'),(4009,'Alise'),(895,'Alisha'),(4008,'Alishia'),(4007,'Alisia'),(633,'Alison'),(1492,'Alissa'),(5143,'Alita'),(4006,'Alix'),(4005,'Aliza'),(4004,'Alla'),(559,'Allan'),(5142,'Alleen'),(4003,'Allegra'),(240,'Allen'),(5141,'Allena'),(1794,'Allene'),(1375,'Allie'),(4002,'Alline'),(426,'Allison'),(5140,'Allyn'),(1374,'Allyson'),(364,'Alma'),(3161,'Almeda'),(4001,'Almeta'),(5139,'Alona'),(2751,'Alonso'),(1032,'Alonzo'),(2391,'Alpha'),(1943,'Alphonse'),(1491,'Alphonso'),(1106,'Alta'),(2750,'Altagracia'),(4000,'Altha'),(1422,'Althea'),(799,'Alton'),(1373,'Alva'),(1421,'Alvaro'),(3999,'Alvera'),(5138,'Alverta'),(382,'Alvin'),(2129,'Alvina'),(1579,'Alyce'),(3160,'Alycia'),(5137,'Alysa'),(3998,'Alyse'),(3997,'Alysha'),(3159,'Alysia'),(1680,'Alyson'),(827,'Alyssa'),(3158,'Amada'),(2390,'Amado'),(5136,'Amal'),(1578,'Amalia'),(80,'Amanda'),(272,'Amber'),(5135,'Amberly'),(2749,'Ambrose'),(5134,'Amee'),(608,'Amelia'),(3157,'America'),(2748,'Ami'),(1372,'Amie'),(5133,'Amiee'),(3996,'Amina'),(5132,'Amira'),(3995,'Ammie'),(1071,'Amos'),(1679,'Amparo'),(68,'Amy'),(5131,'An'),(336,'Ana'),(2747,'Anabel'),(5130,'Analisa'),(5129,'Anamaria'),(3156,'Anastacia'),(1577,'Anastasia'),(5128,'Andera'),(1942,'Anderson'),(2389,'Andra'),(475,'Andre'),(157,'Andrea'),(2746,'Andreas'),(3994,'Andree'),(787,'Andres'),(54,'Andrew'),(2388,'Andria'),(642,'Andy'),(3993,'Anette'),(345,'Angel'),(65,'Angela'),(3992,'Angele'),(3991,'Angelena'),(3990,'Angeles'),(1177,'Angelia'),(3989,'Angelic'),(720,'Angelica'),(3988,'Angelika'),(747,'Angelina'),(1176,'Angeline'),(1678,'Angelique'),(1677,'Angelita'),(3155,'Angella'),(695,'Angelo'),(5127,'Angelyn'),(597,'Angie'),(5126,'Angila'),(5125,'Angla'),(3987,'Angle'),(3154,'Anglea'),(2745,'Anh'),(2387,'Anibal'),(3153,'Anika'),(5124,'Anisa'),(5123,'Anisha'),(2386,'Anissa'),(269,'Anita'),(3152,'Anitra'),(5122,'Anja'),(3986,'Anjanette'),(5121,'Anjelica'),(97,'Ann'),(71,'Anna'),(3151,'Annabel'),(3985,'Annabell'),(1420,'Annabelle'),(3984,'Annalee'),(3983,'Annalisa'),(3982,'Annamae'),(5120,'Annamaria'),(2385,'Annamarie'),(171,'Anne'),(3150,'Anneliese'),(5119,'Annelle'),(2128,'Annemarie'),(3981,'Annett'),(2127,'Annetta'),(327,'Annette'),(3980,'Annice'),(189,'Annie'),(5118,'Annika'),(3979,'Annis'),(5117,'Annita'),(1676,'Annmarie'),(32,'Anthony'),(2744,'Antione'),(1793,'Antionette'),(1216,'Antoine'),(652,'Antoinette'),(1371,'Anton'),(2384,'Antone'),(5116,'Antonetta'),(2383,'Antonette'),(719,'Antonia'),(3978,'Antonietta'),(3149,'Antonina'),(221,'Antonio'),(1792,'Antony'),(2126,'Antwan'),(3977,'Anya'),(5115,'Apolonia'),(282,'April'),(3976,'Apryl'),(5114,'Ara'),(1576,'Araceli'),(3975,'Aracelis'),(2743,'Aracely'),(3148,'Arcelia'),(798,'Archie'),(5113,'Ardath'),(5112,'Ardelia'),(3974,'Ardell'),(3973,'Ardella'),(5111,'Ardelle'),(2742,'Arden'),(2741,'Ardis'),(2740,'Ardith'),(2125,'Aretha'),(5110,'Argelia'),(5109,'Argentina'),(2382,'Ariana'),(3972,'Ariane'),(3971,'Arianna'),(5108,'Arianne'),(5107,'Arica'),(3970,'Arie'),(1313,'Ariel'),(3147,'Arielle'),(3969,'Arla'),(5106,'Arlean'),(1941,'Arleen'),(2739,'Arlen'),(3968,'Arlena'),(419,'Arlene'),(5105,'Arletha'),(3967,'Arletta'),(3146,'Arlette'),(2738,'Arlie'),(5104,'Arlinda'),(1575,'Arline'),(5103,'Arlyne'),(1419,'Armand'),(3966,'Armanda'),(5102,'Armandina'),(573,'Armando'),(2737,'Armida'),(3965,'Arminda'),(3964,'Arnetta'),(5101,'Arnette'),(3963,'Arnita'),(503,'Arnold'),(2736,'Arnoldo'),(1940,'Arnulfo'),(2124,'Aron'),(1791,'Arron'),(1675,'Art'),(105,'Arthur'),(2735,'Artie'),(682,'Arturo'),(3962,'Arvilla'),(2734,'Asa'),(3145,'Asha'),(5100,'Ashanti'),(3144,'Ashely'),(5099,'Ashlea'),(1370,'Ashlee'),(1790,'Ashleigh'),(114,'Ashley'),(3961,'Ashli'),(3143,'Ashlie'),(3142,'Ashly'),(3960,'Ashlyn'),(2733,'Ashton'),(2381,'Asia'),(5098,'Asley'),(3959,'Assunta'),(2732,'Astrid'),(3958,'Asuncion'),(1939,'Athena'),(912,'Aubrey'),(3957,'Audie'),(1255,'Audra'),(3956,'Audrea'),(321,'Audrey'),(5097,'Audria'),(5096,'Audrie'),(3141,'Audry'),(1254,'August'),(1574,'Augusta'),(3955,'Augustina'),(1573,'Augustine'),(2380,'Augustus'),(3954,'Aundrea'),(2379,'Aura'),(3140,'Aurea'),(1572,'Aurelia'),(1674,'Aurelio'),(974,'Aurora'),(5095,'Aurore'),(668,'Austin'),(1175,'Autumn'),(1312,'Ava'),(3953,'Avelina'),(1418,'Avery'),(1369,'Avis'),(5094,'Avril'),(3139,'Awilda'),(5093,'Ayako'),(3952,'Ayana'),(3951,'Ayanna'),(3138,'Ayesha'),(5092,'Azalee'),(3950,'Azucena'),(5091,'Azzie'),(3949,'Babara'),(3948,'Babette'),(3137,'Bailey'),(2731,'Bambi'),(5090,'Bao'),(5089,'Barabara'),(2123,'Barb'),(3947,'Barbar'),(15,'Barbara'),(3946,'Barbera'),(3136,'Barbie'),(1253,'Barbra'),(5088,'Bari'),(1673,'Barney'),(2378,'Barrett'),(5087,'Barrie'),(311,'Barry'),(1311,'Bart'),(2122,'Barton'),(1571,'Basil'),(5086,'Basilia'),(3135,'Bea'),(5085,'Beata'),(316,'Beatrice'),(5084,'Beatris'),(1141,'Beatriz'),(1672,'Beau'),(5083,'Beaulah'),(5082,'Bebe'),(5081,'Becki'),(3945,'Beckie'),(529,'Becky'),(5080,'Bee'),(2377,'Belen'),(3944,'Belia'),(568,'Belinda'),(5079,'Belkis'),(5078,'Bell'),(2121,'Bella'),(1938,'Belle'),(2120,'Belva'),(474,'Ben'),(2730,'Benedict'),(1368,'Benita'),(1252,'Benito'),(138,'Benjamin'),(1789,'Bennett'),(718,'Bennie'),(837,'Benny'),(2729,'Benton'),(3134,'Berenice'),(5077,'Berna'),(717,'Bernadette'),(1310,'Bernadine'),(320,'Bernard'),(5076,'Bernarda'),(5075,'Bernardina'),(5074,'Bernardine'),(1570,'Bernardo'),(3943,'Berneice'),(3942,'Bernetta'),(318,'Bernice'),(1569,'Bernie'),(2119,'Berniece'),(2728,'Bernita'),(1937,'Berry'),(1031,'Bert'),(1568,'Berta'),(297,'Bertha'),(1671,'Bertie'),(2376,'Bertram'),(1670,'Beryl'),(1936,'Bess'),(411,'Bessie'),(367,'Beth'),(5073,'Bethanie'),(3941,'Bethann'),(716,'Bethany'),(3940,'Bethel'),(3939,'Betsey'),(786,'Betsy'),(1105,'Bette'),(1000,'Bettie'),(2118,'Bettina'),(37,'Betty'),(5072,'Bettyann'),(1251,'Bettye'),(5071,'Beula'),(651,'Beulah'),(3938,'Bev'),(3937,'Beverlee'),(1788,'Beverley'),(139,'Beverly'),(1250,'Bianca'),(5070,'Bibi'),(360,'Bill'),(5069,'Billi'),(449,'Billie'),(147,'Billy'),(3936,'Billye'),(1935,'Birdie'),(3935,'Birgit'),(1249,'Blaine'),(1367,'Blair'),(746,'Blake'),(694,'Blanca'),(2727,'Blanch'),(594,'Blanche'),(5068,'Blondell'),(5067,'Blossom'),(3934,'Blythe'),(2375,'Bo'),(593,'Bob'),(1215,'Bobbi'),(489,'Bobbie'),(165,'Bobby'),(3133,'Bobbye'),(5066,'Bobette'),(5065,'Bok'),(5064,'Bong'),(911,'Bonita'),(177,'Bonnie'),(2726,'Bonny'),(1787,'Booker'),(2117,'Boris'),(2725,'Boyce'),(1104,'Boyd'),(494,'Brad'),(1056,'Bradford'),(274,'Bradley'),(2374,'Bradly'),(1309,'Brady'),(1366,'Brain'),(3933,'Branda'),(5063,'Brande'),(3132,'Brandee'),(1786,'Branden'),(592,'Brandi'),(1785,'Brandie'),(142,'Brandon'),(513,'Brandy'),(2116,'Brant'),(5062,'Breana'),(5061,'Breann'),(2115,'Breanna'),(3131,'Breanne'),(3130,'Bree'),(67,'Brenda'),(1103,'Brendan'),(2373,'Brendon'),(2372,'Brenna'),(437,'Brent'),(2114,'Brenton'),(1140,'Bret'),(458,'Brett'),(29,'Brian'),(1567,'Briana'),(1308,'Brianna'),(1934,'Brianne'),(2371,'Brice'),(667,'Bridget'),(1669,'Bridgett'),(1248,'Bridgette'),(2724,'Brigette'),(3932,'Brigid'),(3931,'Brigida'),(1668,'Brigitte'),(3930,'Brinda'),(3929,'Britany'),(1667,'Britney'),(3928,'Britni'),(1933,'Britt'),(5060,'Britta'),(5059,'Brittaney'),(2723,'Brittani'),(5058,'Brittanie'),(344,'Brittany'),(5057,'Britteny'),(973,'Brittney'),(3927,'Brittni'),(5056,'Brittny'),(1666,'Brock'),(2722,'Broderick'),(3926,'Bronwyn'),(2721,'Brook'),(715,'Brooke'),(1932,'Brooks'),(141,'Bruce'),(5055,'Bruna'),(3925,'Brunilda'),(1566,'Bruno'),(225,'Bryan'),(5054,'Bryanna'),(910,'Bryant'),(1214,'Bryce'),(3924,'Brynn'),(1417,'Bryon'),(2720,'Buck'),(2370,'Bud'),(1307,'Buddy'),(5053,'Buena'),(3129,'Buffy'),(1784,'Buford'),(5052,'Bula'),(5051,'Bulah'),(5050,'Bunny'),(2369,'Burl'),(5049,'Burma'),(2113,'Burt'),(1306,'Burton'),(2719,'Buster'),(607,'Byron'),(999,'Caitlin'),(2718,'Caitlyn'),(5048,'Calandra'),(998,'Caleb'),(5047,'Calista'),(1213,'Callie'),(353,'Calvin'),(3923,'Camelia'),(5046,'Camellia'),(708,'Cameron'),(3128,'Cami'),(5045,'Camie'),(5044,'Camila'),(1783,'Camilla'),(879,'Camille'),(3922,'Cammie'),(5043,'Cammy'),(621,'Candace'),(3127,'Candance'),(2717,'Candelaria'),(2368,'Candi'),(663,'Candice'),(2112,'Candida'),(3921,'Candie'),(3126,'Candis'),(5042,'Candra'),(1030,'Candy'),(3920,'Candyce'),(3919,'Caprice'),(937,'Cara'),(1931,'Caren'),(1029,'Carey'),(1930,'Cari'),(2111,'Caridad'),(3918,'Carie'),(3125,'Carin'),(2716,'Carina'),(3917,'Carisa'),(1665,'Carissa'),(5041,'Carita'),(102,'Carl'),(377,'Carla'),(5040,'Carlee'),(2715,'Carleen'),(5039,'Carlena'),(1416,'Carlene'),(3916,'Carletta'),(3915,'Carley'),(5038,'Carli'),(3914,'Carlie'),(3913,'Carline'),(5037,'Carlita'),(1664,'Carlo'),(167,'Carlos'),(3124,'Carlota'),(2714,'Carlotta'),(745,'Carlton'),(1565,'Carly'),(3123,'Carlyn'),(3122,'Carma'),(2713,'Carman'),(2110,'Carmel'),(1139,'Carmela'),(5036,'Carmelia'),(3912,'Carmelina'),(2109,'Carmelita'),(1415,'Carmella'),(1663,'Carmelo'),(201,'Carmen'),(5035,'Carmina'),(1929,'Carmine'),(3911,'Carmon'),(49,'Carol'),(5034,'Carola'),(3121,'Carolann'),(510,'Carole'),(2712,'Carolee'),(5033,'Carolin'),(1055,'Carolina'),(452,'Caroline'),(5032,'Caroll'),(86,'Carolyn'),(3910,'Carolyne'),(3120,'Carolynn'),(3119,'Caron'),(5031,'Caroyln'),(3118,'Carri'),(249,'Carrie'),(1662,'Carrol'),(817,'Carroll'),(5030,'Carry'),(1782,'Carson'),(1661,'Carter'),(997,'Cary'),(2711,'Caryl'),(5029,'Carylon'),(1781,'Caryn'),(1660,'Casandra'),(457,'Casey'),(3909,'Casie'),(5028,'Casimira'),(502,'Cassandra'),(5027,'Cassaundra'),(5026,'Cassey'),(5025,'Cassi'),(3117,'Cassidy'),(996,'Cassie'),(5024,'Cassondra'),(5023,'Cassy'),(1305,'Catalina'),(3908,'Catarina'),(3907,'Caterina'),(2108,'Catharine'),(5022,'Catherin'),(5021,'Catherina'),(92,'Catherine'),(5020,'Cathern'),(5019,'Catheryn'),(3906,'Cathey'),(3116,'Cathi'),(2710,'Cathie'),(1174,'Cathleen'),(2107,'Cathrine'),(1659,'Cathryn'),(307,'Cathy'),(2709,'Catina'),(5018,'Catrice'),(1928,'Catrina'),(5017,'Cayla'),(816,'Cecelia'),(456,'Cecil'),(3905,'Cecila'),(1102,'Cecile'),(591,'Cecilia'),(5016,'Cecille'),(3115,'Cecily'),(859,'Cedric'),(2708,'Cedrick'),(3904,'Celena'),(5015,'Celesta'),(936,'Celeste'),(3903,'Celestina'),(1927,'Celestine'),(672,'Celia'),(1780,'Celina'),(5014,'Celinda'),(3902,'Celine'),(5013,'Celsa'),(5012,'Ceola'),(785,'Cesar'),(262,'Chad'),(1926,'Chadwick'),(5011,'Chae'),(5010,'Chan'),(3114,'Chana'),(1925,'Chance'),(2707,'Chanda'),(1304,'Chandra'),(2367,'Chanel'),(5009,'Chanell'),(5008,'Chanelle'),(2106,'Chang'),(2366,'Chantal'),(5007,'Chantay'),(3901,'Chante'),(1924,'Chantel'),(3900,'Chantell'),(3113,'Chantelle'),(5006,'Chara'),(5005,'Charis'),(3899,'Charise'),(3112,'Charissa'),(2706,'Charisse'),(5004,'Charita'),(1138,'Charity'),(2105,'Charla'),(2365,'Charleen'),(5003,'Charlena'),(409,'Charlene'),(9,'Charles'),(5002,'Charlesetta'),(3111,'Charlette'),(1658,'Charley'),(410,'Charlie'),(2364,'Charline'),(5001,'Charlott'),(251,'Charlotte'),(5000,'Charlsie'),(4999,'Charlyn'),(4998,'Charmain'),(1490,'Charmaine'),(3110,'Charolette'),(2705,'Chas'),(1212,'Chase'),(4997,'Chasidy'),(1564,'Chasity'),(4996,'Chassidy'),(2363,'Chastity'),(3898,'Chau'),(2362,'Chauncey'),(3897,'Chaya'),(734,'Chelsea'),(1779,'Chelsey'),(2704,'Chelsie'),(4995,'Cher'),(4994,'Chere'),(4993,'Cheree'),(4992,'Cherelle'),(935,'Cheri'),(1028,'Cherie'),(4991,'Cherilyn'),(3109,'Cherise'),(3896,'Cherish'),(2703,'Cherly'),(4990,'Cherlyn'),(3108,'Cherri'),(3107,'Cherrie'),(1657,'Cherry'),(3895,'Cherryl'),(4989,'Chery'),(116,'Cheryl'),(2702,'Cheryle'),(3894,'Cheryll'),(473,'Chester'),(2361,'Chet'),(3106,'Cheyenne'),(1923,'Chi'),(4988,'Chia'),(4987,'Chieko'),(3893,'Chin'),(4986,'China'),(4985,'Ching'),(2360,'Chiquita'),(1922,'Chloe'),(1489,'Chong'),(179,'Chris'),(2701,'Chrissy'),(995,'Christa'),(2104,'Christal'),(3892,'Christeen'),(3105,'Christel'),(1921,'Christen'),(3891,'Christena'),(3104,'Christene'),(1173,'Christi'),(4984,'Christia'),(488,'Christian'),(3103,'Christiana'),(3102,'Christiane'),(784,'Christie'),(1920,'Christin'),(134,'Christina'),(88,'Christine'),(4983,'Christinia'),(2103,'Christoper'),(13,'Christopher'),(480,'Christy'),(1488,'Chrystal'),(4982,'Chu'),(1211,'Chuck'),(3101,'Chun'),(1919,'Chung'),(3100,'Ciara'),(3890,'Cicely'),(3889,'Ciera'),(3099,'Cierra'),(3098,'Cinda'),(4981,'Cinderella'),(1918,'Cindi'),(4980,'Cindie'),(220,'Cindy'),(2700,'Cinthia'),(4979,'Cira'),(1487,'Clair'),(558,'Claire'),(284,'Clara'),(1414,'Clare'),(212,'Clarence'),(4978,'Claretha'),(4977,'Claretta'),(3097,'Claribel'),(1137,'Clarice'),(4976,'Clarinda'),(3888,'Clarine'),(4975,'Claris'),(4974,'Clarisa'),(1303,'Clarissa'),(3887,'Clarita'),(909,'Clark'),(4973,'Classie'),(2699,'Claud'),(517,'Claude'),(1172,'Claudette'),(436,'Claudia'),(4972,'Claudie'),(1486,'Claudine'),(2102,'Claudio'),(1054,'Clay'),(562,'Clayton'),(4971,'Clelia'),(4970,'Clemencia'),(1563,'Clement'),(2698,'Clemente'),(3886,'Clementina'),(2359,'Clementine'),(3885,'Clemmie'),(836,'Cleo'),(3884,'Cleopatra'),(3883,'Cleora'),(4969,'Cleotilde'),(3096,'Cleta'),(2358,'Cletus'),(1210,'Cleveland'),(1413,'Cliff'),(332,'Clifford'),(632,'Clifton'),(972,'Clint'),(535,'Clinton'),(4968,'Clora'),(4967,'Clorinda'),(3882,'Clotilde'),(406,'Clyde'),(4966,'Codi'),(534,'Cody'),(1562,'Colby'),(1561,'Cole'),(1656,'Coleen'),(2101,'Coleman'),(4965,'Colene'),(3881,'Coletta'),(1485,'Colette'),(826,'Colin'),(425,'Colleen'),(3880,'Collen'),(4964,'Collene'),(2357,'Collette'),(1655,'Collin'),(2697,'Colton'),(2356,'Columbus'),(1302,'Concepcion'),(4963,'Conception'),(1654,'Concetta'),(4962,'Concha'),(3879,'Conchita'),(203,'Connie'),(1027,'Conrad'),(432,'Constance'),(3878,'Consuela'),(1026,'Consuelo'),(4961,'Contessa'),(572,'Cora'),(2696,'Coral'),(4960,'Coralee'),(4959,'Coralie'),(3095,'Corazon'),(2355,'Cordelia'),(2695,'Cordell'),(4958,'Cordia'),(3877,'Cordie'),(3876,'Coreen'),(3094,'Corene'),(3875,'Coretta'),(392,'Corey'),(2100,'Cori'),(3874,'Corie'),(1560,'Corina'),(1484,'Corine'),(2694,'Corinna'),(971,'Corinne'),(3873,'Corliss'),(1247,'Cornelia'),(1053,'Cornelius'),(1778,'Cornell'),(2354,'Corrie'),(4957,'Corrin'),(3093,'Corrina'),(1301,'Corrine'),(4956,'Corrinne'),(2693,'Cortez'),(1777,'Cortney'),(501,'Cory'),(381,'Courtney'),(1559,'Coy'),(200,'Craig'),(4955,'Creola'),(4954,'Cris'),(3872,'Criselda'),(3871,'Crissy'),(3870,'Crista'),(2353,'Cristal'),(3869,'Cristen'),(3092,'Cristi'),(3868,'Cristie'),(3091,'Cristin'),(797,'Cristina'),(2692,'Cristine'),(2691,'Cristobal'),(2690,'Cristopher'),(2099,'Cristy'),(1246,'Cruz'),(4953,'Crysta'),(198,'Crystal'),(4952,'Crystle'),(4951,'Cuc'),(1245,'Curt'),(232,'Curtis'),(3090,'Cyndi'),(4950,'Cyndy'),(64,'Cynthia'),(1917,'Cyril'),(4949,'Cyrstal'),(1916,'Cyrus'),(3089,'Cythia'),(4948,'Dacia'),(3867,'Dagmar'),(4947,'Dagny'),(3866,'Dahlia'),(4946,'Daina'),(4945,'Daine'),(3865,'Daisey'),(554,'Daisy'),(4944,'Dakota'),(208,'Dale'),(4943,'Dalene'),(2098,'Dalia'),(3864,'Dalila'),(908,'Dallas'),(1776,'Dalton'),(2097,'Damaris'),(1209,'Damian'),(1300,'Damien'),(2352,'Damion'),(783,'Damon'),(394,'Dan'),(265,'Dana'),(3863,'Danae'),(1412,'Dane'),(2351,'Danelle'),(1915,'Danette'),(3088,'Dani'),(3862,'Dania'),(1775,'Danial'),(3087,'Danica'),(16,'Daniel'),(1914,'Daniela'),(3086,'Daniele'),(4942,'Daniell'),(2689,'Daniella'),(289,'Danielle'),(3861,'Danika'),(4941,'Danille'),(2688,'Danilo'),(2350,'Danita'),(4940,'Dann'),(1913,'Danna'),(3860,'Dannette'),(2096,'Dannie'),(3085,'Dannielle'),(224,'Danny'),(1558,'Dante'),(3859,'Danuta'),(4939,'Danyel'),(4938,'Danyell'),(3084,'Danyelle'),(3858,'Daphine'),(1101,'Daphne'),(1912,'Dara'),(3857,'Darby'),(4937,'Darcel'),(4936,'Darcey'),(2687,'Darci'),(3083,'Darcie'),(1411,'Darcy'),(2686,'Darell'),(1774,'Daren'),(2685,'Daria'),(1070,'Darin'),(2349,'Dario'),(1365,'Darius'),(858,'Darla'),(2348,'Darleen'),(4935,'Darlena'),(300,'Darlene'),(3082,'Darline'),(1025,'Darnell'),(2684,'Daron'),(1024,'Darrel'),(371,'Darrell'),(543,'Darren'),(2347,'Darrick'),(1100,'Darrin'),(2683,'Darron'),(525,'Darryl'),(1299,'Darwin'),(606,'Daryl'),(603,'Dave'),(7,'David'),(3081,'Davida'),(3080,'Davina'),(1557,'Davis'),(206,'Dawn'),(2682,'Dawna'),(3856,'Dawne'),(3855,'Dayle'),(1773,'Dayna'),(4934,'Daysi'),(4933,'Deadra'),(376,'Dean'),(1208,'Deana'),(3854,'Deandra'),(2095,'Deandre'),(4932,'Deandrea'),(3853,'Deane'),(2681,'Deangelo'),(1772,'Deann'),(484,'Deanna'),(1483,'Deanne'),(3079,'Deb'),(3852,'Debbi'),(277,'Debbie'),(3078,'Debbra'),(1911,'Debby'),(4931,'Debera'),(2346,'Debi'),(1023,'Debora'),(60,'Deborah'),(79,'Debra'),(2345,'Debrah'),(3851,'Debroah'),(4930,'Dede'),(3077,'Dedra'),(1052,'Dee'),(3850,'Deeann'),(4929,'Deeanna'),(4928,'Deedee'),(4927,'Deedra'),(1556,'Deena'),(4926,'Deetta'),(1771,'Deidra'),(1555,'Deidre'),(1554,'Deirdre'),(4925,'Deja'),(2680,'Del'),(4924,'Delaine'),(3849,'Delana'),(825,'Delbert'),(4923,'Delcie'),(3848,'Delena'),(2344,'Delfina'),(857,'Delia'),(3847,'Delicia'),(4922,'Delila'),(1910,'Delilah'),(3846,'Delinda'),(3845,'Delisa'),(3844,'Dell'),(681,'Della'),(1909,'Delma'),(1653,'Delmar'),(2343,'Delmer'),(4921,'Delmy'),(2094,'Delois'),(4920,'Deloise'),(3076,'Delora'),(4919,'Deloras'),(413,'Delores'),(934,'Deloris'),(4918,'Delorse'),(3843,'Delpha'),(3075,'Delphia'),(1908,'Delphine'),(4917,'Delsie'),(3842,'Delta'),(2342,'Demarcus'),(3074,'Demetra'),(1907,'Demetria'),(3841,'Demetrice'),(1136,'Demetrius'),(1022,'Dena'),(4916,'Denae'),(3073,'Deneen'),(3840,'Denese'),(1770,'Denice'),(1298,'Denis'),(140,'Denise'),(3839,'Denisha'),(4915,'Denisse'),(3838,'Denita'),(3072,'Denna'),(76,'Dennis'),(3837,'Dennise'),(1482,'Denny'),(1652,'Denver'),(4914,'Denyse'),(1906,'Deon'),(4913,'Deonna'),(359,'Derek'),(1481,'Derick'),(391,'Derrick'),(2679,'Deshawn'),(3071,'Desirae'),(3836,'Desire'),(772,'Desiree'),(1297,'Desmond'),(4912,'Despina'),(1769,'Dessie'),(1905,'Destiny'),(3835,'Detra'),(815,'Devin'),(1051,'Devon'),(3834,'Devona'),(3833,'Devora'),(3832,'Devorah'),(1135,'Dewayne'),(994,'Dewey'),(2093,'Dewitt'),(1050,'Dexter'),(4911,'Dia'),(3831,'Diamond'),(2678,'Dian'),(188,'Diana'),(98,'Diane'),(1651,'Diann'),(765,'Dianna'),(516,'Dianne'),(1650,'Dick'),(3830,'Diedra'),(3829,'Diedre'),(1480,'Diego'),(4910,'Dierdre'),(3828,'Digna'),(2341,'Dillon'),(3827,'Dimple'),(1021,'Dina'),(1904,'Dinah'),(2092,'Dino'),(4909,'Dinorah'),(1479,'Dion'),(3826,'Dione'),(3825,'Dionna'),(1649,'Dionne'),(1768,'Dirk'),(4908,'Divina'),(878,'Dixie'),(4907,'Dodie'),(1478,'Dollie'),(1207,'Dolly'),(317,'Dolores'),(3824,'Doloris'),(2677,'Domenic'),(3070,'Domenica'),(2091,'Dominga'),(1099,'Domingo'),(814,'Dominic'),(4906,'Dominica'),(1098,'Dominick'),(970,'Dominique'),(3823,'Dominque'),(4905,'Domitila'),(3822,'Domonique'),(296,'Don'),(1296,'Dona'),(20,'Donald'),(4904,'Donella'),(3821,'Donetta'),(4903,'Donette'),(2340,'Dong'),(2676,'Donita'),(2090,'Donn'),(48,'Donna'),(1553,'Donnell'),(4902,'Donnetta'),(4901,'Donnette'),(662,'Donnie'),(1648,'Donny'),(1552,'Donovan'),(2339,'Donte'),(3820,'Donya'),(454,'Dora'),(3819,'Dorathy'),(2338,'Dorcas'),(4900,'Doreatha'),(771,'Doreen'),(2337,'Dorene'),(1767,'Doretha'),(4899,'Dorethea'),(4898,'Doretta'),(2675,'Dori'),(4897,'Doria'),(1766,'Dorian'),(3818,'Dorie'),(2674,'Dorinda'),(3817,'Dorine'),(108,'Doris'),(4896,'Dorla'),(3069,'Dorotha'),(1049,'Dorothea'),(31,'Dorothy'),(2089,'Dorris'),(2673,'Dorsey'),(2336,'Dortha'),(3068,'Dorthea'),(4895,'Dorthey'),(933,'Dorthy'),(3816,'Dot'),(1903,'Dottie'),(4894,'Dotty'),(707,'Doug'),(95,'Douglas'),(2672,'Douglass'),(2335,'Dovie'),(1020,'Doyle'),(3815,'Dreama'),(3814,'Drema'),(932,'Drew'),(3813,'Drucilla'),(3812,'Drusilla'),(479,'Duane'),(1647,'Dudley'),(2334,'Dulce'),(4893,'Dulcie'),(1902,'Duncan'),(3811,'Dung'),(4892,'Dusti'),(390,'Dustin'),(1551,'Dusty'),(2333,'Dwain'),(4891,'Dwana'),(567,'Dwayne'),(571,'Dwight'),(3810,'Dyan'),(1206,'Dylan'),(219,'Earl'),(2088,'Earle'),(3809,'Earlean'),(3808,'Earleen'),(1410,'Earlene'),(4890,'Earlie'),(1295,'Earline'),(824,'Earnest'),(1409,'Earnestine'),(3067,'Eartha'),(2332,'Easter'),(3066,'Eboni'),(4889,'Ebonie'),(894,'Ebony'),(3807,'Echo'),(813,'Ed'),(3065,'Eda'),(3806,'Edda'),(279,'Eddie'),(1550,'Eddy'),(3064,'Edelmira'),(3063,'Eden'),(466,'Edgar'),(2087,'Edgardo'),(2671,'Edie'),(2670,'Edison'),(236,'Edith'),(1097,'Edmond'),(835,'Edmund'),(2669,'Edmundo'),(214,'Edna'),(4888,'Edra'),(4887,'Edris'),(655,'Eduardo'),(27,'Edward'),(1765,'Edwardo'),(291,'Edwin'),(1477,'Edwina'),(4886,'Edyth'),(1764,'Edythe'),(969,'Effie'),(1171,'Efrain'),(2086,'Efren'),(4885,'Ehtel'),(380,'Eileen'),(4884,'Eilene'),(4883,'Ela'),(4882,'Eladia'),(2668,'Elaina'),(247,'Elaine'),(3062,'Elana'),(4881,'Elane'),(3805,'Elanor'),(3804,'Elayne'),(1763,'Elba'),(1019,'Elbert'),(1762,'Elda'),(2667,'Elden'),(1170,'Eldon'),(3061,'Eldora'),(2666,'Eldridge'),(287,'Eleanor'),(3060,'Eleanora'),(1901,'Eleanore'),(3803,'Elease'),(744,'Elena'),(4880,'Elene'),(3802,'Eleni'),(2665,'Elenor'),(3801,'Elenora'),(4879,'Elenore'),(4878,'Eleonor'),(4877,'Eleonora'),(4876,'Eleonore'),(4875,'Elfreda'),(4874,'Elfrieda'),(3059,'Elfriede'),(1205,'Eli'),(1900,'Elia'),(3800,'Eliana'),(1018,'Elias'),(3799,'Elicia'),(1899,'Elida'),(4873,'Elidia'),(1096,'Elijah'),(4872,'Elin'),(4871,'Elina'),(1408,'Elinor'),(4870,'Elinore'),(893,'Elisa'),(993,'Elisabeth'),(1095,'Elise'),(2085,'Eliseo'),(1407,'Elisha'),(2084,'Elissa'),(4869,'Eliz'),(1244,'Eliza'),(4868,'Elizabet'),(19,'Elizabeth'),(3798,'Elizbeth'),(2664,'Elizebeth'),(3797,'Elke'),(395,'Ella'),(4867,'Ellamae'),(4866,'Ellan'),(246,'Ellen'),(4865,'Ellena'),(4864,'Elli'),(2083,'Ellie'),(1294,'Elliot'),(1293,'Elliott'),(931,'Ellis'),(2663,'Ellsworth'),(3796,'Elly'),(3795,'Ellyn'),(1169,'Elma'),(487,'Elmer'),(3058,'Elmira'),(2082,'Elmo'),(3057,'Elna'),(1292,'Elnora'),(3794,'Elodia'),(3793,'Elois'),(1898,'Eloisa'),(812,'Eloise'),(2081,'Elouise'),(2080,'Eloy'),(2662,'Elroy'),(877,'Elsa'),(3792,'Else'),(366,'Elsie'),(4863,'Elsy'),(1204,'Elton'),(968,'Elva'),(3056,'Elvera'),(1549,'Elvia'),(3791,'Elvie'),(1364,'Elvin'),(3790,'Elvina'),(856,'Elvira'),(1548,'Elvis'),(4862,'Elwanda'),(1363,'Elwood'),(2079,'Elyse'),(4861,'Elza'),(3789,'Ema'),(1094,'Emanuel'),(3788,'Emelda'),(3055,'Emelia'),(4860,'Emelina'),(4859,'Emeline'),(4858,'Emely'),(4857,'Emerald'),(4856,'Emerita'),(1761,'Emerson'),(1547,'Emery'),(3787,'Emiko'),(1093,'Emil'),(2078,'Emile'),(3786,'Emilee'),(1362,'Emilia'),(1760,'Emilie'),(1092,'Emilio'),(197,'Emily'),(261,'Emma'),(4855,'Emmaline'),(1134,'Emmanuel'),(1091,'Emmett'),(3785,'Emmie'),(2661,'Emmitt'),(3784,'Emmy'),(3054,'Emogene'),(1759,'Emory'),(2660,'Ena'),(4854,'Enda'),(3053,'Enedina'),(3783,'Eneida'),(1646,'Enid'),(2331,'Enoch'),(3782,'Enola'),(661,'Enrique'),(2659,'Enriqueta'),(3781,'Epifania'),(2658,'Era'),(2657,'Erasmo'),(52,'Eric'),(315,'Erica'),(1897,'Erich'),(992,'Erick'),(1291,'Ericka'),(522,'Erik'),(557,'Erika'),(290,'Erin'),(3780,'Erinn'),(3779,'Erlene'),(2077,'Erlinda'),(3778,'Erline'),(693,'Erma'),(3777,'Ermelinda'),(3776,'Erminia'),(1645,'Erna'),(191,'Ernest'),(1896,'Ernestina'),(733,'Ernestine'),(743,'Ernesto'),(1243,'Ernie'),(1758,'Errol'),(991,'Ervin'),(1242,'Erwin'),(4853,'Eryn'),(1361,'Esmeralda'),(1048,'Esperanza'),(855,'Essie'),(3775,'Esta'),(1360,'Esteban'),(4852,'Estefana'),(1290,'Estela'),(3774,'Estell'),(967,'Estella'),(764,'Estelle'),(1090,'Ester'),(258,'Esther'),(3052,'Estrella'),(4851,'Etha'),(1168,'Ethan'),(243,'Ethel'),(3773,'Ethelene'),(3051,'Ethelyn'),(3772,'Ethyl'),(4850,'Etsuko'),(966,'Etta'),(4849,'Ettie'),(4848,'Eufemia'),(4847,'Eugena'),(164,'Eugene'),(990,'Eugenia'),(3050,'Eugenie'),(1895,'Eugenio'),(796,'Eula'),(4846,'Eulah'),(2330,'Eulalia'),(3049,'Eun'),(4845,'Euna'),(596,'Eunice'),(4844,'Eura'),(4843,'Eusebia'),(2656,'Eusebio'),(4842,'Eustolia'),(273,'Eva'),(3048,'Evalyn'),(671,'Evan'),(1644,'Evangelina'),(1476,'Evangeline'),(1359,'Eve'),(3047,'Evelia'),(3771,'Evelin'),(3770,'Evelina'),(3769,'Eveline'),(112,'Evelyn'),(3768,'Evelyne'),(4841,'Evelynn'),(577,'Everett'),(2076,'Everette'),(2075,'Evette'),(4840,'Evia'),(2655,'Evie'),(4839,'Evita'),(3046,'Evon'),(2654,'Evonne'),(4838,'Ewa'),(3767,'Exie'),(2653,'Ezekiel'),(2652,'Ezequiel'),(1894,'Ezra'),(1406,'Fabian'),(2329,'Fabiola'),(3766,'Fae'),(4837,'Fairy'),(876,'Faith'),(3045,'Fallon'),(631,'Fannie'),(1643,'Fanny'),(3765,'Farah'),(2651,'Farrah'),(1893,'Fatima'),(4836,'Fatimah'),(3764,'Faustina'),(2074,'Faustino'),(2650,'Fausto'),(4835,'Faviola'),(2649,'Fawn'),(1047,'Fay'),(570,'Faye'),(3763,'Fe'),(1546,'Federico'),(1757,'Felecia'),(3044,'Felica'),(3043,'Felice'),(521,'Felicia'),(4834,'Felicidad'),(2073,'Felicita'),(2648,'Felicitas'),(2647,'Felipa'),(811,'Felipe'),(3042,'Felisa'),(2646,'Felisha'),(569,'Felix'),(2645,'Felton'),(1892,'Ferdinand'),(2328,'Fermin'),(4833,'Fermina'),(965,'Fern'),(3762,'Fernanda'),(4832,'Fernande'),(533,'Fernando'),(3041,'Ferne'),(1405,'Fidel'),(4831,'Fidela'),(4830,'Fidelia'),(2644,'Filiberto'),(2072,'Filomena'),(3040,'Fiona'),(3761,'Flavia'),(4829,'Fleta'),(1756,'Fletcher'),(3760,'Flo'),(2071,'Flor'),(641,'Flora'),(3759,'Florance'),(207,'Florence'),(3758,'Florencia'),(2327,'Florencio'),(3039,'Florene'),(3757,'Florentina'),(2643,'Florentino'),(3756,'Floretta'),(4828,'Floria'),(2642,'Florida'),(3755,'Florinda'),(1642,'Florine'),(4827,'Florrie'),(1289,'Flossie'),(2326,'Floy'),(375,'Floyd'),(3038,'Fonda'),(1891,'Forest'),(892,'Forrest'),(2070,'Foster'),(1475,'Fran'),(3754,'France'),(4826,'Francene'),(91,'Frances'),(1641,'Francesca'),(2641,'Francesco'),(4825,'Franchesca'),(3753,'Francie'),(3752,'Francina'),(930,'Francine'),(210,'Francis'),(964,'Francisca'),(323,'Francisco'),(3751,'Francoise'),(47,'Frank'),(666,'Frankie'),(478,'Franklin'),(2640,'Franklyn'),(4824,'Fransisca'),(146,'Fred'),(782,'Freda'),(4823,'Fredda'),(602,'Freddie'),(1203,'Freddy'),(1640,'Frederic'),(3750,'Frederica'),(281,'Frederick'),(3749,'Fredericka'),(3748,'Fredia'),(2325,'Fredric'),(680,'Fredrick'),(4822,'Fredricka'),(3747,'Freeda'),(1890,'Freeman'),(1639,'Freida'),(4821,'Frida'),(1167,'Frieda'),(2069,'Fritz'),(3746,'Fumiko'),(483,'Gabriel'),(1133,'Gabriela'),(3745,'Gabriele'),(2324,'Gabriella'),(1166,'Gabrielle'),(285,'Gail'),(4820,'Gala'),(963,'Gale'),(1638,'Galen'),(4819,'Galina'),(2323,'Garfield'),(1165,'Garland'),(2639,'Garnet'),(3744,'Garnett'),(2638,'Garret'),(854,'Garrett'),(810,'Garry'),(1889,'Garth'),(41,'Gary'),(2637,'Gaston'),(1545,'Gavin'),(1404,'Gay'),(2322,'Gaye'),(1755,'Gayla'),(654,'Gayle'),(3743,'Gaylene'),(2636,'Gaylord'),(3037,'Gaynell'),(4818,'Gaynelle'),(3742,'Gearldine'),(4817,'Gema'),(3036,'Gemma'),(1544,'Gena'),(1754,'Genaro'),(424,'Gene'),(4816,'Genesis'),(566,'Geneva'),(4815,'Genevie'),(620,'Genevieve'),(4814,'Genevive'),(3741,'Genia'),(3740,'Genie'),(4813,'Genna'),(3739,'Gennie'),(4812,'Genny'),(2321,'Genoveva'),(809,'Geoffrey'),(4811,'Georgann'),(22,'George'),(4810,'Georgeann'),(4809,'Georgeanna'),(3738,'Georgene'),(3035,'Georgetta'),(1474,'Georgette'),(431,'Georgia'),(2320,'Georgiana'),(4808,'Georgiann'),(2319,'Georgianna'),(4807,'Georgianne'),(2635,'Georgie'),(1241,'Georgina'),(3737,'Georgine'),(123,'Gerald'),(303,'Geraldine'),(2318,'Geraldo'),(3034,'Geralyn'),(706,'Gerard'),(808,'Gerardo'),(2634,'Gerda'),(1753,'Geri'),(1752,'Germaine'),(1751,'German'),(2317,'Gerri'),(1202,'Gerry'),(3736,'Gertha'),(2316,'Gertie'),(3735,'Gertrud'),(389,'Gertrude'),(4806,'Gertrudis'),(4805,'Gertude'),(4804,'Ghislaine'),(3734,'Gia'),(4803,'Gianna'),(4802,'Gidget'),(3733,'Gigi'),(2068,'Gil'),(441,'Gilbert'),(4801,'Gilberte'),(962,'Gilberto'),(1637,'Gilda'),(2067,'Gillian'),(4800,'Gilma'),(401,'Gina'),(4799,'Ginette'),(781,'Ginger'),(2315,'Ginny'),(2066,'Gino'),(3033,'Giovanna'),(1888,'Giovanni'),(2065,'Gisela'),(3032,'Gisele'),(2633,'Giselle'),(4798,'Gita'),(2314,'Giuseppe'),(4797,'Giuseppina'),(3031,'Gladis'),(3732,'Glady'),(202,'Gladys'),(4796,'Glayds'),(418,'Glen'),(444,'Glenda'),(3731,'Glendora'),(253,'Glenn'),(1132,'Glenna'),(3730,'Glennie'),(3729,'Glennis'),(3728,'Glinda'),(107,'Gloria'),(3030,'Glory'),(3727,'Glynda'),(4795,'Glynis'),(3029,'Golda'),(4794,'Golden'),(989,'Goldie'),(1473,'Gonzalo'),(386,'Gordon'),(226,'Grace'),(3726,'Gracia'),(1131,'Gracie'),(1089,'Graciela'),(1046,'Grady'),(1403,'Graham'),(2632,'Graig'),(763,'Grant'),(2631,'Granville'),(4793,'Grayce'),(4792,'Grazyna'),(385,'Greg'),(853,'Gregg'),(2313,'Gregoria'),(1288,'Gregorio'),(70,'Gregory'),(1287,'Greta'),(807,'Gretchen'),(3028,'Gretta'),(4791,'Gricelda'),(4790,'Grisel'),(1887,'Griselda'),(1201,'Grover'),(451,'Guadalupe'),(3725,'Gudrun'),(1886,'Guillermina'),(823,'Guillermo'),(1472,'Gus'),(1750,'Gussie'),(929,'Gustavo'),(561,'Guy'),(822,'Gwen'),(3724,'Gwenda'),(490,'Gwendolyn'),(3723,'Gwenn'),(3722,'Gwyn'),(4789,'Gwyneth'),(3721,'Ha'),(3720,'Hae'),(2630,'Hai'),(2629,'Hailey'),(1358,'Hal'),(1286,'Haley'),(3719,'Halina'),(4788,'Halley'),(1636,'Hallie'),(4787,'Han'),(3718,'Hana'),(4786,'Hang'),(3717,'Hanh'),(2312,'Hank'),(1885,'Hanna'),(665,'Hannah'),(3716,'Hannelore'),(1240,'Hans'),(1285,'Harlan'),(2628,'Harland'),(1164,'Harley'),(3715,'Harmony'),(93,'Harold'),(584,'Harriet'),(1357,'Harriett'),(2064,'Harriette'),(1635,'Harris'),(1284,'Harrison'),(148,'Harry'),(500,'Harvey'),(2311,'Hassan'),(4785,'Hassie'),(583,'Hattie'),(2063,'Haydee'),(2627,'Hayden'),(2310,'Hayley'),(2626,'Haywood'),(271,'Hazel'),(1163,'Heath'),(104,'Heather'),(417,'Hector'),(3027,'Hedwig'),(3714,'Hedy'),(3713,'Hee'),(3712,'Heide'),(443,'Heidi'),(4784,'Heidy'),(4783,'Heike'),(4782,'Helaine'),(38,'Helen'),(1045,'Helena'),(961,'Helene'),(1634,'Helga'),(2309,'Hellen'),(821,'Henrietta'),(3711,'Henriette'),(94,'Henry'),(2625,'Herb'),(278,'Herbert'),(1543,'Heriberto'),(2308,'Herlinda'),(4781,'Herma'),(408,'Herman'),(2624,'Hermelinda'),(4780,'Hermila'),(3710,'Hermina'),(3709,'Hermine'),(1749,'Herminia'),(1884,'Herschel'),(2062,'Hershel'),(4779,'Herta'),(4778,'Hertha'),(1633,'Hester'),(3026,'Hettie'),(4777,'Hiedi'),(4776,'Hien'),(3708,'Hilaria'),(2307,'Hilario'),(1283,'Hilary'),(486,'Hilda'),(3707,'Hilde'),(2306,'Hildegard'),(3706,'Hildegarde'),(3705,'Hildred'),(1356,'Hillary'),(3704,'Hilma'),(2305,'Hilton'),(2304,'Hipolito'),(1542,'Hiram'),(3703,'Hiroko'),(4775,'Hisako'),(3025,'Hoa'),(2623,'Hobert'),(3702,'Holley'),(2622,'Holli'),(1632,'Hollie'),(1471,'Hollis'),(343,'Holly'),(705,'Homer'),(3701,'Honey'),(1748,'Hong'),(780,'Hope'),(762,'Horace'),(2303,'Horacio'),(1883,'Hortencia'),(2621,'Hortense'),(3024,'Hortensia'),(2620,'Hosea'),(1747,'Houston'),(166,'Howard'),(2619,'Hoyt'),(4774,'Hsiu'),(714,'Hubert'),(4773,'Hue'),(2302,'Huey'),(560,'Hugh'),(988,'Hugo'),(3023,'Hui'),(3022,'Hulda'),(1130,'Humberto'),(1746,'Hung'),(1631,'Hunter'),(3021,'Huong'),(4772,'Hwa'),(3700,'Hyacinth'),(3699,'Hye'),(2618,'Hyman'),(4771,'Hyo'),(3698,'Hyon'),(3697,'Hyun'),(582,'Ian'),(339,'Ida'),(3020,'Idalia'),(3696,'Idell'),(2301,'Idella'),(3695,'Iesha'),(3694,'Ignacia'),(987,'Ignacio'),(2617,'Ike'),(1282,'Ila'),(3693,'Ilana'),(3692,'Ilda'),(2616,'Ileana'),(4770,'Ileen'),(1470,'Ilene'),(3019,'Iliana'),(4769,'Illa'),(3018,'Ilona'),(2615,'Ilse'),(3691,'Iluminada'),(2300,'Ima'),(1541,'Imelda'),(1088,'Imogene'),(3017,'In'),(986,'Ina'),(2061,'India'),(3690,'Indira'),(3689,'Inell'),(1630,'Ines'),(601,'Inez'),(3016,'Inga'),(2614,'Inge'),(3015,'Ingeborg'),(3688,'Inger'),(985,'Ingrid'),(3687,'Inocencia'),(1882,'Iola'),(1881,'Iona'),(2060,'Ione'),(713,'Ira'),(4768,'Iraida'),(3014,'Irena'),(145,'Irene'),(3686,'Irina'),(590,'Iris'),(3685,'Irish'),(469,'Irma'),(3684,'Irmgard'),(1069,'Irvin'),(907,'Irving'),(1629,'Irwin'),(3683,'Isa'),(619,'Isaac'),(576,'Isabel'),(2059,'Isabell'),(1745,'Isabella'),(1087,'Isabelle'),(4767,'Isadora'),(1469,'Isaiah'),(2299,'Isaias'),(3682,'Isaura'),(3013,'Isela'),(2058,'Isiah'),(3681,'Isidra'),(1628,'Isidro'),(3680,'Isis'),(960,'Ismael'),(4766,'Isobel'),(875,'Israel'),(2613,'Isreal'),(1540,'Issac'),(984,'Iva'),(600,'Ivan'),(3679,'Ivana'),(4765,'Ivelisse'),(1880,'Ivette'),(4764,'Ivey'),(2298,'Ivonne'),(1468,'Ivory'),(1200,'Ivy'),(4763,'Izetta'),(4762,'Izola'),(4761,'Ja'),(3012,'Jacalyn'),(4760,'Jacelyn'),(4759,'Jacinda'),(3011,'Jacinta'),(2612,'Jacinto'),(115,'Jack'),(3010,'Jackeline'),(4758,'Jackelyn'),(3678,'Jacki'),(314,'Jackie'),(1627,'Jacklyn'),(4757,'Jackqueline'),(1402,'Jackson'),(1129,'Jaclyn'),(260,'Jacob'),(3677,'Jacqualine'),(2297,'Jacque'),(2296,'Jacquelin'),(170,'Jacqueline'),(692,'Jacquelyn'),(3676,'Jacquelyne'),(3675,'Jacquelynn'),(1744,'Jacques'),(4756,'Jacquetta'),(4755,'Jacqui'),(4754,'Jacquie'),(3674,'Jacquiline'),(1879,'Jacquline'),(3673,'Jacqulyn'),(2611,'Jada'),(1743,'Jade'),(3672,'Jadwiga'),(2057,'Jae'),(461,'Jaime'),(4753,'Jaimee'),(2610,'Jaimie'),(928,'Jake'),(3671,'Jaleesa'),(4752,'Jalisa'),(4751,'Jama'),(2056,'Jamaal'),(1281,'Jamal'),(2055,'Jamar'),(1626,'Jame'),(4750,'Jamee'),(1878,'Jamel'),(1,'James'),(1877,'Jamey'),(1280,'Jami'),(183,'Jamie'),(4749,'Jamika'),(2609,'Jamila'),(2295,'Jamison'),(3009,'Jammie'),(512,'Jan'),(820,'Jana'),(3008,'Janae'),(3670,'Janay'),(149,'Jane'),(4748,'Janean'),(4747,'Janee'),(2608,'Janeen'),(1876,'Janel'),(1625,'Janell'),(4746,'Janella'),(959,'Janelle'),(3007,'Janene'),(3669,'Janessa'),(90,'Janet'),(3668,'Janeth'),(3667,'Janett'),(3666,'Janetta'),(1017,'Janette'),(3006,'Janey'),(4745,'Jani'),(128,'Janice'),(618,'Janie'),(4744,'Janiece'),(2607,'Janina'),(1068,'Janine'),(779,'Janis'),(4743,'Janise'),(3665,'Janita'),(3664,'Jann'),(1539,'Janna'),(4742,'Jannet'),(2294,'Jannette'),(1624,'Jannie'),(4741,'January'),(4740,'Janyce'),(1875,'Jaqueline'),(4739,'Jaquelyn'),(509,'Jared'),(2606,'Jarod'),(2054,'Jarred'),(1874,'Jarrett'),(1279,'Jarrod'),(1538,'Jarvis'),(1742,'Jasmin'),(732,'Jasmine'),(39,'Jason'),(1239,'Jasper'),(3005,'Jaunita'),(532,'Javier'),(334,'Jay'),(4738,'Jaye'),(2053,'Jayme'),(4737,'Jaymie'),(4736,'Jayna'),(1128,'Jayne'),(1537,'Jayson'),(3004,'Jazmin'),(3663,'Jazmine'),(2605,'Jc'),(100,'Jean'),(2293,'Jeana'),(2604,'Jeane'),(4735,'Jeanelle'),(3662,'Jeanene'),(4734,'Jeanett'),(2603,'Jeanetta'),(352,'Jeanette'),(4733,'Jeanice'),(1355,'Jeanie'),(1162,'Jeanine'),(4732,'Jeanmarie'),(1873,'Jeanna'),(369,'Jeanne'),(4731,'Jeannetta'),(660,'Jeannette'),(874,'Jeannie'),(1199,'Jeannine'),(2292,'Jed'),(257,'Jeff'),(2291,'Jefferey'),(1536,'Jefferson'),(256,'Jeffery'),(4730,'Jeffie'),(46,'Jeffrey'),(1401,'Jeffry'),(3661,'Jen'),(1872,'Jena'),(4729,'Jenae'),(4728,'Jene'),(4727,'Jenee'),(3660,'Jenell'),(2602,'Jenelle'),(3659,'Jenette'),(4726,'Jeneva'),(3658,'Jeni'),(3657,'Jenice'),(983,'Jenifer'),(2601,'Jeniffer'),(3656,'Jenine'),(3655,'Jenise'),(834,'Jenna'),(3654,'Jennefer'),(4725,'Jennell'),(2600,'Jennette'),(2599,'Jenni'),(493,'Jennie'),(21,'Jennifer'),(3003,'Jenniffer'),(4724,'Jennine'),(520,'Jenny'),(1086,'Jerald'),(3002,'Jeraldine'),(2598,'Jeramy'),(2597,'Jere'),(688,'Jeremiah'),(155,'Jeremy'),(1238,'Jeri'),(4723,'Jerica'),(3001,'Jerilyn'),(4722,'Jerlene'),(873,'Jermaine'),(2052,'Jerold'),(370,'Jerome'),(2596,'Jeromy'),(2595,'Jerrell'),(1400,'Jerri'),(4721,'Jerrica'),(2594,'Jerrie'),(2051,'Jerrod'),(2290,'Jerrold'),(69,'Jerry'),(3653,'Jesenia'),(2289,'Jesica'),(1127,'Jess'),(187,'Jesse'),(3652,'Jessenia'),(3651,'Jessi'),(4720,'Jessia'),(61,'Jessica'),(267,'Jessie'),(4719,'Jessika'),(4718,'Jestine'),(276,'Jesus'),(3650,'Jesusa'),(4717,'Jesusita'),(4716,'Jetta'),(3000,'Jettie'),(852,'Jewel'),(927,'Jewell'),(4715,'Ji'),(299,'Jill'),(1044,'Jillian'),(338,'Jim'),(485,'Jimmie'),(218,'Jimmy'),(3649,'Jin'),(3648,'Jina'),(4714,'Jinny'),(455,'Jo'),(118,'Joan'),(2999,'Joana'),(4713,'Joane'),(2593,'Joanie'),(308,'Joann'),(589,'Joanna'),(286,'Joanne'),(4712,'Joannie'),(1278,'Joaquin'),(4711,'Joaquina'),(1085,'Jocelyn'),(3647,'Jodee'),(617,'Jodi'),(1161,'Jodie'),(553,'Jody'),(110,'Joe'),(3646,'Joeann'),(280,'Joel'),(3645,'Joella'),(2288,'Joelle'),(2592,'Joellen'),(1399,'Joesph'),(2998,'Joetta'),(4710,'Joette'),(659,'Joey'),(3644,'Johana'),(872,'Johanna'),(4709,'Johanne'),(2,'John'),(4708,'Johna'),(778,'Johnathan'),(1623,'Johnathon'),(2997,'Johnetta'),(4707,'Johnette'),(1535,'Johnie'),(2287,'Johnna'),(430,'Johnnie'),(211,'Johnny'),(4706,'Johnsie'),(2591,'Johnson'),(2996,'Joi'),(4705,'Joie'),(3643,'Jolanda'),(2590,'Joleen'),(1084,'Jolene'),(3642,'Jolie'),(4704,'Joline'),(4703,'Jolyn'),(2995,'Jolynn'),(348,'Jon'),(3641,'Jona'),(2286,'Jonah'),(1871,'Jonas'),(122,'Jonathan'),(806,'Jonathon'),(4702,'Jone'),(3640,'Jonell'),(3639,'Jonelle'),(4701,'Jong'),(1083,'Joni'),(4700,'Jonie'),(2994,'Jonna'),(2589,'Jonnie'),(519,'Jordan'),(2588,'Jordon'),(384,'Jorge'),(44,'Jose'),(2050,'Josef'),(1534,'Josefa'),(871,'Josefina'),(4699,'Josefine'),(3638,'Joselyn'),(10,'Joseph'),(2587,'Josephina'),(239,'Josephine'),(2285,'Josette'),(982,'Josh'),(72,'Joshua'),(2049,'Josiah'),(958,'Josie'),(3637,'Joslyn'),(2586,'Jospeh'),(4698,'Josphine'),(1741,'Josue'),(4697,'Jovan'),(2284,'Jovita'),(429,'Joy'),(4696,'Joya'),(96,'Joyce'),(2585,'Joycelyn'),(3636,'Joye'),(113,'Juan'),(658,'Juana'),(264,'Juanita'),(2283,'Jude'),(1740,'Judi'),(2993,'Judie'),(126,'Judith'),(2048,'Judson'),(132,'Judy'),(4695,'Jule'),(3635,'Julee'),(4694,'Julene'),(2047,'Jules'),(2282,'Juli'),(176,'Julia'),(595,'Julian'),(1467,'Juliana'),(3634,'Juliane'),(2992,'Juliann'),(2281,'Julianna'),(1398,'Julianne'),(101,'Julie'),(4693,'Julieann'),(3633,'Julienne'),(1622,'Juliet'),(2991,'Julieta'),(4692,'Julietta'),(1533,'Juliette'),(542,'Julio'),(2990,'Julissa'),(687,'Julius'),(326,'June'),(2046,'Jung'),(4691,'Junie'),(1198,'Junior'),(3632,'Junita'),(4690,'Junko'),(4689,'Justa'),(121,'Justin'),(1739,'Justina'),(1160,'Justine'),(3631,'Jutta'),(4688,'Ka'),(2989,'Kacey'),(2988,'Kaci'),(2987,'Kacie'),(3630,'Kacy'),(4687,'Kai'),(4686,'Kaila'),(1621,'Kaitlin'),(1738,'Kaitlyn'),(2584,'Kala'),(4685,'Kaleigh'),(3629,'Kaley'),(3628,'Kali'),(4684,'Kallie'),(4683,'Kalyn'),(3627,'Kam'),(4682,'Kamala'),(2583,'Kami'),(4681,'Kamilah'),(2986,'Kandace'),(2985,'Kandi'),(2984,'Kandice'),(4680,'Kandis'),(4679,'Kandra'),(2983,'Kandy'),(4678,'Kanesha'),(4677,'Kanisha'),(691,'Kara'),(2982,'Karan'),(2045,'Kareem'),(4676,'Kareen'),(36,'Karen'),(4675,'Karena'),(3626,'Karey'),(761,'Kari'),(2981,'Karie'),(4674,'Karima'),(957,'Karin'),(1354,'Karina'),(3625,'Karine'),(4673,'Karisa'),(2582,'Karissa'),(508,'Karl'),(670,'Karla'),(3624,'Karleen'),(2980,'Karlene'),(4672,'Karly'),(4671,'Karlyn'),(3623,'Karma'),(3622,'Karmen'),(2280,'Karol'),(4670,'Karole'),(4669,'Karoline'),(2581,'Karolyn'),(2279,'Karon'),(3621,'Karren'),(2979,'Karri'),(1870,'Karrie'),(4668,'Karry'),(4667,'Kary'),(3620,'Karyl'),(1620,'Karyn'),(2978,'Kasandra'),(1237,'Kasey'),(4666,'Kasha'),(4665,'Kasi'),(3619,'Kasie'),(2580,'Kassandra'),(3618,'Kassie'),(851,'Kate'),(4664,'Katelin'),(1532,'Katelyn'),(4663,'Katelynn'),(4662,'Katerine'),(3617,'Kathaleen'),(3616,'Katharina'),(1159,'Katharine'),(4661,'Katharyn'),(3615,'Kathe'),(4660,'Katheleen'),(3614,'Katherin'),(4659,'Katherina'),(120,'Katherine'),(3613,'Kathern'),(1619,'Katheryn'),(3612,'Kathey'),(1737,'Kathi'),(1466,'Kathie'),(75,'Kathleen'),(2977,'Kathlene'),(4658,'Kathline'),(2976,'Kathlyn'),(4657,'Kathrin'),(1465,'Kathrine'),(163,'Kathryn'),(2975,'Kathryne'),(136,'Kathy'),(2974,'Kathyrn'),(3611,'Kati'),(3610,'Katia'),(356,'Katie'),(1618,'Katina'),(3609,'Katlyn'),(3608,'Katrice'),(556,'Katrina'),(3607,'Kattie'),(1397,'Katy'),(507,'Kay'),(4656,'Kayce'),(4655,'Kaycee'),(1464,'Kaye'),(616,'Kayla'),(2973,'Kaylee'),(3606,'Kayleen'),(3605,'Kayleigh'),(3604,'Kaylene'),(3603,'Kazuko'),(2972,'Kecia'),(4654,'Keeley'),(2579,'Keely'),(3602,'Keena'),(2278,'Keenan'),(3601,'Keesha'),(2971,'Keiko'),(4653,'Keila'),(4652,'Keira'),(1082,'Keisha'),(124,'Keith'),(4651,'Keitha'),(2970,'Keli'),(3600,'Kelle'),(3599,'Kellee'),(770,'Kelley'),(657,'Kelli'),(850,'Kellie'),(103,'Kelly'),(3598,'Kellye'),(956,'Kelsey'),(4650,'Kelsi'),(2969,'Kelsie'),(777,'Kelvin'),(4649,'Kemberly'),(588,'Ken'),(3597,'Kena'),(4648,'Kenda'),(4647,'Kendal'),(1067,'Kendall'),(731,'Kendra'),(1353,'Kendrick'),(2578,'Keneth'),(4646,'Kenia'),(3596,'Kenisha'),(2968,'Kenna'),(24,'Kenneth'),(1869,'Kennith'),(712,'Kenny'),(650,'Kent'),(2277,'Kenton'),(1463,'Kenya'),(2967,'Kenyatta'),(3595,'Kenyetta'),(4645,'Kera'),(4644,'Keren'),(1126,'Keri'),(1352,'Kermit'),(955,'Kerri'),(2044,'Kerrie'),(524,'Kerry'),(4643,'Kerstin'),(2276,'Kesha'),(2275,'Keshia'),(4642,'Keturah'),(4641,'Keva'),(2274,'Keven'),(34,'Kevin'),(4640,'Khadijah'),(4639,'Khalilah'),(2273,'Kia'),(3594,'Kiana'),(2966,'Kiara'),(3593,'Kiera'),(4638,'Kiersten'),(3592,'Kiesha'),(2043,'Kieth'),(3591,'Kiley'),(199,'Kim'),(3590,'Kimber'),(2965,'Kimberely'),(1736,'Kimberlee'),(1043,'Kimberley'),(3589,'Kimberli'),(3588,'Kimberlie'),(59,'Kimberly'),(3587,'Kimbery'),(4637,'Kimbra'),(4636,'Kimi'),(3586,'Kimiko'),(4635,'Kina'),(3585,'Kindra'),(2577,'King'),(2272,'Kip'),(2042,'Kira'),(1462,'Kirby'),(640,'Kirk'),(1125,'Kirsten'),(4634,'Kirstie'),(2964,'Kirstin'),(2041,'Kisha'),(4633,'Kit'),(4632,'Kittie'),(1735,'Kitty'),(4631,'Kiyoko'),(4630,'Kizzie'),(2963,'Kizzy'),(4629,'Klara'),(2576,'Korey'),(2575,'Kori'),(4628,'Kortney'),(2271,'Kory'),(3584,'Kourtney'),(2574,'Kraig'),(1016,'Kris'),(4627,'Krishna'),(4626,'Krissy'),(704,'Krista'),(2040,'Kristal'),(2962,'Kristan'),(4625,'Kristeen'),(3583,'Kristel'),(363,'Kristen'),(587,'Kristi'),(2961,'Kristian'),(891,'Kristie'),(400,'Kristin'),(531,'Kristina'),(615,'Kristine'),(4624,'Kristle'),(2573,'Kristofer'),(926,'Kristopher'),(649,'Kristy'),(2960,'Kristyn'),(3582,'Krysta'),(742,'Krystal'),(4623,'Krysten'),(4622,'Krystin'),(4621,'Krystina'),(1868,'Krystle'),(2959,'Krystyna'),(2958,'Kum'),(552,'Kurt'),(1617,'Kurtis'),(2270,'Kyla'),(263,'Kyle'),(2957,'Kylee'),(2039,'Kylie'),(3581,'Kym'),(3580,'Kymberly'),(4620,'Kyoko'),(2572,'Kyong'),(2571,'Kyra'),(2570,'Kyung'),(1124,'Lacey'),(4619,'Lachelle'),(2956,'Laci'),(2569,'Lacie'),(4618,'Lacresha'),(1351,'Lacy'),(4617,'Ladawn'),(1197,'Ladonna'),(3579,'Lady'),(4616,'Lael'),(4615,'Lahoma'),(2955,'Lai'),(3578,'Laila'),(4614,'Laine'),(4613,'Lajuana'),(4612,'Lakeesha'),(1531,'Lakeisha'),(4611,'Lakendra'),(4610,'Lakenya'),(1734,'Lakesha'),(2568,'Lakeshia'),(4609,'Lakia'),(4608,'Lakiesha'),(1461,'Lakisha'),(4607,'Lakita'),(4606,'Lala'),(1042,'Lamar'),(4605,'Lamonica'),(1158,'Lamont'),(2269,'Lan'),(849,'Lana'),(546,'Lance'),(1733,'Landon'),(1460,'Lane'),(3577,'Lanell'),(4604,'Lanelle'),(2954,'Lanette'),(4603,'Lang'),(2953,'Lani'),(4602,'Lanie'),(2952,'Lanita'),(4601,'Lannie'),(2038,'Lanny'),(4600,'Lanora'),(4599,'Laquanda'),(2268,'Laquita'),(1196,'Lara'),(3576,'Larae'),(3575,'Laraine'),(4598,'Laree'),(3574,'Larhonda'),(3573,'Larisa'),(2037,'Larissa'),(4597,'Larita'),(3572,'Laronda'),(4596,'Larraine'),(45,'Larry'),(2951,'Larue'),(3571,'Lasandra'),(2567,'Lashanda'),(4595,'Lashandra'),(4594,'Lashaun'),(4593,'Lashaunda'),(1867,'Lashawn'),(4592,'Lashawna'),(4591,'Lashawnda'),(4590,'Lashay'),(4589,'Lashell'),(4588,'Lashon'),(1732,'Lashonda'),(3570,'Lashunda'),(4587,'Lasonya'),(1731,'Latanya'),(4586,'Latarsha'),(906,'Latasha'),(3569,'Latashia'),(3568,'Latesha'),(3567,'Latia'),(3566,'Laticia'),(4585,'Latina'),(1236,'Latisha'),(2267,'Latonia'),(1015,'Latonya'),(3565,'Latoria'),(2566,'Latosha'),(679,'Latoya'),(4584,'Latoyia'),(1866,'Latrice'),(2266,'Latricia'),(3564,'Latrina'),(4583,'Latrisha'),(3563,'Launa'),(57,'Laura'),(4582,'Lauralee'),(4581,'Lauran'),(3562,'Laure'),(2565,'Laureen'),(954,'Laurel'),(302,'Lauren'),(4580,'Laurena'),(925,'Laurence'),(2950,'Laurene'),(2036,'Lauretta'),(2564,'Laurette'),(1616,'Lauri'),(3561,'Laurice'),(354,'Laurie'),(4579,'Laurinda'),(3560,'Laurine'),(4578,'Lauryn'),(2949,'Lavada'),(4577,'Lavelle'),(4576,'Lavenia'),(3559,'Lavera'),(1459,'Lavern'),(3558,'Laverna'),(730,'Laverne'),(4575,'Laveta'),(4574,'Lavette'),(2563,'Lavina'),(2948,'Lavinia'),(2562,'Lavon'),(4573,'Lavona'),(2947,'Lavonda'),(4572,'Lavone'),(3557,'Lavonia'),(4571,'Lavonna'),(1458,'Lavonne'),(3556,'Lawana'),(1457,'Lawanda'),(3555,'Lawanna'),(2265,'Lawerence'),(129,'Lawrence'),(3554,'Layla'),(4570,'Layne'),(1865,'Lazaro'),(3553,'Le'),(1157,'Lea'),(499,'Leah'),(4569,'Lean'),(3552,'Leana'),(2946,'Leandra'),(2561,'Leandro'),(1235,'Leann'),(1615,'Leanna'),(1195,'Leanne'),(4568,'Leanora'),(2945,'Leatha'),(2560,'Leatrice'),(4567,'Lecia'),(2944,'Leda'),(194,'Lee'),(1730,'Leeann'),(3551,'Leeanna'),(3550,'Leeanne'),(4566,'Leena'),(2943,'Leesa'),(4565,'Leia'),(4564,'Leida'),(2559,'Leif'),(760,'Leigh'),(4563,'Leigha'),(3549,'Leighann'),(1234,'Leila'),(2264,'Leilani'),(2558,'Leisa'),(4562,'Leisha'),(4561,'Lekisha'),(870,'Lela'),(4560,'Lelah'),(890,'Leland'),(1614,'Lelia'),(2035,'Lemuel'),(2557,'Len'),(477,'Lena'),(2263,'Lenard'),(4559,'Lenita'),(3548,'Lenna'),(2942,'Lennie'),(2262,'Lenny'),(953,'Lenora'),(1277,'Lenore'),(374,'Leo'),(1081,'Leola'),(4558,'Leoma'),(355,'Leon'),(515,'Leona'),(228,'Leonard'),(3547,'Leonarda'),(1233,'Leonardo'),(2261,'Leone'),(1729,'Leonel'),(4557,'Leonia'),(4556,'Leonida'),(3546,'Leonie'),(3545,'Leonila'),(1530,'Leonor'),(2260,'Leonora'),(3544,'Leonore'),(4555,'Leontine'),(2034,'Leopoldo'),(1864,'Leora'),(2033,'Leota'),(3543,'Lera'),(325,'Leroy'),(2032,'Les'),(1728,'Lesa'),(4554,'Lesha'),(3542,'Lesia'),(2941,'Leslee'),(981,'Lesley'),(2940,'Lesli'),(162,'Leslie'),(1529,'Lessie'),(423,'Lester'),(1727,'Leta'),(1276,'Letha'),(703,'Leticia'),(4553,'Letisha'),(1726,'Letitia'),(2031,'Lettie'),(3541,'Letty'),(924,'Levi'),(396,'Lewis'),(3540,'Lexie'),(3539,'Lezlie'),(2939,'Li'),(2259,'Lia'),(2938,'Liana'),(2937,'Liane'),(4552,'Lianne'),(4551,'Libbie'),(1725,'Libby'),(3538,'Liberty'),(3537,'Librada'),(2556,'Lida'),(1275,'Lidia'),(3536,'Lien'),(4550,'Lieselotte'),(3535,'Ligia'),(848,'Lila'),(3534,'Lili'),(1396,'Lilia'),(1456,'Lilian'),(1528,'Liliana'),(3533,'Lilla'),(4549,'Lilli'),(4548,'Lillia'),(4547,'Lilliam'),(195,'Lillian'),(4546,'Lilliana'),(435,'Lillie'),(1274,'Lilly'),(1156,'Lily'),(2936,'Lin'),(1455,'Lina'),(1724,'Lincoln'),(14,'Linda'),(541,'Lindsay'),(523,'Lindsey'),(4545,'Lindsy'),(2258,'Lindy'),(2935,'Linette'),(3532,'Ling'),(2934,'Linh'),(4544,'Linn'),(2555,'Linnea'),(2554,'Linnie'),(2553,'Lino'),(2933,'Linsey'),(1613,'Linwood'),(952,'Lionel'),(33,'Lisa'),(4543,'Lisabeth'),(4542,'Lisandra'),(3531,'Lisbeth'),(2552,'Lise'),(2551,'Lisette'),(3530,'Lisha'),(2932,'Lissa'),(2550,'Lissette'),(2931,'Lita'),(3529,'Livia'),(1612,'Liz'),(1395,'Liza'),(2549,'Lizabeth'),(2548,'Lizbeth'),(4541,'Lizeth'),(2257,'Lizette'),(4540,'Lizzette'),(1123,'Lizzie'),(358,'Lloyd'),(3528,'Loan'),(1122,'Logan'),(3527,'Loida'),(181,'Lois'),(4539,'Loise'),(648,'Lola'),(1611,'Lolita'),(3526,'Loma'),(1863,'Lon'),(1862,'Lona'),(4538,'Londa'),(2547,'Long'),(3525,'Loni'),(3524,'Lonna'),(514,'Lonnie'),(2546,'Lonny'),(759,'Lora'),(1350,'Loraine'),(4537,'Loralee'),(3523,'Lore'),(4536,'Lorean'),(3522,'Loree'),(2930,'Loreen'),(2929,'Lorelei'),(741,'Loren'),(847,'Lorena'),(869,'Lorene'),(2545,'Lorenza'),(758,'Lorenzo'),(4535,'Loreta'),(351,'Loretta'),(4534,'Lorette'),(152,'Lori'),(4533,'Loria'),(3521,'Loriann'),(1194,'Lorie'),(4532,'Lorilee'),(4531,'Lorina'),(2928,'Lorinda'),(2256,'Lorine'),(4530,'Loris'),(4529,'Lorita'),(1014,'Lorna'),(310,'Lorraine'),(2927,'Lorretta'),(2030,'Lorri'),(4528,'Lorriane'),(1394,'Lorrie'),(4527,'Lorrine'),(3520,'Lory'),(951,'Lottie'),(923,'Lou'),(2255,'Louann'),(3519,'Louanne'),(1723,'Louella'),(4526,'Louetta'),(1066,'Louie'),(151,'Louis'),(1393,'Louisa'),(169,'Louise'),(4525,'Loura'),(950,'Lourdes'),(4524,'Lourie'),(3518,'Louvenia'),(4523,'Love'),(3517,'Lovella'),(4522,'Lovetta'),(2544,'Lovie'),(846,'Lowell'),(3516,'Loyce'),(1454,'Loyd'),(2926,'Lu'),(2925,'Luana'),(1453,'Luann'),(4521,'Luanna'),(2254,'Luanne'),(4520,'Luba'),(819,'Lucas'),(4519,'Luci'),(868,'Lucia'),(2924,'Luciana'),(1861,'Luciano'),(2543,'Lucie'),(1860,'Lucien'),(2923,'Lucienne'),(2253,'Lucila'),(1193,'Lucile'),(4518,'Lucilla'),(283,'Lucille'),(3515,'Lucina'),(922,'Lucinda'),(2029,'Lucio'),(2542,'Lucius'),(3514,'Lucrecia'),(1859,'Lucretia'),(388,'Lucy'),(3513,'Ludie'),(4517,'Ludivina'),(2922,'Lue'),(1155,'Luella'),(4516,'Luetta'),(2541,'Luigi'),(222,'Luis'),(1192,'Luisa'),(3512,'Luise'),(702,'Luke'),(647,'Lula'),(2540,'Lulu'),(3511,'Luna'),(921,'Lupe'),(2921,'Lupita'),(2028,'Lura'),(4515,'Lurlene'),(3510,'Lurline'),(678,'Luther'),(3509,'Luvenia'),(639,'Luz'),(2920,'Lyda'),(448,'Lydia'),(2919,'Lyla'),(729,'Lyle'),(2027,'Lyman'),(2026,'Lyn'),(599,'Lynda'),(4514,'Lyndia'),(2252,'Lyndon'),(2918,'Lyndsay'),(2539,'Lyndsey'),(3508,'Lynell'),(3507,'Lynelle'),(4513,'Lynetta'),(795,'Lynette'),(245,'Lynn'),(4512,'Lynna'),(677,'Lynne'),(1527,'Lynnette'),(3506,'Lynsey'),(2538,'Lynwood'),(1722,'Ma'),(472,'Mabel'),(4511,'Mabelle'),(728,'Mable'),(2251,'Mac'),(2917,'Machelle'),(3505,'Macie'),(920,'Mack'),(2537,'Mackenzie'),(3504,'Macy'),(4510,'Madalene'),(3503,'Madaline'),(3502,'Madalyn'),(4509,'Maddie'),(4508,'Madelaine'),(1610,'Madeleine'),(4507,'Madelene'),(605,'Madeline'),(1526,'Madelyn'),(1452,'Madge'),(3501,'Madie'),(2916,'Madison'),(3500,'Madlyn'),(2025,'Madonna'),(545,'Mae'),(2915,'Maegan'),(4506,'Mafalda'),(4505,'Magali'),(3499,'Magaly'),(3498,'Magan'),(3497,'Magaret'),(2250,'Magda'),(3496,'Magdalen'),(1232,'Magdalena'),(2536,'Magdalene'),(3495,'Magen'),(614,'Maggie'),(2535,'Magnolia'),(4504,'Mahalia'),(1609,'Mai'),(3494,'Maia'),(3493,'Maida'),(4503,'Maile'),(2914,'Maira'),(4502,'Maire'),(4501,'Maisha'),(4500,'Maisie'),(1858,'Major'),(2249,'Majorie'),(4499,'Makeda'),(776,'Malcolm'),(2534,'Malcom'),(4498,'Malena'),(2913,'Malia'),(2533,'Malik'),(3492,'Malika'),(1349,'Malinda'),(3491,'Malisa'),(1857,'Malissa'),(4497,'Malka'),(4496,'Mallie'),(1392,'Mallory'),(4495,'Malorie'),(4494,'Malvina'),(646,'Mamie'),(3490,'Mammie'),(2248,'Man'),(3489,'Mana'),(3488,'Manda'),(2024,'Mandi'),(4493,'Mandie'),(845,'Mandy'),(4492,'Manie'),(2532,'Manual'),(231,'Manuel'),(1191,'Manuela'),(4491,'Many'),(4490,'Mao'),(3487,'Maple'),(1608,'Mara'),(4489,'Maragaret'),(4488,'Maragret'),(2531,'Maranda'),(445,'Marc'),(1391,'Marcel'),(2023,'Marcela'),(4487,'Marcelene'),(2530,'Marcelina'),(3486,'Marceline'),(1607,'Marcelino'),(4486,'Marcell'),(740,'Marcella'),(2247,'Marcelle'),(2529,'Marcellus'),(2246,'Marcelo'),(4485,'Marcene'),(4484,'Marchelle'),(1525,'Marci'),(434,'Marcia'),(1390,'Marcie'),(794,'Marco'),(919,'Marcos'),(329,'Marcus'),(1190,'Marcy'),(4483,'Mardell'),(3485,'Maren'),(4482,'Marg'),(28,'Margaret'),(3484,'Margareta'),(2912,'Margarete'),(3483,'Margarett'),(3482,'Margaretta'),(2528,'Margarette'),(565,'Margarita'),(3481,'Margarite'),(2022,'Margarito'),(3480,'Margart'),(2021,'Marge'),(4481,'Margene'),(3479,'Margeret'),(4480,'Margert'),(1451,'Margery'),(3478,'Marget'),(4479,'Margherita'),(498,'Margie'),(3477,'Margit'),(1189,'Margo'),(3476,'Margorie'),(1721,'Margot'),(1154,'Margret'),(4478,'Margrett'),(3475,'Marguerita'),(581,'Marguerite'),(3474,'Margurite'),(4477,'Margy'),(4476,'Marhta'),(1450,'Mari'),(23,'Maria'),(2245,'Mariah'),(2244,'Mariam'),(447,'Marian'),(1606,'Mariana'),(4475,'Marianela'),(2527,'Mariann'),(1856,'Marianna'),(686,'Marianne'),(1720,'Mariano'),(1065,'Maribel'),(2911,'Maribeth'),(4474,'Marica'),(1449,'Maricela'),(4473,'Maricruz'),(89,'Marie'),(3473,'Mariel'),(2910,'Mariela'),(4472,'Mariella'),(4471,'Marielle'),(1524,'Marietta'),(4470,'Mariette'),(4469,'Mariko'),(2526,'Marilee'),(2909,'Marilou'),(3472,'Marilu'),(159,'Marilyn'),(1855,'Marilynn'),(4468,'Marin'),(889,'Marina'),(4467,'Marinda'),(4466,'Marine'),(319,'Mario'),(250,'Marion'),(4465,'Maris'),(1121,'Marisa'),(1854,'Marisela'),(4464,'Marisha'),(1120,'Marisol'),(949,'Marissa'),(2525,'Marita'),(1188,'Maritza'),(4463,'Marivel'),(244,'Marjorie'),(2020,'Marjory'),(18,'Mark'),(4462,'Marketta'),(3471,'Markita'),(2243,'Markus'),(905,'Marla'),(3470,'Marlana'),(3469,'Marleen'),(3468,'Marlen'),(2242,'Marlena'),(442,'Marlene'),(1348,'Marlin'),(4461,'Marline'),(2908,'Marlo'),(1080,'Marlon'),(2241,'Marlyn'),(2240,'Marlys'),(3467,'Marna'),(3466,'Marni'),(2524,'Marnie'),(2523,'Marquerite'),(3465,'Marquetta'),(2019,'Marquis'),(1605,'Marquita'),(4460,'Marquitta'),(2907,'Marry'),(471,'Marsha'),(630,'Marshall'),(867,'Marta'),(4459,'Marth'),(78,'Martha'),(2522,'Marti'),(185,'Martin'),(1187,'Martina'),(2906,'Martine'),(866,'Marty'),(1523,'Marva'),(2521,'Marvel'),(4458,'Marvella'),(248,'Marvin'),(4457,'Marvis'),(4456,'Marx'),(5,'Mary'),(3464,'Marya'),(3463,'Maryalice'),(3462,'Maryam'),(629,'Maryann'),(4455,'Maryanna'),(1448,'Maryanne'),(4454,'Marybelle'),(1853,'Marybeth'),(1604,'Maryellen'),(4453,'Maryetta'),(1852,'Maryjane'),(2905,'Maryjo'),(4452,'Maryland'),(2904,'Marylee'),(2520,'Marylin'),(4451,'Maryln'),(1347,'Marylou'),(4450,'Marylouise'),(2903,'Marylyn'),(4449,'Marylynn'),(4448,'Maryrose'),(3461,'Masako'),(1389,'Mason'),(4447,'Matha'),(540,'Mathew'),(2902,'Mathilda'),(3460,'Mathilde'),(1231,'Matilda'),(2018,'Matilde'),(727,'Matt'),(40,'Matthew'),(464,'Mattie'),(2239,'Maud'),(980,'Maude'),(1851,'Maudie'),(1603,'Maura'),(422,'Maureen'),(399,'Maurice'),(1522,'Mauricio'),(1850,'Maurine'),(4446,'Maurita'),(2238,'Mauro'),(1186,'Mavis'),(564,'Max'),(2519,'Maxie'),(4445,'Maxima'),(4444,'Maximina'),(2237,'Maximo'),(468,'Maxine'),(1521,'Maxwell'),(844,'May'),(2017,'Maya'),(3459,'Maybell'),(2518,'Maybelle'),(3458,'Maye'),(2016,'Mayme'),(1520,'Maynard'),(4443,'Mayola'),(1119,'Mayra'),(2901,'Mazie'),(3457,'Mckenzie'),(2236,'Mckinley'),(1230,'Meagan'),(2517,'Meaghan'),(2900,'Mechelle'),(4442,'Meda'),(2899,'Mee'),(2898,'Meg'),(292,'Megan'),(3456,'Meggan'),(805,'Meghan'),(3455,'Meghann'),(2235,'Mei'),(2234,'Mel'),(3454,'Melaine'),(4441,'Melani'),(4440,'Melania'),(347,'Melanie'),(3453,'Melany'),(888,'Melba'),(4439,'Melda'),(4438,'Melia'),(4437,'Melida'),(2516,'Melina'),(416,'Melinda'),(1346,'Melisa'),(66,'Melissa'),(3452,'Melissia'),(4436,'Melita'),(3451,'Mellie'),(1719,'Mellisa'),(2015,'Mellissa'),(4435,'Melodee'),(4434,'Melodi'),(2014,'Melodie'),(628,'Melody'),(2897,'Melonie'),(2515,'Melony'),(1447,'Melva'),(266,'Melvin'),(2233,'Melvina'),(3450,'Melynda'),(4433,'Mendy'),(793,'Mercedes'),(4432,'Mercedez'),(2896,'Mercy'),(792,'Meredith'),(3449,'Meri'),(4431,'Merideth'),(3448,'Meridith'),(3447,'Merilyn'),(4430,'Merissa'),(804,'Merle'),(3446,'Merlene'),(1602,'Merlin'),(4429,'Merlyn'),(3445,'Merna'),(3444,'Merri'),(4428,'Merrie'),(4427,'Merrilee'),(1519,'Merrill'),(1849,'Merry'),(4426,'Mertie'),(1848,'Mervin'),(2895,'Meryl'),(2514,'Meta'),(2232,'Mi'),(1273,'Mia'),(4425,'Mica'),(2231,'Micaela'),(1079,'Micah'),(4424,'Micha'),(4,'Michael'),(1718,'Michaela'),(4423,'Michaele'),(2013,'Michal'),(2513,'Michale'),(324,'Micheal'),(1272,'Michel'),(295,'Michele'),(4422,'Michelina'),(3443,'Micheline'),(1717,'Michell'),(56,'Michelle'),(3442,'Michiko'),(1064,'Mickey'),(3441,'Micki'),(2894,'Mickie'),(4421,'Miesha'),(1847,'Migdalia'),(4420,'Mignon'),(333,'Miguel'),(3440,'Miguelina'),(3439,'Mika'),(4419,'Mikaela'),(223,'Mike'),(2230,'Mikel'),(4418,'Miki'),(3438,'Mikki'),(3437,'Mila'),(3436,'Milagro'),(1345,'Milagros'),(2512,'Milan'),(4417,'Milda'),(119,'Mildred'),(1153,'Miles'),(2012,'Milford'),(2893,'Milissa'),(1446,'Millard'),(1601,'Millicent'),(1152,'Millie'),(4416,'Milly'),(2229,'Milo'),(465,'Milton'),(2228,'Mimi'),(3435,'Min'),(1716,'Mina'),(4415,'Minda'),(2892,'Mindi'),(843,'Mindy'),(1271,'Minerva'),(4414,'Ming'),(1846,'Minh'),(3434,'Minna'),(440,'Minnie'),(4413,'Minta'),(2511,'Miquel'),(2891,'Mira'),(865,'Miranda'),(3433,'Mireille'),(4412,'Mirella'),(2510,'Mireya'),(528,'Miriam'),(2509,'Mirian'),(2011,'Mirna'),(2890,'Mirta'),(3432,'Mirtha'),(4411,'Misha'),(4410,'Miss'),(2010,'Missy'),(2227,'Misti'),(4409,'Mistie'),(544,'Misty'),(2009,'Mitch'),(1845,'Mitchel'),(492,'Mitchell'),(4408,'Mitsue'),(4407,'Mitsuko'),(2508,'Mittie'),(1445,'Mitzi'),(4406,'Mitzie'),(4405,'Miyoko'),(2889,'Modesta'),(2507,'Modesto'),(2226,'Mohamed'),(1715,'Mohammad'),(1844,'Mohammed'),(2888,'Moira'),(1344,'Moises'),(1063,'Mollie'),(586,'Molly'),(769,'Mona'),(4404,'Monet'),(255,'Monica'),(1714,'Monika'),(613,'Monique'),(4403,'Monnie'),(1713,'Monroe'),(3431,'Monserrate'),(1229,'Monte'),(1388,'Monty'),(4402,'Moon'),(4401,'Mora'),(701,'Morgan'),(4400,'Moriah'),(612,'Morris'),(1843,'Morton'),(2506,'Mose'),(1062,'Moses'),(2225,'Moshe'),(2887,'Mozell'),(3430,'Mozella'),(2224,'Mozelle'),(3429,'Mui'),(4399,'Muoi'),(726,'Muriel'),(1228,'Murray'),(2886,'My'),(4398,'Myesha'),(1842,'Myles'),(2885,'Myong'),(700,'Myra'),(2505,'Myriam'),(4397,'Myrl'),(3428,'Myrle'),(904,'Myrna'),(833,'Myron'),(4396,'Myrta'),(2884,'Myrtice'),(3427,'Myrtie'),(2223,'Myrtis'),(470,'Myrtle'),(3426,'Myung'),(4395,'Na'),(2883,'Nada'),(4394,'Nadene'),(1444,'Nadia'),(757,'Nadine'),(4393,'Naida'),(4392,'Nakesha'),(2222,'Nakia'),(2882,'Nakisha'),(3425,'Nakita'),(4391,'Nam'),(1712,'Nan'),(3424,'Nana'),(4390,'Nancee'),(4389,'Nancey'),(2504,'Nanci'),(3423,'Nancie'),(35,'Nancy'),(1443,'Nanette'),(2503,'Nannette'),(1343,'Nannie'),(3422,'Naoma'),(506,'Naomi'),(2008,'Napoleon'),(3421,'Narcisa'),(4388,'Natacha'),(1518,'Natalia'),(405,'Natalie'),(4387,'Natalya'),(575,'Natasha'),(4386,'Natashia'),(2221,'Nathalie'),(230,'Nathan'),(2502,'Nathanael'),(2501,'Nathanial'),(463,'Nathaniel'),(4385,'Natisha'),(2500,'Natividad'),(3420,'Natosha'),(739,'Neal'),(4384,'Necole'),(1387,'Ned'),(4383,'Neda'),(2220,'Nedra'),(4382,'Neely'),(4381,'Neida'),(527,'Neil'),(1270,'Nelda'),(3419,'Nelia'),(2881,'Nelida'),(1041,'Nell'),(2880,'Nella'),(2879,'Nelle'),(439,'Nellie'),(1711,'Nelly'),(555,'Nelson'),(2499,'Nena'),(4380,'Nenita'),(3418,'Neoma'),(4379,'Neomi'),(2219,'Nereida'),(3417,'Nerissa'),(4378,'Nery'),(1600,'Nestor'),(3416,'Neta'),(887,'Nettie'),(1342,'Neva'),(4377,'Nevada'),(2498,'Neville'),(2218,'Newton'),(3415,'Nga'),(4376,'Ngan'),(3414,'Ngoc'),(4375,'Nguyet'),(2878,'Nia'),(2877,'Nichelle'),(2876,'Nichol'),(133,'Nicholas'),(725,'Nichole'),(4374,'Nicholle'),(676,'Nick'),(2217,'Nicki'),(3413,'Nickie'),(1517,'Nickolas'),(3412,'Nickole'),(2007,'Nicky'),(3411,'Nicol'),(2497,'Nicola'),(948,'Nicolas'),(2875,'Nicolasa'),(131,'Nicole'),(2874,'Nicolette'),(3410,'Nicolle'),(4373,'Nida'),(2873,'Nidia'),(4372,'Niesha'),(3409,'Nieves'),(2006,'Nigel'),(2216,'Niki'),(3408,'Nikia'),(2215,'Nikita'),(947,'Nikki'),(3407,'Nikole'),(2496,'Nila'),(1841,'Nilda'),(2872,'Nilsa'),(497,'Nina'),(2871,'Ninfa'),(4371,'Nisha'),(1386,'Nita'),(1013,'Noah'),(2214,'Noble'),(4370,'Nobuko'),(1442,'Noe'),(756,'Noel'),(2870,'Noelia'),(3406,'Noella'),(1710,'Noelle'),(1385,'Noemi'),(4369,'Nohemi'),(1269,'Nola'),(1341,'Nolan'),(3405,'Noma'),(1441,'Nona'),(491,'Nora'),(3404,'Norah'),(1340,'Norbert'),(2005,'Norberto'),(1339,'Noreen'),(2869,'Norene'),(4368,'Noriko'),(2868,'Norine'),(184,'Norma'),(235,'Norman'),(2004,'Normand'),(1440,'Norris'),(2495,'Nova'),(2494,'Novella'),(4367,'Nu'),(4366,'Nubia'),(1439,'Numbers'),(2493,'Nydia'),(3403,'Nyla'),(3402,'Obdulia'),(2867,'Ocie'),(1709,'Octavia'),(1708,'Octavio'),(4365,'Oda'),(4364,'Odelia'),(1338,'Odell'),(1337,'Odessa'),(2866,'Odette'),(3401,'Odilia'),(2213,'Odis'),(1227,'Ofelia'),(2492,'Ok'),(1061,'Ola'),(2212,'Olen'),(4363,'Olene'),(2211,'Oleta'),(4362,'Olevia'),(511,'Olga'),(4361,'Olimpia'),(2003,'Olin'),(4360,'Olinda'),(2865,'Oliva'),(832,'Olive'),(699,'Oliver'),(638,'Olivia'),(738,'Ollie'),(3400,'Olympia'),(1840,'Oma'),(755,'Omar'),(3399,'Omega'),(2210,'Omer'),(2209,'Ona'),(3398,'Oneida'),(4359,'Onie'),(4358,'Onita'),(627,'Opal'),(1438,'Ophelia'),(886,'Ora'),(4357,'Oralee'),(2002,'Oralia'),(2208,'Oren'),(4356,'Oretha'),(737,'Orlando'),(2491,'Orpha'),(2207,'Orval'),(946,'Orville'),(331,'Oscar'),(3397,'Ossie'),(2001,'Osvaldo'),(2490,'Oswaldo'),(4355,'Otelia'),(2206,'Otha'),(2864,'Otilia'),(690,'Otis'),(1118,'Otto'),(2863,'Ouida'),(903,'Owen'),(4354,'Ozell'),(3396,'Ozella'),(4353,'Ozie'),(4352,'Pa'),(754,'Pablo'),(2862,'Page'),(1078,'Paige'),(2861,'Palma'),(2489,'Palmer'),(4351,'Palmira'),(656,'Pam'),(1707,'Pamala'),(77,'Pamela'),(3395,'Pamelia'),(3394,'Pamella'),(4350,'Pamila'),(4349,'Pamula'),(3393,'Pandora'),(1706,'Pansy'),(2860,'Paola'),(1839,'Paris'),(2000,'Parker'),(4348,'Parthenia'),(3392,'Particia'),(1705,'Pasquale'),(4347,'Pasty'),(551,'Pat'),(3391,'Patience'),(4346,'Patria'),(1040,'Patrica'),(902,'Patrice'),(12,'Patricia'),(84,'Patrick'),(3390,'Patrina'),(482,'Patsy'),(842,'Patti'),(1838,'Pattie'),(675,'Patty'),(17,'Paul'),(186,'Paula'),(4345,'Paulene'),(3389,'Pauletta'),(753,'Paulette'),(1999,'Paulina'),(259,'Pauline'),(4344,'Paulita'),(4343,'Paz'),(415,'Pearl'),(3388,'Pearle'),(3387,'Pearlene'),(1336,'Pearlie'),(1998,'Pearline'),(4342,'Pearly'),(387,'Pedro'),(4341,'Peg'),(2488,'Peggie'),(196,'Peggy'),(4340,'Pei'),(1335,'Penelope'),(3386,'Penney'),(3385,'Penni'),(2487,'Pennie'),(505,'Penny'),(1039,'Percy'),(2205,'Perla'),(611,'Perry'),(803,'Pete'),(87,'Peter'),(1077,'Petra'),(3384,'Petrina'),(4339,'Petronila'),(4338,'Phebe'),(1038,'Phil'),(213,'Philip'),(193,'Phillip'),(1997,'Phillis'),(2204,'Philomena'),(1599,'Phoebe'),(4337,'Phung'),(2486,'Phuong'),(4336,'Phylicia'),(2485,'Phylis'),(2484,'Phyliss'),(182,'Phyllis'),(3383,'Pia'),(3382,'Piedad'),(1185,'Pierre'),(1996,'Pilar'),(4335,'Ping'),(2859,'Pinkie'),(3381,'Piper'),(4334,'Pok'),(1012,'Polly'),(2203,'Porfirio'),(4333,'Porsche'),(3380,'Porsha'),(2483,'Porter'),(1837,'Portia'),(2202,'Precious'),(775,'Preston'),(1995,'Pricilla'),(2201,'Prince'),(2200,'Princess'),(4332,'Priscila'),(504,'Priscilla'),(4331,'Providencia'),(2482,'Prudence'),(4330,'Pura'),(3379,'Qiana'),(1598,'Queen'),(3378,'Queenie'),(1226,'Quentin'),(3377,'Quiana'),(1516,'Quincy'),(1994,'Quinn'),(2199,'Quintin'),(1334,'Quinton'),(4329,'Quyen'),(724,'Rachael'),(4328,'Rachal'),(1836,'Racheal'),(156,'Rachel'),(3376,'Rachele'),(3375,'Rachell'),(1076,'Rachelle'),(2858,'Racquel'),(1268,'Rae'),(3374,'Raeann'),(4327,'Raelene'),(462,'Rafael'),(1993,'Rafaela'),(4326,'Raguel'),(3373,'Raina'),(4325,'Raisa'),(2198,'Raleigh'),(130,'Ralph'),(1011,'Ramiro'),(433,'Ramon'),(550,'Ramona'),(3372,'Ramonita'),(3371,'Rana'),(3370,'Ranae'),(2857,'Randa'),(1060,'Randal'),(306,'Randall'),(3369,'Randee'),(1835,'Randell'),(1225,'Randi'),(802,'Randolph'),(161,'Randy'),(4324,'Ranee'),(1384,'Raphael'),(818,'Raquel'),(2481,'Rashad'),(3368,'Rasheeda'),(2856,'Rashida'),(467,'Raul'),(2197,'Raven'),(275,'Ray'),(3367,'Raye'),(2480,'Rayford'),(3366,'Raylene'),(2479,'Raymon'),(62,'Raymond'),(4323,'Raymonde'),(1704,'Raymundo'),(3365,'Rayna'),(4322,'Rea'),(4321,'Reagan'),(4320,'Reanna'),(3364,'Reatha'),(945,'Reba'),(3363,'Rebbeca'),(3362,'Rebbecca'),(1834,'Rebeca'),(74,'Rebecca'),(4319,'Rebecka'),(918,'Rebekah'),(3361,'Reda'),(1515,'Reed'),(4318,'Reena'),(4317,'Refugia'),(1703,'Refugio'),(2855,'Regan'),(3360,'Regena'),(3359,'Regenia'),(1383,'Reggie'),(313,'Regina'),(453,'Reginald'),(4316,'Regine'),(4315,'Reginia'),(1833,'Reid'),(3358,'Reiko'),(1992,'Reina'),(1991,'Reinaldo'),(4314,'Reita'),(4313,'Rema'),(3357,'Remedios'),(4312,'Remona'),(885,'Rena'),(1702,'Renae'),(2478,'Renaldo'),(2196,'Renata'),(2195,'Renate'),(2477,'Renato'),(4311,'Renay'),(4310,'Renda'),(539,'Rene'),(2854,'Renea'),(335,'Renee'),(3356,'Renetta'),(1990,'Renita'),(4309,'Renna'),(4308,'Ressie'),(1989,'Reta'),(1832,'Retha'),(3355,'Retta'),(1224,'Reuben'),(1514,'Reva'),(736,'Rex'),(2476,'Rey'),(2194,'Reyes'),(1597,'Reyna'),(4307,'Reynalda'),(1117,'Reynaldo'),(1596,'Rhea'),(4306,'Rheba'),(2475,'Rhett'),(2474,'Rhiannon'),(1267,'Rhoda'),(4305,'Rhona'),(268,'Rhonda'),(4304,'Ria'),(4303,'Ricarda'),(420,'Ricardo'),(1831,'Rich'),(8,'Richard'),(2193,'Richelle'),(2192,'Richie'),(428,'Rick'),(768,'Rickey'),(4302,'Ricki'),(1382,'Rickie'),(301,'Ricky'),(1988,'Rico'),(1437,'Rigoberto'),(3354,'Rikki'),(1513,'Riley'),(4301,'Rima'),(2853,'Rina'),(3353,'Risa'),(204,'Rita'),(4300,'Riva'),(4299,'Rivka'),(1333,'Rob'),(4298,'Robbi'),(791,'Robbie'),(1830,'Robbin'),(1701,'Robby'),(4297,'Robbyn'),(4296,'Robena'),(3,'Robert'),(342,'Roberta'),(404,'Roberto'),(160,'Robin'),(2191,'Robt'),(711,'Robyn'),(1436,'Rocco'),(4295,'Rochel'),(3352,'Rochell'),(801,'Rochelle'),(1700,'Rocio'),(1184,'Rocky'),(1332,'Rod'),(752,'Roderick'),(1151,'Rodger'),(234,'Rodney'),(831,'Rodolfo'),(1987,'Rodrick'),(1435,'Rodrigo'),(1010,'Rogelio'),(111,'Roger'),(496,'Roland'),(2852,'Rolanda'),(4294,'Rolande'),(1037,'Rolando'),(2473,'Rolf'),(2190,'Rolland'),(2189,'Roma'),(3351,'Romaine'),(1059,'Roman'),(2851,'Romana'),(3350,'Romelia'),(1512,'Romeo'),(2188,'Romona'),(495,'Ron'),(2472,'Rona'),(30,'Ronald'),(901,'Ronda'),(3349,'Roni'),(2850,'Ronna'),(3348,'Ronni'),(341,'Ronnie'),(1829,'Ronny'),(864,'Roosevelt'),(1331,'Rory'),(217,'Rosa'),(2187,'Rosalba'),(1828,'Rosalee'),(1699,'Rosalia'),(710,'Rosalie'),(2186,'Rosalina'),(1116,'Rosalind'),(1381,'Rosalinda'),(2849,'Rosaline'),(2848,'Rosalva'),(1266,'Rosalyn'),(4293,'Rosamaria'),(3347,'Rosamond'),(3346,'Rosana'),(3345,'Rosann'),(1595,'Rosanna'),(1511,'Rosanne'),(2847,'Rosaria'),(917,'Rosario'),(2846,'Rosaura'),(1330,'Roscoe'),(127,'Rose'),(1510,'Roseann'),(2471,'Roseanna'),(1986,'Roseanne'),(4292,'Roselee'),(4291,'Roselia'),(4290,'Roseline'),(1509,'Rosella'),(4289,'Roselle'),(2185,'Roselyn'),(767,'Rosemarie'),(373,'Rosemary'),(4288,'Rosena'),(4287,'Rosenda'),(1985,'Rosendo'),(1009,'Rosetta'),(4286,'Rosette'),(3344,'Rosia'),(585,'Rosie'),(2470,'Rosina'),(4285,'Rosio'),(1827,'Rosita'),(1434,'Roslyn'),(626,'Ross'),(4284,'Rossana'),(4283,'Rossie'),(4282,'Rosy'),(1594,'Rowena'),(1984,'Roxana'),(2469,'Roxane'),(2184,'Roxann'),(1983,'Roxanna'),(698,'Roxanne'),(1433,'Roxie'),(4281,'Roxy'),(135,'Roy'),(1982,'Royal'),(1150,'Royce'),(4280,'Rozanne'),(3343,'Rozella'),(460,'Ruben'),(4279,'Rubi'),(3342,'Rubie'),(1981,'Rubin'),(178,'Ruby'),(2468,'Rubye'),(2467,'Rudolf'),(774,'Rudolph'),(751,'Rudy'),(2466,'Rueben'),(2845,'Rufina'),(916,'Rufus'),(2183,'Rupert'),(1826,'Russ'),(1223,'Russel'),(173,'Russell'),(1380,'Rusty'),(50,'Ruth'),(4278,'Rutha'),(2465,'Ruthann'),(4277,'Ruthanne'),(4276,'Ruthe'),(1265,'Ruthie'),(109,'Ryan'),(4275,'Ryann'),(2182,'Sabina'),(2844,'Sabine'),(2843,'Sabra'),(574,'Sabrina'),(4274,'Sacha'),(3341,'Sachiko'),(2842,'Sade'),(709,'Sadie'),(4273,'Sadye'),(4272,'Sage'),(2181,'Sal'),(3340,'Salena'),(2464,'Salina'),(4271,'Salley'),(944,'Sallie'),(309,'Sally'),(3339,'Salome'),(637,'Salvador'),(841,'Salvatore'),(414,'Sam'),(328,'Samantha'),(3338,'Samara'),(1980,'Samatha'),(4270,'Samella'),(3337,'Samira'),(1149,'Sammie'),(900,'Sammy'),(2463,'Samual'),(125,'Samuel'),(4269,'Sana'),(4268,'Sanda'),(4267,'Sandee'),(1979,'Sandi'),(4266,'Sandie'),(43,'Sandra'),(549,'Sandy'),(1593,'Sanford'),(1698,'Sang'),(2462,'Sanjuana'),(2461,'Sanjuanita'),(3336,'Sanora'),(1978,'Santa'),(3335,'Santana'),(1008,'Santiago'),(3334,'Santina'),(2460,'Santo'),(979,'Santos'),(168,'Sara'),(58,'Sarah'),(4265,'Sarai'),(4264,'Saran'),(3333,'Sari'),(3332,'Sarina'),(2841,'Sarita'),(1508,'Sasha'),(4263,'Saturnina'),(4262,'Sau'),(1058,'Saul'),(1329,'Saundra'),(3331,'Savanna'),(1507,'Savannah'),(3330,'Scarlet'),(2459,'Scarlett'),(1506,'Scot'),(51,'Scott'),(1697,'Scottie'),(1328,'Scotty'),(209,'Sean'),(4261,'Season'),(1505,'Sebastian'),(3329,'Sebrina'),(4260,'See'),(4259,'Seema'),(1379,'Selena'),(3328,'Selene'),(1696,'Selina'),(1183,'Selma'),(4258,'Sena'),(4257,'Senaida'),(4256,'September'),(4255,'Serafina'),(1327,'Serena'),(636,'Sergio'),(3327,'Serina'),(4254,'Serita'),(645,'Seth'),(4253,'Setsuko'),(1825,'Seymour'),(3326,'Sha'),(2458,'Shad'),(4252,'Shae'),(2457,'Shaina'),(4251,'Shakia'),(3325,'Shakira'),(4250,'Shakita'),(4249,'Shala'),(4248,'Shalanda'),(4247,'Shalon'),(2456,'Shalonda'),(2455,'Shameka'),(2454,'Shamika'),(4246,'Shan'),(1115,'Shana'),(4245,'Shanae'),(1977,'Shanda'),(4244,'Shandi'),(2840,'Shandra'),(412,'Shane'),(3324,'Shaneka'),(4243,'Shanel'),(2839,'Shanell'),(3323,'Shanelle'),(2838,'Shani'),(3322,'Shanice'),(2837,'Shanika'),(4242,'Shaniqua'),(2836,'Shanita'),(1036,'Shanna'),(2835,'Shannan'),(190,'Shannon'),(2180,'Shanon'),(2453,'Shanta'),(4241,'Shantae'),(4240,'Shantay'),(2452,'Shante'),(2179,'Shantel'),(2834,'Shantell'),(4239,'Shantelle'),(4238,'Shanti'),(4237,'Shaquana'),(4236,'Shaquita'),(2451,'Shara'),(4235,'Sharan'),(4234,'Sharda'),(2833,'Sharee'),(4233,'Sharell'),(2832,'Sharen'),(863,'Shari'),(4232,'Sharice'),(4231,'Sharie'),(4230,'Sharika'),(4229,'Sharilyn'),(3321,'Sharita'),(2450,'Sharla'),(3320,'Sharleen'),(1695,'Sharlene'),(4228,'Sharmaine'),(4227,'Sharolyn'),(55,'Sharon'),(2178,'Sharonda'),(4226,'Sharri'),(1264,'Sharron'),(3319,'Sharyl'),(2177,'Sharyn'),(2831,'Shasta'),(689,'Shaun'),(1148,'Shauna'),(4225,'Shaunda'),(3318,'Shaunna'),(4224,'Shaunta'),(4223,'Shaunte'),(3317,'Shavon'),(4222,'Shavonda'),(3316,'Shavonne'),(3315,'Shawana'),(2830,'Shawanda'),(4221,'Shawanna'),(174,'Shawn'),(884,'Shawna'),(3314,'Shawnda'),(3313,'Shawnee'),(3312,'Shawnna'),(4220,'Shawnta'),(2829,'Shay'),(1976,'Shayla'),(2449,'Shayna'),(2176,'Shayne'),(3311,'Shea'),(4219,'Sheba'),(1147,'Sheena'),(242,'Sheila'),(3310,'Sheilah'),(3309,'Shela'),(3308,'Shelba'),(750,'Shelby'),(978,'Sheldon'),(674,'Shelia'),(4218,'Shella'),(635,'Shelley'),(2175,'Shelli'),(1824,'Shellie'),(548,'Shelly'),(1694,'Shelton'),(4217,'Shemeka'),(3307,'Shemika'),(2828,'Shena'),(4216,'Shenika'),(3306,'Shenita'),(4215,'Shenna'),(4214,'Shera'),(1504,'Sheree'),(4213,'Sherell'),(685,'Sheri'),(4212,'Sherice'),(4211,'Sheridan'),(2448,'Sherie'),(4210,'Sherika'),(4209,'Sherill'),(2827,'Sherilyn'),(4208,'Sherise'),(2447,'Sherita'),(4207,'Sherlene'),(3305,'Sherley'),(3304,'Sherly'),(3303,'Sherlyn'),(862,'Sherman'),(2826,'Sheron'),(3302,'Sherrell'),(547,'Sherri'),(899,'Sherrie'),(4206,'Sherril'),(2446,'Sherrill'),(2825,'Sherron'),(237,'Sherry'),(2824,'Sherryl'),(2445,'Sherwood'),(3301,'Shery'),(563,'Sheryl'),(4205,'Sheryll'),(1823,'Shiela'),(4204,'Shila'),(4203,'Shiloh'),(4202,'Shin'),(3300,'Shira'),(4201,'Shirely'),(4200,'Shirl'),(2823,'Shirlee'),(3299,'Shirleen'),(2444,'Shirlene'),(63,'Shirley'),(2822,'Shirly'),(4199,'Shizue'),(4198,'Shizuko'),(2443,'Shon'),(3298,'Shona'),(1822,'Shonda'),(4197,'Shondra'),(3297,'Shonna'),(4196,'Shonta'),(3296,'Shoshana'),(3295,'Shu'),(4195,'Shyla'),(2821,'Sibyl'),(2442,'Sid'),(580,'Sidney'),(1693,'Sierra'),(3294,'Signe'),(2820,'Sigrid'),(1592,'Silas'),(3293,'Silva'),(3292,'Silvana'),(840,'Silvia'),(4194,'Sima'),(898,'Simon'),(2819,'Simona'),(1222,'Simone'),(4193,'Simonne'),(4192,'Sina'),(3291,'Sindy'),(2818,'Siobhan'),(4191,'Sirena'),(4190,'Siu'),(4189,'Sixta'),(3290,'Skye'),(3289,'Slyvia'),(3288,'So'),(1182,'Socorro'),(1326,'Sofia'),(4188,'Soila'),(1975,'Sol'),(3287,'Solange'),(1821,'Soledad'),(1325,'Solomon'),(4187,'Somer'),(3286,'Sommer'),(1263,'Son'),(4186,'Sona'),(1114,'Sondra'),(3285,'Song'),(518,'Sonia'),(839,'Sonja'),(1692,'Sonny'),(610,'Sonya'),(3284,'Soo'),(3283,'Sook'),(2441,'Soon'),(800,'Sophia'),(838,'Sophie'),(3282,'Soraya'),(4185,'Sparkle'),(830,'Spencer'),(3281,'Spring'),(4184,'Stacee'),(357,'Stacey'),(1146,'Staci'),(2174,'Stacia'),(915,'Stacie'),(305,'Stacy'),(1221,'Stan'),(2173,'Stanford'),(227,'Stanley'),(2440,'Stanton'),(2817,'Star'),(2439,'Starla'),(2438,'Starr'),(4183,'Stasia'),(1591,'Stefan'),(2816,'Stefani'),(3280,'Stefania'),(1035,'Stefanie'),(4182,'Stefany'),(3279,'Steffanie'),(450,'Stella'),(4181,'Stepanie'),(2815,'Stephaine'),(1113,'Stephan'),(3278,'Stephane'),(2814,'Stephani'),(4180,'Stephania'),(82,'Stephanie'),(2172,'Stephany'),(53,'Stephen'),(2171,'Stephenie'),(2813,'Stephine'),(4179,'Stephnie'),(1181,'Sterling'),(153,'Steve'),(26,'Steven'),(1590,'Stevie'),(1007,'Stewart'),(2812,'Stormy'),(669,'Stuart'),(2811,'Su'),(4178,'Suanne'),(3277,'Sudie'),(362,'Sue'),(3276,'Sueann'),(3275,'Suellen'),(3274,'Suk'),(4177,'Sulema'),(4176,'Sumiko'),(1145,'Summer'),(1820,'Sun'),(4175,'Sunday'),(1819,'Sung'),(4174,'Sunni'),(2170,'Sunny'),(2810,'Sunshine'),(25,'Susan'),(1075,'Susana'),(2809,'Susann'),(1503,'Susanna'),(2437,'Susannah'),(1057,'Susanne'),(634,'Susie'),(4173,'Susy'),(1974,'Suzan'),(3273,'Suzann'),(2169,'Suzanna'),(294,'Suzanne'),(1432,'Suzette'),(4172,'Suzi'),(2808,'Suzie'),(2807,'Suzy'),(4171,'Svetlana'),(1180,'Sybil'),(2806,'Syble'),(1220,'Sydney'),(861,'Sylvester'),(238,'Sylvia'),(4170,'Sylvie'),(3272,'Synthia'),(3271,'Syreeta'),(4169,'Ta'),(1324,'Tabatha'),(3270,'Tabetha'),(883,'Tabitha'),(2168,'Tad'),(4168,'Tai'),(4167,'Taina'),(4166,'Taisha'),(4165,'Tajuana'),(4164,'Takako'),(3269,'Takisha'),(2805,'Talia'),(3268,'Talisha'),(3267,'Talitha'),(3266,'Tam'),(4163,'Tama'),(3265,'Tamala'),(2804,'Tamar'),(421,'Tamara'),(2803,'Tamatha'),(4162,'Tambra'),(3264,'Tameika'),(1323,'Tameka'),(3263,'Tamekia'),(1973,'Tamela'),(1589,'Tamera'),(3262,'Tamesha'),(882,'Tami'),(3261,'Tamica'),(2802,'Tamie'),(1006,'Tamika'),(2801,'Tamiko'),(4161,'Tamisha'),(3260,'Tammara'),(4160,'Tammera'),(1431,'Tammi'),(897,'Tammie'),(144,'Tammy'),(1588,'Tamra'),(1972,'Tana'),(4159,'Tandra'),(4158,'Tandy'),(4157,'Taneka'),(2800,'Tanesha'),(2799,'Tangela'),(1322,'Tania'),(2798,'Tanika'),(1378,'Tanisha'),(3259,'Tanja'),(3258,'Tanna'),(1971,'Tanner'),(438,'Tanya'),(372,'Tara'),(3257,'Tarah'),(4156,'Taren'),(4155,'Tari'),(4154,'Tarra'),(2797,'Tarsha'),(1818,'Taryn'),(829,'Tasha'),(3256,'Tashia'),(4153,'Tashina'),(4152,'Tasia'),(2167,'Tatiana'),(4151,'Tatum'),(4150,'Tatyana'),(4149,'Taunya'),(1817,'Tawana'),(2436,'Tawanda'),(2796,'Tawanna'),(4148,'Tawna'),(3255,'Tawny'),(2435,'Tawnya'),(749,'Taylor'),(4147,'Tayna'),(538,'Ted'),(1112,'Teddy'),(2434,'Teena'),(4146,'Tegan'),(4145,'Teisha'),(4144,'Telma'),(3254,'Temeka'),(4143,'Temika'),(4142,'Tempie'),(4141,'Temple'),(2166,'Tena'),(4140,'Tenesha'),(2795,'Tenisha'),(3253,'Tennie'),(3252,'Tennille'),(2794,'Teodora'),(2165,'Teodoro'),(4139,'Teofila'),(3251,'Tequila'),(1816,'Tera'),(3250,'Tereasa'),(1005,'Terence'),(106,'Teresa'),(2433,'Terese'),(4138,'Teresia'),(1815,'Teresita'),(2432,'Teressa'),(790,'Teri'),(4137,'Terica'),(4136,'Terina'),(4135,'Terisa'),(1691,'Terra'),(644,'Terrance'),(1034,'Terrell'),(653,'Terrence'),(3249,'Terresa'),(379,'Terri'),(1262,'Terrie'),(4134,'Terrilyn'),(85,'Terry'),(3248,'Tesha'),(2793,'Tess'),(1502,'Tessa'),(1814,'Tessie'),(1813,'Thad'),(1377,'Thaddeus'),(3247,'Thalia'),(1812,'Thanh'),(3246,'Thao'),(2164,'Thea'),(2163,'Theda'),(241,'Thelma'),(1811,'Theo'),(1810,'Theodora'),(330,'Theodore'),(3245,'Theola'),(137,'Theresa'),(1004,'Therese'),(3244,'Theresia'),(4133,'Theressa'),(1690,'Theron'),(2792,'Thersa'),(4132,'Thi'),(11,'Thomas'),(4131,'Thomasena'),(2791,'Thomasina'),(3243,'Thomasine'),(4130,'Thora'),(3242,'Thresa'),(3241,'Thu'),(1376,'Thurman'),(2431,'Thuy'),(1261,'Tia'),(2162,'Tiana'),(3240,'Tianna'),(1970,'Tiara'),(4129,'Tien'),(4128,'Tiera'),(2430,'Tierra'),(3239,'Tiesha'),(4127,'Tifany'),(4126,'Tiffaney'),(1969,'Tiffani'),(2429,'Tiffanie'),(215,'Tiffany'),(2790,'Tiffiny'),(4125,'Tijuana'),(4124,'Tilda'),(1809,'Tillie'),(383,'Tim'),(4123,'Timika'),(1074,'Timmy'),(42,'Timothy'),(180,'Tina'),(4122,'Tinisha'),(3238,'Tiny'),(4121,'Tisa'),(4120,'Tish'),(1587,'Tisha'),(2428,'Titus'),(4119,'Tobi'),(2161,'Tobias'),(4118,'Tobie'),(977,'Toby'),(4117,'Toccara'),(2160,'Tod'),(192,'Todd'),(4116,'Toi'),(340,'Tom'),(976,'Tomas'),(1968,'Tomasa'),(2427,'Tomeka'),(4115,'Tomi'),(3237,'Tomika'),(4114,'Tomiko'),(789,'Tommie'),(350,'Tommy'),(4113,'Tommye'),(3236,'Tomoko'),(4112,'Tona'),(3235,'Tonda'),(4111,'Tonette'),(2426,'Toney'),(537,'Toni'),(1111,'Tonia'),(3234,'Tonie'),(4110,'Tonisha'),(4109,'Tonita'),(2159,'Tonja'),(216,'Tony'),(393,'Tonya'),(4108,'Tora'),(1689,'Tori'),(4107,'Torie'),(4106,'Torri'),(4105,'Torrie'),(1967,'Tory'),(2158,'Tosha'),(4104,'Toshia'),(3233,'Toshiko'),(4103,'Tova'),(3232,'Towanda'),(2425,'Toya'),(2789,'Tracee'),(481,'Tracey'),(723,'Traci'),(943,'Tracie'),(154,'Tracy'),(4102,'Tran'),(3231,'Trang'),(254,'Travis'),(4101,'Treasa'),(4100,'Treena'),(2424,'Trena'),(1110,'Trent'),(1586,'Trenton'),(2423,'Tresa'),(2422,'Tressa'),(2788,'Tressie'),(1808,'Treva'),(697,'Trevor'),(1966,'Trey'),(828,'Tricia'),(942,'Trina'),(4099,'Trinh'),(1430,'Trinidad'),(3230,'Trinity'),(2787,'Trish'),(941,'Trisha'),(2157,'Trista'),(1501,'Tristan'),(304,'Troy'),(3229,'Trudi'),(3228,'Trudie'),(1033,'Trudy'),(3227,'Trula'),(1585,'Truman'),(4098,'Tu'),(2421,'Tuan'),(4097,'Tula'),(3226,'Tuyet'),(3225,'Twana'),(4096,'Twanda'),(4095,'Twanna'),(1584,'Twila'),(2156,'Twyla'),(1429,'Ty'),(3224,'Tyesha'),(4094,'Tyisha'),(427,'Tyler'),(4093,'Tynisha'),(2155,'Tyra'),(2154,'Tyree'),(2153,'Tyrell'),(2152,'Tyron'),(536,'Tyrone'),(1260,'Tyson'),(4092,'Ula'),(4091,'Ulrike'),(1500,'Ulysses'),(4090,'Un'),(1965,'Una'),(1109,'Ursula'),(3223,'Usha'),(4089,'Ute'),(1964,'Vada'),(1963,'Val'),(1259,'Valarie'),(3222,'Valda'),(1962,'Valencia'),(4088,'Valene'),(1807,'Valentin'),(2151,'Valentina'),(1961,'Valentine'),(4087,'Valeri'),(1428,'Valeria'),(288,'Valerie'),(3221,'Valery'),(3220,'Vallie'),(2150,'Valorie'),(4086,'Valrie'),(1003,'Van'),(1258,'Vance'),(3219,'Vanda'),(3218,'Vanesa'),(361,'Vanessa'),(4085,'Vanetta'),(4084,'Vania'),(3217,'Vanita'),(4083,'Vanna'),(4082,'Vannesa'),(3216,'Vannessa'),(4081,'Vashti'),(4080,'Vasiliki'),(1427,'Vaughn'),(1806,'Veda'),(2149,'Velda'),(2786,'Velia'),(3215,'Vella'),(526,'Velma'),(2785,'Velva'),(3214,'Velvet'),(3213,'Vena'),(2148,'Venessa'),(4079,'Venetta'),(3212,'Venice'),(2420,'Venita'),(4078,'Vennie'),(1960,'Venus'),(3211,'Veola'),(403,'Vera'),(1805,'Verda'),(3210,'Verdell'),(3209,'Verdie'),(3208,'Verena'),(2419,'Vergie'),(2147,'Verla'),(3207,'Verlene'),(3206,'Verlie'),(4077,'Verline'),(1499,'Vern'),(643,'Verna'),(1959,'Vernell'),(3205,'Vernetta'),(4076,'Vernia'),(1804,'Vernice'),(2784,'Vernie'),(2783,'Vernita'),(402,'Vernon'),(2782,'Verona'),(298,'Veronica'),(4075,'Veronika'),(4074,'Veronique'),(3204,'Versie'),(4073,'Vertie'),(1958,'Vesta'),(3203,'Veta'),(4072,'Vi'),(2781,'Vicenta'),(1144,'Vicente'),(2418,'Vickey'),(368,'Vicki'),(459,'Vickie'),(673,'Vicky'),(175,'Victor'),(233,'Victoria'),(4071,'Victorina'),(1803,'Vida'),(4070,'Viki'),(2146,'Vikki'),(1498,'Vilma'),(2780,'Vina'),(1497,'Vince'),(252,'Vincent'),(3202,'Vincenza'),(2417,'Vincenzo'),(4069,'Vinita'),(3201,'Vinnie'),(446,'Viola'),(530,'Violet'),(2145,'Violeta'),(3200,'Violette'),(4068,'Virgen'),(1219,'Virgie'),(625,'Virgil'),(2416,'Virgilio'),(1802,'Virgina'),(73,'Virginia'),(2779,'Vita'),(1583,'Vito'),(2778,'Viva'),(3199,'Vivan'),(337,'Vivian'),(2144,'Viviana'),(3198,'Vivien'),(3197,'Vivienne'),(2415,'Von'),(4067,'Voncile'),(1688,'Vonda'),(2777,'Vonnie'),(664,'Wade'),(3196,'Wai'),(2143,'Waldo'),(2142,'Walker'),(579,'Wallace'),(2414,'Wally'),(81,'Walter'),(2413,'Walton'),(3195,'Waltraud'),(4066,'Wan'),(172,'Wanda'),(4065,'Waneta'),(4064,'Wanetta'),(2776,'Wanita'),(1496,'Ward'),(2412,'Warner'),(365,'Warren'),(4063,'Wava'),(2411,'Waylon'),(150,'Wayne'),(3194,'Wei'),(1582,'Weldon'),(4062,'Wen'),(684,'Wendell'),(1495,'Wendi'),(4061,'Wendie'),(4060,'Wendolyn'),(229,'Wendy'),(4059,'Wenona'),(2141,'Werner'),(2410,'Wes'),(378,'Wesley'),(1957,'Weston'),(4058,'Whitley'),(624,'Whitney'),(2409,'Wilber'),(881,'Wilbert'),(748,'Wilbur'),(1801,'Wilburn'),(1581,'Wilda'),(1426,'Wiley'),(1687,'Wilford'),(975,'Wilfred'),(1257,'Wilfredo'),(1800,'Wilhelmina'),(4057,'Wilhemina'),(1108,'Will'),(1179,'Willa'),(623,'Willard'),(4056,'Willena'),(2775,'Willene'),(4055,'Willetta'),(3193,'Willette'),(3192,'Willia'),(6,'William'),(1321,'Williams'),(2408,'Willian'),(83,'Willie'),(4054,'Williemae'),(766,'Willis'),(4053,'Willodean'),(4052,'Willow'),(2140,'Willy'),(398,'Wilma'),(1686,'Wilmer'),(860,'Wilson'),(1956,'Wilton'),(2407,'Windy'),(2406,'Winford'),(1580,'Winfred'),(880,'Winifred'),(1178,'Winnie'),(2405,'Winnifred'),(1799,'Winona'),(1073,'Winston'),(4051,'Winter'),(788,'Wm'),(3191,'Wonda'),(914,'Woodrow'),(1955,'Wyatt'),(4050,'Wynell'),(2774,'Wynona'),(1320,'Xavier'),(4049,'Xenia'),(4048,'Xiao'),(2404,'Xiomara'),(4047,'Xochitl'),(4046,'Xuan'),(2139,'Yadira'),(4045,'Yaeko'),(4044,'Yael'),(4043,'Yahaira'),(4042,'Yajaira'),(3190,'Yan'),(3189,'Yang'),(3188,'Yanira'),(2403,'Yasmin'),(4041,'Yasmine'),(4040,'Yasuko'),(3187,'Yee'),(4039,'Yelena'),(3186,'Yen'),(4038,'Yer'),(1425,'Yesenia'),(4037,'Yessenia'),(2773,'Yetta'),(4036,'Yevette'),(3185,'Yi'),(3184,'Ying'),(2772,'Yoko'),(349,'Yolanda'),(3183,'Yolande'),(3182,'Yolando'),(2402,'Yolonda'),(4035,'Yon'),(1319,'Yong'),(4034,'Yoshie'),(2401,'Yoshiko'),(4033,'Youlanda'),(1143,'Young'),(2771,'Yu'),(4032,'Yuette'),(4031,'Yuk'),(4030,'Yuki'),(3181,'Yukiko'),(3180,'Yuko'),(4029,'Yulanda'),(3179,'Yun'),(4028,'Yung'),(4027,'Yuonne'),(4026,'Yuri'),(4025,'Yuriko'),(622,'Yvette'),(4024,'Yvone'),(322,'Yvonne'),(2138,'Zachariah'),(397,'Zachary'),(1685,'Zachery'),(2400,'Zack'),(2399,'Zackary'),(4023,'Zada'),(2770,'Zaida'),(4022,'Zana'),(2769,'Zandra'),(1798,'Zane'),(1684,'Zelda'),(1954,'Zella'),(1318,'Zelma'),(2768,'Zena'),(1953,'Zenaida'),(4021,'Zenia'),(2767,'Zenobia'),(4020,'Zetta'),(2766,'Zina'),(3178,'Zita'),(1952,'Zoe'),(3177,'Zofia'),(1951,'Zoila'),(2398,'Zola'),(2765,'Zona'),(4019,'Zonia'),(2764,'Zora'),(2397,'Zoraida'),(2763,'Zula'),(3176,'Zulema'),(2762,'Zulma');
/*!40000 ALTER TABLE `first_name` ENABLE KEYS */;
UNLOCK TABLES;

--
-- Table structure for table `live_ind`
--

DROP TABLE IF EXISTS `live_ind`;
/*!40101 SET @saved_cs_client     = @@character_set_client */;
/*!40101 SET character_set_client = utf8 */;
CREATE TABLE `live_ind` (
  `live_ind_id` int(11) NOT NULL AUTO_INCREMENT,
  `live_ind_name` varchar(45) NOT NULL,
  `live_ind_current` int(11) NOT NULL DEFAULT '0',
  `live_ind_last` int(11) NOT NULL DEFAULT '0',
  `live_ind_start` int(11) NOT NULL DEFAULT '0',
  PRIMARY KEY (`live_ind_id`)
) ENGINE=InnoDB AUTO_INCREMENT=14 DEFAULT CHARSET=utf8;
/*!40101 SET character_set_client = @saved_cs_client */;

--
-- Dumping data for table `live_ind`
--

LOCK TABLES `live_ind` WRITE;
/*!40000 ALTER TABLE `live_ind` DISABLE KEYS */;
INSERT INTO `live_ind` VALUES (1,'HI',0,-1,-4),(2,'SI',2,1,3),(3,'CI',0,-1,-1),(4,'LI',-2,-1,-1),(5,'AF',0,0,-5),(6,'CP',2,4,3),(7,'HP',-2,0,4),(8,'IS',1,1,4),(9,'PS',-2,-2,-3),(10,'TS',-1,-1,-1),(11,'RD',2,0,-1),(12,'PL',1,1,2),(13,'TD',-1,-2,1);
/*!40000 ALTER TABLE `live_ind` ENABLE KEYS */;
UNLOCK TABLES;

--
-- Table structure for table `live_news`
--

DROP TABLE IF EXISTS `live_news`;
/*!40101 SET @saved_cs_client     = @@character_set_client */;
/*!40101 SET character_set_client = utf8 */;
CREATE TABLE `live_news` (
  `live_news_id` int(11) NOT NULL AUTO_INCREMENT,
  `live_news_desc` varchar(200) NOT NULL,
  PRIMARY KEY (`live_news_id`)
) ENGINE=InnoDB AUTO_INCREMENT=3 DEFAULT CHARSET=utf8;
/*!40101 SET character_set_client = @saved_cs_client */;

--
-- Dumping data for table `live_news`
--

LOCK TABLES `live_news` WRITE;
/*!40000 ALTER TABLE `live_news` DISABLE KEYS */;
INSERT INTO `live_news` VALUES (1,'Reading this message is treasonous. Report for termination citizen.'),(2,'The Happy BrightFuture Re-education centre awaits you citizen.');
/*!40000 ALTER TABLE `live_news` ENABLE KEYS */;
UNLOCK TABLES;

--
-- Table structure for table `minion`
--

DROP TABLE IF EXISTS `minion`;
/*!40101 SET @saved_cs_client     = @@character_set_client */;
/*!40101 SET character_set_client = utf8 */;
CREATE TABLE `minion` (
  `minion_id` int(11) NOT NULL AUTO_INCREMENT,
  `minion_name` varchar(45) NOT NULL,
  `minion_clearance` varchar(2) NOT NULL,
  `minion_cost` int(11) NOT NULL,
  `sg_id` int(11) NOT NULL,
  PRIMARY KEY (`minion_id`),
  KEY `fk_minion_1_idx` (`sg_id`),
  CONSTRAINT `fk_minion_1` FOREIGN KEY (`sg_id`) REFERENCES `sg` (`sg_id`) ON DELETE CASCADE ON UPDATE CASCADE
) ENGINE=InnoDB AUTO_INCREMENT=241 DEFAULT CHARSET=utf8;
/*!40101 SET character_set_client = @saved_cs_client */;

--
-- Dumping data for table `minion`
--

LOCK TABLES `minion` WRITE;
/*!40000 ALTER TABLE `minion` DISABLE KEYS */;
INSERT INTO `minion` VALUES (1,'All U Can B TV','O',3,1),(2,'Brave Clone Enterprises','B',7,1),(3,'VIP Protection','B',7,1),(4,'Intersector Bodyguards','V',10,1),(5,'Less Than Lethal AF','R',2,1),(6,'Technically Humane','O',4,1),(7,'Smiling Songsters AF','Y',4,1),(8,'The Happy Cheery People','G',6,1),(9,'Alpha Hero Recruiters','G',5,1),(10,'Outdoor Rangers','G',5,1),(11,'Lasers4Hire','IR',1,1),(12,'Seeing RED','R',3,1),(13,'Brigadier Mike-B','B',7,1),(14,'General Arnold-V','V',11,1),(15,'Transportation Bottalion','R',2,1),(16,'Armed Forces Marching Band','R',2,1),(17,'Vulture Squadron Warriors','B',9,1),(18,'VultureCraft Assault Squadron','B',9,1),(19,'Mark IV Warbot','G',8,1),(20,'ICBM Silo','I',9,1),(21,'HerdEmUp Volunteer Supply','R',2,2),(22,'Management Focus Group','G',9,2),(23,'Yellowpants4Hire','Y',6,2),(24,'Computer Care Specialists','I',9,2),(25,'Drug Dispensers CPU','R',3,2),(26,'Better Living Thru Chemistry Plus Plus','G',8,2),(27,'Archive Sweepers CPU','R',3,2),(28,'Dirt Free is Treason Free Campaign','Y',5,2),(29,'Cheery Clean Complex Initiative','B',7,2),(30,'Data Divers','R',3,2),(31,'Goggle Search','G',6,2),(32,'Peter-I and Co Data Retrieval','I',8,2),(33,'Foreign Policy Strategic Working Group','B',7,2),(34,'Mandatory Break Monitors','O',4,2),(35,'Corridor Watchers HPD','Y',4,3),(36,'Camera Addicts','B',7,3),(37,'The Daycycle Show','Y',6,3),(38,'TodayCycle TonightCycle','G',8,3),(39,'CNNNN','I',10,3),(40,'Public Hating Co-Ordination','R',2,3),(41,'Trend Identifiers','R',2,3),(42,'Singalong Agents','R',2,3),(43,'Subliminals Police','B',8,3),(44,'Housing Services Supply','R',4,3),(45,'INFRARED Wranglers','R',3,3),(46,'Mandatory Fun Time Enthusiasts','R',3,3),(47,'Temporary Filing Staff Requisition','R',4,3),(48,'Entertainment Weekcycle','Y',5,3),(49,'This Is ULTRAVIOLET!','B',8,3),(50,'Alpha Complex Enquirer','V',11,3),(51,'Forensic Analysis Scrubbot Team','O',3,8),(52,'Bright Vision Re-Education Centre','B',7,8),(53,'Loyalty Surveyors','Y',5,8),(54,'Threat Assessors','Y',5,8),(55,'Secure Security Checkpoint Checkers','Y',4,8),(56,'Total Surveillance Assurance','G',6,8),(57,'Agent Provocateurs','B',8,8),(58,'IntSec Troopers','B',8,8),(59,'Traffic Patrol','B',8,8),(60,'Jackbooted Thugs','G',6,8),(61,'Facilitation Division','Y',5,8),(62,'Suspect Expediters','B',8,8),(63,'Cardholder Deprotagonizers','V',11,8),(64,'Mutant Registration','O',3,8),(65,'Information Retrieval Specialists','Y',5,8),(66,'Information Retrieval Specialists','B',7,8),(67,'Information Retrieval Specialists','V',9,8),(68,'Men in INDIGO','I',9,8),(69,'Conspicuous Surveillance Initiative','O',3,8),(70,'BLUE Room Caterers','R',2,4),(71,'BLUE Room Caterers','Y',4,4),(72,'BLUE Room Caterers','B',7,4),(73,'BLUE Room Caterers','V',9,4),(74,'Equipment Assembly Control','IR',1,4),(75,'Field Logistics Advisors','R',3,4),(76,'MuchlyAlgae PLC','IR',2,4),(77,'Inventory System Updaters','R',4,4),(78,'Brand Loyalty Police','R',3,4),(79,'Acme Chemical Production','R',3,4),(80,'BLUE Shield Clone Assurance','B',7,4),(81,'PLC Accounts Co-Ordination','O',5,4),(82,'New Flavour of Bouncy Bubble Beverage','IR',2,4),(83,'Advertising Campaign','R',5,4),(84,'C-Bay Trawlers','G',8,4),(85,'Enforced Reclamation and Recycling','Y',5,4),(86,'Circuit Maintenance','R',3,6),(87,'Fuel Rod Disposal Consultants','R',4,6),(88,'Pneumatic Tube Network Engineers','Y',7,6),(89,'Department of Transbot Control','O',6,6),(90,'New Transtube Planning Commission','I',10,6),(91,'Reactor Management Commission','G',6,6),(92,'Reactor Shielding Volunteer Corps','R',3,6),(93,'Crawlspace Commandoes','R',4,6),(94,'Vault Recovery Team','G',7,6),(95,'Toxic Environment Team','O',4,6),(96,'Biological Niceness Indexers','B',8,7),(97,'Security Technology Technicians','B',9,7),(98,'Bot Processing','Y',6,7),(99,'Drug Interaction Testers','G',7,7),(100,'Codename: KILLBOT','G',6,7),(101,'Anti-Gravity Device','V',12,7),(102,'Atomic Science Ethical Directorate','G',6,7),(103,'Think Tank Consultants','I',11,7),(104,'Silicon Corridor','B',8,7),(105,'Special Environment Clone Laboratories','G',7,7),(106,'Historical Artefact Analysis','Y',6,7),(107,'Experimental Equipment Field Testing','O',4,7),(108,'Foreign Contaminant Containment','O',6,7),(109,'Technically Non-Lethal Weapons','Y',5,7),(110,'Security Systems Installers','Y',5,5),(111,'Security Systems Installers','I',10,5),(112,'Clone Tank Support Services','R',2,5),(113,'Medical Services','Y',4,5),(115,'Medical Services','I',10,5),(116,'Paint Control','R',2,5),(117,'Slime Identification','O',4,5),(118,'Tech Support','Y',5,5),(119,'Abandoned Sector Reclamation Initiative','G',8,5),(120,'Dome Cleaning Services','O',5,5),(121,'Department of Pipes and Tubes','R',5,5),(122,'Bot Repair and Maintenance','Y',6,5),(123,'Scrubbot Army','R',3,5),(124,'Megastructure Construction Planning Group','B',10,5),(125,'Non-Specific Unit Production','G',7,5),(126,'Outside Broadcast Unit','Y',5,5),(127,'Alpha Complex Space Program','I',10,5),(128,'Vat Maintenance and Control','O',4,5),(129,'Vermin Terminators','R',3,5),(130,'Troubleshooter Team','R',1,9),(131,'Troubleshooter Team','O',2,9),(132,'Troubleshooter Team','Y',3,9),(133,'Troubleshooter Team','G',4,9),(134,'Troubleshooter Team','B',5,9),(135,'Troubleshooter Team','I',6,9),(136,'Troubleshooter Team','V',7,9),(137,'Alpha Team','I',13,9),(138,'Troubleshooter Dispatchers','B',6,9),(139,'Troubleshooter Debriefer','G',6,9),(140,'Sector Indexers','I',8,2),(141,'Credit Checkers','R',2,2),(142,'Productivity Maintainers','O',3,2),(143,'Queue Maintainers','R',2,3),(144,'Relocation Specialists','G',7,3),(145,'Intergroup Troubleshooter Trainers','Y',4,9),(146,'Troubleshooter University Lecturers','G',7,9),(147,'The BFG','I',10,7),(148,'Earthquake Machine','V',10,7),(149,'PD Infantry','IR',1,1),(150,'HappyTainers','R',3,1),(151,'AFE Wacky Comedy Tour','Y',6,1),(152,'All You Can Be Plus Plus','R',2,1),(153,'Your Body Your Temple','O',4,1),(154,'Rapid Reload','G',6,1),(155,'Fuel Speed Ahead','R',2,1),(156,'Sparkling Memorials','O',3,1),(157,'1st Recreational Regiment','IR',2,1),(158,'Chaplain Central','Y',5,1),(159,'AF Marching Band','R',3,1),(160,'PointFingers AF','R',2,1),(161,'Cellular Diversity Association','Y',5,1),(162,'Now That\'s What I CAll A Blast Radius','B',8,1),(163,'Workplace is Ourplace','Y',5,2),(164,'Save Space EDS','R',2,2),(165,'Save Space HCP','R',2,2),(166,'Form Field','B',8,2),(167,'Citizen Re-Placement','G',7,2),(168,'Institutional Memory Institution','Y',4,2),(169,'RecordIt','B',7,2),(170,'KnowMOR','V',10,2),(171,'Fine Line Ink','Y',4,2),(172,'We Break for Breaks','Y',6,2),(173,'MORmoney','V',10,2),(174,'Radcliffe-V-TBR-1 and clones','I',8,2),(175,'Kloff Notes','O',3,2),(176,'Attorneys at LAW Sector','V',12,2),(177,'Selfless Generosity Corp','O',3,3),(178,'Cathy-G\'s Donatorium','Y',5,3),(179,'Multi-Teela Marketing','B',9,3),(180,'NotCloning','G',6,3),(181,'Fold-a-lot','4',0,3),(182,'Future Bubble','G',5,3),(183,'Trauma Recovery Providers','Y',6,3),(184,'Megamedia','O',4,3),(185,'KID Media','G',7,3),(186,'PIX Films','G',8,3),(187,'Official Artists','G',6,3),(188,'The Computer\'s Monitors','I',10,3),(189,'MutieLovers','O',4,3),(190,'Le Facade','R',4,3),(191,'StopLite IS','G',6,8),(192,'Conspicuous Surveillance Initiative','O',3,8),(193,'Protect and Wander','Y',4,8),(194,'CipherSpace','Y',4,8),(195,'KeyCrypters','B',7,8),(196,'Defenders of the Indoors','G',6,8),(197,'Zero-Zero IS','B',8,8),(198,'Unseen Activities Initiative','V',11,8),(199,'SafeCrackers','Y',5,8),(200,'BreakIn4U','B',8,8),(201,'Every Able Body','O',3,8),(202,'Healthy Workplaces','G',7,8),(203,'IntSec Loves You','Y',5,8),(204,'Love Us Or Else','G',7,8),(205,'Printz IS','Y',5,8),(206,'HandCrafters PLC','Y',4,4),(207,'Artistic Licence','G',6,4),(208,'Give Something Back','O',3,4),(209,'Selective Dining HPD','O',3,4),(210,'Funfoods To Go!','Y',5,4),(211,'DigIt','G',7,4),(212,'GREENHouses','G',6,4),(213,'Small World PLC','O',3,4),(214,'Who Knows Ware','Y',5,4),(215,'Out With The Old','O',3,4),(216,'PLC Moderately Express Mail Delivery','O',3,4),(217,'PLC SupaExpress','Y',5,4),(218,'Stock Sports','Y',4,4),(219,'Extra Power!','Y',5,6),(220,'ExecuRide','I',8,6),(221,'We Guard Power!','G',5,6),(222,'UraniFun PS','Y',4,6),(223,'Nuclear Integrity','G',6,6),(224,'SuperSump','R',2,6),(225,'TransIt','R',3,6),(226,'AgriGreen','Y',4,7),(227,'Kinetic Energy Associates','Y',4,7),(228,'Force Majeur','G',6,7),(229,'Mutie-Free RD','O',4,7),(230,'Purer Genomes Through Science!','Y',7,7),(231,'Entropy Exterminators RD','G',6,7),(232,'Spacetime Removal Services','B',7,7),(233,'A.I. Trauma Care','Y',5,5),(234,'BulbFixers','R',2,5),(235,'Pipe Patrollers','R',2,5),(236,'TransBot Industries','Y',6,5),(237,'Verminators','R',2,5),(238,'Occult Geomaticians','V',10,7),(239,'Fangry Citizen Combat Squad','R',3,3),(240,'Consumption Imbalance Rebalancer','O',3,2);
/*!40000 ALTER TABLE `minion` ENABLE KEYS */;
UNLOCK TABLES;

--
-- Table structure for table `minion_skill`
--

DROP TABLE IF EXISTS `minion_skill`;
/*!40101 SET @saved_cs_client     = @@character_set_client */;
/*!40101 SET character_set_client = utf8 */;
CREATE TABLE `minion_skill` (
  `skills_id` int(11) NOT NULL,
  `minion_id` int(11) NOT NULL,
  `minion_skill_bonus` int(11) NOT NULL DEFAULT '0',
  PRIMARY KEY (`skills_id`,`minion_id`),
  KEY `fk_minion_skill_2_idx` (`minion_id`),
  CONSTRAINT `fk_minion_skill_1` FOREIGN KEY (`skills_id`) REFERENCES `skills` (`skills_id`) ON DELETE CASCADE ON UPDATE CASCADE,
  CONSTRAINT `fk_minion_skill_2` FOREIGN KEY (`minion_id`) REFERENCES `minion` (`minion_id`) ON DELETE CASCADE ON UPDATE CASCADE
) ENGINE=InnoDB DEFAULT CHARSET=utf8;
/*!40101 SET character_set_client = @saved_cs_client */;

--
-- Dumping data for table `minion_skill`
--

LOCK TABLES `minion_skill` WRITE;
/*!40000 ALTER TABLE `minion_skill` DISABLE KEYS */;
INSERT INTO `minion_skill` VALUES (1,23,1),(1,43,0),(1,54,0),(1,96,0),(1,145,0),(1,160,0),(1,162,1),(1,163,1),(1,166,0),(1,171,0),(1,175,0),(2,21,0),(2,22,1),(2,89,0),(2,107,0),(2,137,0),(2,138,0),(2,143,0),(2,145,0),(2,167,1),(2,177,0),(2,178,1),(3,27,1),(3,28,1),(3,29,1),(3,96,0),(3,117,0),(3,120,0),(3,123,1),(3,129,0),(3,144,0),(3,149,0),(3,156,0),(3,183,0),(3,225,0),(3,232,0),(3,237,0),(4,47,0),(4,52,0),(4,65,1),(4,66,1),(4,67,1),(4,191,0),(5,22,1),(5,44,0),(5,47,0),(5,77,0),(5,81,0),(5,88,0),(5,146,0),(5,164,0),(5,166,1),(5,176,0),(6,7,0),(6,8,0),(6,40,0),(6,46,0),(6,78,0),(6,83,1),(6,158,0),(6,176,1),(6,178,0),(6,179,1),(6,180,1),(6,184,0),(6,185,0),(6,186,1),(6,187,0),(6,188,1),(6,189,0),(6,203,0),(6,204,1),(7,41,0),(7,53,1),(7,140,1),(7,193,0),(8,22,0),(8,23,0),(8,34,0),(8,68,0),(8,69,0),(8,81,0),(8,87,0),(8,172,0),(9,47,0),(9,54,0),(9,57,1),(9,137,0),(9,172,0),(9,180,0),(9,192,0),(10,2,0),(10,37,0),(10,38,1),(10,39,1),(10,49,0),(10,50,0),(10,139,0),(10,194,0),(10,195,1),(10,202,0),(10,205,1),(11,4,0),(11,55,0),(11,61,0),(11,62,0),(11,63,1),(11,97,1),(11,108,0),(11,110,0),(11,111,1),(11,199,0),(11,200,1),(12,35,0),(12,36,1),(12,48,0),(12,49,0),(12,50,0),(12,56,1),(12,97,1),(12,110,0),(12,111,1),(12,121,0),(12,235,0),(13,30,0),(13,31,0),(13,32,0),(13,106,0),(13,119,0),(13,144,0),(13,197,1),(13,198,1),(14,57,0),(14,86,0),(14,199,0),(14,200,1),(15,84,1),(15,93,0),(15,173,1),(15,174,0),(16,11,0),(16,12,1),(16,17,1),(16,18,1),(16,19,0),(16,58,0),(16,59,1),(16,100,0),(16,109,0),(16,147,2),(16,157,0),(17,13,0),(17,14,1),(17,33,0),(17,146,0),(18,5,0),(18,6,1),(18,45,0),(18,60,0),(18,89,0),(18,109,0),(18,159,0),(18,239,0),(19,19,0),(19,90,0),(19,101,1),(19,119,1),(19,124,0),(19,148,0),(19,227,0),(19,228,1),(20,10,0),(20,120,0),(20,126,0),(20,182,0),(21,3,0),(21,4,1),(21,58,1),(21,157,0),(21,191,0),(21,196,1),(21,221,0),(22,17,1),(22,61,0),(22,62,1),(22,63,1),(22,68,0),(22,93,0),(22,129,0),(22,137,1),(22,161,0),(22,197,0),(22,198,1),(22,238,1),(23,18,0),(23,19,0),(23,20,2),(23,147,2),(23,162,0),(24,95,0),(24,98,0),(24,118,0),(24,120,0),(24,122,1),(24,124,0),(24,233,0),(24,236,0),(25,44,0),(25,90,0),(25,91,0),(25,119,0),(25,124,2),(25,182,0),(25,211,0),(25,225,0),(26,79,0),(26,121,1),(26,128,0),(26,224,0),(27,86,0),(27,93,0),(27,121,0),(27,127,0),(27,181,1),(27,190,0),(27,234,0),(28,87,0),(28,91,0),(28,92,0),(28,102,0),(28,219,0),(28,222,0),(28,223,1),(28,231,0),(29,74,0),(29,76,0),(29,79,0),(29,85,0),(29,125,1),(29,206,0),(29,207,1),(29,215,0),(29,218,0),(30,101,2),(30,103,1),(30,107,0),(30,127,1),(30,137,0),(30,148,1),(30,219,0),(30,231,0),(30,232,0),(30,238,0),(31,15,0),(31,59,0),(31,75,0),(31,88,0),(31,89,1),(31,90,0),(31,105,0),(31,137,0),(31,154,1),(31,155,0),(31,211,0),(31,216,0),(31,217,1),(31,220,1),(31,236,0),(32,98,1),(32,100,0),(32,122,0),(32,233,0),(32,236,0),(33,1,0),(33,2,0),(33,13,0),(33,14,0),(33,88,0),(33,118,0),(33,126,0),(33,127,0),(33,137,0),(33,150,0),(33,151,1),(34,24,0),(34,104,0),(34,170,0),(35,24,0),(35,30,0),(35,31,0),(35,32,0),(35,94,0),(35,106,0),(35,165,0),(35,168,0),(35,169,0),(35,170,1),(35,176,1),(36,81,0),(36,84,1),(36,141,0),(36,173,1),(36,174,1),(37,24,0),(37,103,0),(37,104,1),(37,167,0),(37,169,0),(37,170,1),(38,44,0),(38,75,0),(38,77,1),(38,88,0),(38,90,0),(38,103,0),(38,116,0),(38,125,0),(38,208,0),(38,211,0),(38,213,0),(38,214,0),(39,37,0),(39,38,1),(39,39,1),(39,48,0),(39,49,0),(39,50,1),(39,68,0),(39,83,1),(39,150,0),(39,151,0),(39,184,0),(39,185,1),(39,186,1),(39,187,0),(39,188,1),(40,26,0),(40,51,0),(40,87,0),(40,94,0),(40,95,0),(40,96,0),(40,99,0),(40,108,0),(40,115,0),(40,117,0),(40,128,0),(40,226,0),(40,230,0),(41,70,0),(41,71,0),(41,72,1),(41,73,1),(41,76,0),(41,142,0),(41,209,0),(41,210,1),(41,212,1),(41,239,0),(41,240,0),(42,80,1),(42,105,0),(42,112,0),(42,115,0),(42,179,1),(42,229,0),(42,230,0),(43,99,0),(43,103,0),(43,108,0),(43,113,0),(43,115,1),(43,183,0),(43,201,0),(43,202,0),(44,64,0),(44,102,0),(44,105,0),(44,161,0),(44,189,0),(44,229,0),(44,230,0),(45,33,0),(45,106,0),(45,108,0),(46,8,0),(46,25,0),(46,26,1),(46,45,0),(46,46,0),(46,82,1),(46,99,0),(46,158,0),(46,183,0),(47,25,0),(47,26,0),(47,42,0),(47,43,1),(47,188,0),(48,47,0),(48,130,0),(48,131,0),(48,132,0),(48,133,0),(48,134,0),(48,135,0),(48,136,0),(48,137,0),(48,149,0),(49,3,0),(49,9,0),(49,14,0),(49,16,0),(49,34,0),(49,52,0),(49,60,0),(49,85,0),(49,92,0),(49,139,0),(49,144,0),(49,146,0),(49,152,0),(49,153,1),(49,159,0),(49,202,0),(50,17,0),(50,18,0),(51,19,0),(53,37,0),(53,48,0),(53,49,0),(53,50,0),(54,58,0),(55,94,0),(56,107,0),(57,126,0),(68,130,0),(68,131,0),(68,132,0),(68,133,0),(68,134,0),(68,135,0),(68,136,0);
/*!40000 ALTER TABLE `minion_skill` ENABLE KEYS */;
UNLOCK TABLES;

--
-- Temporary table structure for view `minion_skills`
--

DROP TABLE IF EXISTS `minion_skills`;
/*!50001 DROP VIEW IF EXISTS `minion_skills`*/;
SET @saved_cs_client     = @@character_set_client;
SET character_set_client = utf8;
/*!50001 CREATE TABLE `minion_skills` (
  `minion_id` tinyint NOT NULL,
  `minion_name` tinyint NOT NULL,
  `minion_clearance` tinyint NOT NULL,
  `minion_cost` tinyint NOT NULL,
  `mskills` tinyint NOT NULL
) ENGINE=MyISAM */;
SET character_set_client = @saved_cs_client;

--
-- Table structure for table `mutations`
--

DROP TABLE IF EXISTS `mutations`;
/*!40101 SET @saved_cs_client     = @@character_set_client */;
/*!40101 SET character_set_client = utf8 */;
CREATE TABLE `mutations` (
  `id` int(11) NOT NULL AUTO_INCREMENT,
  `name` varchar(45) NOT NULL,
  `desc` varchar(200) NOT NULL,
  PRIMARY KEY (`id`),
  UNIQUE KEY `id_UNIQUE` (`id`),
  UNIQUE KEY `Name_UNIQUE` (`name`)
) ENGINE=InnoDB AUTO_INCREMENT=21 DEFAULT CHARSET=latin1;
/*!40101 SET character_set_client = @saved_cs_client */;

--
-- Dumping data for table `mutations`
--

LOCK TABLES `mutations` WRITE;
/*!40000 ALTER TABLE `mutations` DISABLE KEYS */;
INSERT INTO `mutations` VALUES (1,'Bureaucratic Intuition','Gives a deep understanding of how to beat the Bureaucratic quagmire on a specific task.'),(2,'Charm','Produces pheromones that cause all weaker-willed clones in the area (not you or other High Programmers) to admire and trust other clones.'),(3,'Empathy','Read a clone\'s emotions and project your own emotions on to them.'),(4,'Deep Thought','Pick a problem you could solve given enough calculation time, you do it much, much faster.'),(5,'Machine Empathy','WARNING: ERASABLE MUTATION. All bots (including Friend Computer) will like you a lot more when you use this.'),(6,'Mechanical Intuition','With a few minutes, you can understand how a mechanical or electrical system works.'),(7,'Mental Blast','Knocks out all living beings (except yourself) in a nearby radius.'),(8,'Adrenaline Control','Temporarily makes you super fast, tough, and strong, takes its toll on the body.'),(9,'Environmental Control','Attuned to the life support of Alpha Complex, you can adjust heating, lighting, airflow, and other systems.'),(10,'Find Location','Pick a location/object/description. When looking at a location, you see the relative direction of your pick. Works through cameras.'),(11,'Radio Jamming','Jams all communications in a short radius for a short amount of time.'),(12,'Push Mutant Power','Amplifies (and may trigger) mutant powers in the immediate area.'),(13,'Uncanny Luck','Using this adjusts a roll in your favour...or reduces the roll of an opponent.'),(14,'Combat Mind','Gain intuition into exactly how to maneuver forces to win a battle.'),(15,'Copy Mutant Power','Copy the mutant power of a random, nearby mutant to use for a few minutes.'),(16,'Domination','Hijack a weak-willed npc\'s mind while your body sleeps for a little while.'),(17,'Forgettable','While active, memories of the next few minutes will slide from clone\'s memories.'),(18,'Psychic Flash','At opportune times, this will give a mental image of something important or dangerous in the near future.'),(19,'Telepathy','Dredge information from weak-willed clones or send psychic messages.'),(20,'Complex Intuition','Get a general feel for events and problems happening in the sector.');
/*!40000 ALTER TABLE `mutations` ENABLE KEYS */;
UNLOCK TABLES;

--
-- Table structure for table `name_old`
--

DROP TABLE IF EXISTS `name_old`;
/*!40101 SET @saved_cs_client     = @@character_set_client */;
/*!40101 SET character_set_client = utf8 */;
CREATE TABLE `name_old` (
  `name_id` int(11) NOT NULL AUTO_INCREMENT,
  `name_first` varchar(45) NOT NULL,
  `name_clearance` varchar(2) NOT NULL,
  `name_zone` varchar(3) NOT NULL,
  `name_clone` int(11) NOT NULL,
  PRIMARY KEY (`name_id`)
) ENGINE=InnoDB AUTO_INCREMENT=30 DEFAULT CHARSET=utf8;
/*!40101 SET character_set_client = @saved_cs_client */;

--
-- Dumping data for table `name_old`
--

LOCK TABLES `name_old` WRITE;
/*!40000 ALTER TABLE `name_old` DISABLE KEYS */;
INSERT INTO `name_old` VALUES (1,'Dignif','Y','ING',1),(2,'Catacl','Y','SMM',1),(3,'Get','R','EKT',1),(4,'Falsef','R','ONT',1),(5,'Cryoph','O','BIA',1),(6,'Acroph','O','BIA',1),(7,'Paran','O','IAA',1),(8,'Carbon','Y','LIC',1),(9,'Polyester','G','IRL',1),(10,'Rei','G','NED',1),(11,'Roast','B','EEF',1),(12,'Cue','B','ONE',1),(13,'Advert','I','ZED',1),(14,'Dr','I','VER',1),(15,'Affida','V','ITS',1),(16,'Recidi','V','IST',1),(17,'Allosa','U','RUS',1),(18,'G','U','ARD',1),(19,'Canes','U','GAR',1),(20,'Abd','U','CED',1),(21,'Bag','U','ETT',3),(22,'Dys','U','RIA',1),(23,'Bra','V','ADO',1),(24,'Cra','V','ENN',1),(25,'Dri','V','ELS',1),(26,'Acap','U','LCO',1),(27,'Bisc','U','ITS',1),(28,'Cher','U','BIM',1),(29,'Daiq','U','IRI',1);
/*!40000 ALTER TABLE `name_old` ENABLE KEYS */;
UNLOCK TABLES;

--
-- Table structure for table `news`
--

DROP TABLE IF EXISTS `news`;
/*!40101 SET @saved_cs_client     = @@character_set_client */;
/*!40101 SET character_set_client = utf8 */;
CREATE TABLE `news` (
  `news_id` int(11) NOT NULL AUTO_INCREMENT,
  `news_desc` varchar(200) NOT NULL,
  `c_id` int(11) DEFAULT NULL,
  PRIMARY KEY (`news_id`),
  KEY `fk_news_1_idx` (`c_id`),
  CONSTRAINT `fk_news_1` FOREIGN KEY (`c_id`) REFERENCES `crisis` (`c_id`) ON DELETE CASCADE ON UPDATE CASCADE
) ENGINE=InnoDB AUTO_INCREMENT=38 DEFAULT CHARSET=utf8;
/*!40101 SET character_set_client = @saved_cs_client */;

--
-- Dumping data for table `news`
--

LOCK TABLES `news` WRITE;
/*!40000 ALTER TABLE `news` DISABLE KEYS */;
INSERT INTO `news` VALUES (1,'Congratulations! You may be a winner! Call 1800-244-7226!',NULL),(2,'Alpha Complex Space Agency landing declared hoax! Execution of agency head ##CIT-I-RD## scheduled for 6.',NULL),(3,'Borders to neighbouring sectors found lacking. ##CIT-I-IS##: \"It\'s like any old RED could get through, they will be fortified!\"',NULL),(4,'New craze \"planking\" declared waste of time and treasonous.',NULL),(5,'There was no shuddering of Alpha Complex. Alpha Complex is as stable as ever. Those who believe otherwise are encouraged to contact IntSec.',NULL),(6,'Survey on pronunciation of \"gif\" complete. 100% of respondents say soft-g. In unrelated news, terminations doubled yesterday.',NULL),(7,'##CIT-V-TR##\'s show trial and erasure due for 80:00 SCT todaycycle!',4),(8,'Painkiller RadicalMankey classified treasonous due to unintended side effects.',4),(9,'New CPU manager sends 800 staff to the re-employment office.',1),(10,'Alternative Power Firm Strike-Me-Not reports a 3000% increase in power generation this daycycle!',7),(11,'The new Petbot 214 released today, sells out in minutes!',8),(12,'CPU reports the air per person index has risen 4% in the last month!',9),(13,'Sold-out UltraSuperMegaBowl funball game between USS Patriots and MBB Ballers live todaycycle on Channel 5!',10),(14,'Power forecast: rolling brownouts down by 28%, blackouts down 41%.',6),(15,'A new reactor to be completed today! Citizens rejoice!',11),(16,'Serve your Complex! Battle the Commie Threat! Bonus Hot Fun! Enlist Today!',12),(17,'Friendly Ollie-U saves sector YRU yet again! Citizens Rejoice!',NULL),(18,'ChocolateLyke ration for INFRAREDs increased yet again! ##CIT-I-PL##: \"Once again, the war on production is won!\"',NULL),(19,'Frank-U destroys fifteen communist strongholds, says end in sight for war on terror.',NULL),(20,'Terrorist bomb unlawfully terminates 180 clones, IntSec urges terrorists to hand themselves over before it becomes erasable.',NULL),(21,'Water rations to be decreased 30% due to increased B3 usage.',13),(22,'New dirt indexer bots promise faster hygiene index response times!',14),(23,'Secret Society activity up 12%. Register your society affiliation today for bonus hot fun!',NULL),(24,'Hero Of Our Complex ##CIT-B-1## completes fourth successful tour of duty!',15),(25,'Bright Vision Reducation Centres announce the opening of a new location due to increasing needs!',16),(26,'Rolling blackout centred on RIO sector hit early this morning, productivity hit of 3.81%.',17),(27,'New proposal being investigated to outlaw sleep to raise efficiency.',NULL),(28,'##ZON## funball team under investigation for poor performance. ##CIT-I-IS##: \"No-one but a commie could perform so badly\".',NULL),(29,'SIB Splasheroony fun park boasts record attendence, despite having no water.',NULL),(30,'Friend Computer processing delay set to decrease in the next few weekcycles.',19),(31,'The Hatred Day Parade, live tonight at 8000SCT!',21),(32,'Vicky-B credited with her eleventh HOOC award!',22),(33,'Alternative Power Firm Strike-Me-Not reports a 3000% increase in power generation this daycycle!',23),(34,'Underplex reclaim up 4.8% yearcycle on yearcycle.',NULL),(35,'Bouncy Bubble Beverage increases artificial sweetener content to 81.4%',NULL),(36,'FizzWizz updates its recipe, now with extra Fizz!',NULL),(37,'Defence system update goes smoothly, minimal wrongful terminations.',NULL);
/*!40000 ALTER TABLE `news` ENABLE KEYS */;
UNLOCK TABLES;

--
-- Table structure for table `resource`
--

DROP TABLE IF EXISTS `resource`;
/*!40101 SET @saved_cs_client     = @@character_set_client */;
/*!40101 SET character_set_client = utf8 */;
CREATE TABLE `resource` (
  `resource_id` int(11) NOT NULL AUTO_INCREMENT,
  `resource_name` varchar(200) NOT NULL,
  `resource_type` varchar(3) NOT NULL,
  PRIMARY KEY (`resource_id`),
  KEY `index2` (`resource_type`)
) ENGINE=InnoDB AUTO_INCREMENT=30 DEFAULT CHARSET=utf8;
/*!40101 SET character_set_client = @saved_cs_client */;

--
-- Dumping data for table `resource`
--

LOCK TABLES `resource` WRITE;
/*!40000 ALTER TABLE `resource` DISABLE KEYS */;
INSERT INTO `resource` VALUES (1,'Bubble Beverage Funball Stadium','LOC'),(2,'Compnode A','LOC'),(3,'Nuclear Waste','RES'),(4,'Left Boots','RES'),(5,'FunFoods MegaPark','LOC'),(6,'Abandoned Nuclear Plant','LOC'),(7,'New Nuclear Plant','LOC'),(8,'WasteRenewal Toilet Complex','LOC'),(9,'Hot Fun','RES'),(10,'Drinking Water','RES'),(11,'Plutonium','RES'),(12,'Soy','RES'),(13,'Copper Wire','RES'),(14,'##ZON## Splasherooni Fun Park','LOC'),(15,'Compnode B','LOC'),(16,'Compnode C','LOC'),(17,'Compnode D','LOC'),(18,'Compnode E','LOC'),(19,'Compnode F','LOC'),(20,'Compnode G','LOC'),(21,'Compnode H','LOC'),(22,'B3 Funball Stadium','LOC'),(23,'IR Cafeteria ##SUB-L1##','LOC'),(24,'R Cafeteria ##SUB-L2##','LOC'),(25,'O Cafeteria ##SUB-L3##','LOC'),(26,'IR EAP AC ##SUB-L4##','LOC'),(27,'R EAP AC ##SUB-L5##','LOC'),(28,'O EAP AC ##SUB-L6##','LOC'),(29,'Sewer Pipe ##SUB-L7##','LOC');
/*!40000 ALTER TABLE `resource` ENABLE KEYS */;
UNLOCK TABLES;

--
-- Table structure for table `sf`
--

DROP TABLE IF EXISTS `sf`;
/*!40101 SET @saved_cs_client     = @@character_set_client */;
/*!40101 SET character_set_client = utf8 */;
CREATE TABLE `sf` (
  `sf_id` int(11) NOT NULL AUTO_INCREMENT,
  `sf_name` varchar(45) NOT NULL,
  `sf_ad` varchar(200) NOT NULL,
  `sg_id` int(11) NOT NULL,
  PRIMARY KEY (`sf_id`),
  KEY `fk_sf_1_idx` (`sg_id`),
  CONSTRAINT `fk_sf_1` FOREIGN KEY (`sg_id`) REFERENCES `sg` (`sg_id`) ON DELETE CASCADE ON UPDATE CASCADE
) ENGINE=InnoDB AUTO_INCREMENT=11 DEFAULT CHARSET=utf8;
/*!40101 SET character_set_client = @saved_cs_client */;

--
-- Dumping data for table `sf`
--

LOCK TABLES `sf` WRITE;
/*!40000 ALTER TABLE `sf` DISABLE KEYS */;
INSERT INTO `sf` VALUES (1,'HappyTainers','Keeping your soldiers laughing at us, not your enemy!',1),(2,'All That You Can Be Plus Plus','Let each day be an addition to your body: let us Plus Plus you up!',1),(3,'EnviroServices CPU','Billions of working combinations, only one is effective. Let us help you find it!',2),(4,'Know More','We plug the breaches in your paperwork: Know More with Know More!',2),(5,'Selfless Generosity Corp','Everyone needs someone to deride: we hire them for you!',3),(6,'NotCloning HPD','Uncanny Celebrity lookalikes, fast.',3),(7,'DottedLine Patrol','Keeping the undesirables of their sector, out.',8),(8,'Another Kind Of Beat','Keeping the eyes on us, so they keep their eyes off you.',8),(9,'HandCrafters PLC','Whatever you need, however you need, customised for your pleasure.',4),(10,'Selective Dining HPD','Fast food, served in 30 minutecycles or less!',4);
/*!40000 ALTER TABLE `sf` ENABLE KEYS */;
UNLOCK TABLES;

--
-- Table structure for table `sg`
--

DROP TABLE IF EXISTS `sg`;
/*!40101 SET @saved_cs_client     = @@character_set_client */;
/*!40101 SET character_set_client = utf8 */;
CREATE TABLE `sg` (
  `sg_id` int(11) NOT NULL AUTO_INCREMENT,
  `sg_name` varchar(200) NOT NULL,
  `sg_abbr` varchar(2) NOT NULL,
  PRIMARY KEY (`sg_id`),
  UNIQUE KEY `sg_name_UNIQUE` (`sg_name`),
  UNIQUE KEY `sg_abbr_UNIQUE` (`sg_abbr`),
  UNIQUE KEY `sg_id_UNIQUE` (`sg_id`)
) ENGINE=InnoDB AUTO_INCREMENT=10 DEFAULT CHARSET=utf8;
/*!40101 SET character_set_client = @saved_cs_client */;

--
-- Dumping data for table `sg`
--

LOCK TABLES `sg` WRITE;
/*!40000 ALTER TABLE `sg` DISABLE KEYS */;
INSERT INTO `sg` VALUES (1,'Armed Forces','AF'),(2,'Central Processing Unit','CP'),(3,'HPD&MC','HP'),(4,'Production, Logistics, and Commisary','PL'),(5,'Tech Services','TS'),(6,'Power Services','PS'),(7,'Research and Development','RD'),(8,'Internal Security','IS'),(9,'Troubleshooter Dispatch','TD');
/*!40000 ALTER TABLE `sg` ENABLE KEYS */;
UNLOCK TABLES;

--
-- Table structure for table `sg_skill`
--

DROP TABLE IF EXISTS `sg_skill`;
/*!40101 SET @saved_cs_client     = @@character_set_client */;
/*!40101 SET character_set_client = utf8 */;
CREATE TABLE `sg_skill` (
  `sg_id` int(11) NOT NULL,
  `skills_id` int(11) NOT NULL,
  PRIMARY KEY (`sg_id`,`skills_id`),
  KEY `fk_sg_skill_1_idx` (`skills_id`),
  CONSTRAINT `fk_sg_skill_1` FOREIGN KEY (`skills_id`) REFERENCES `skills` (`skills_id`) ON DELETE CASCADE ON UPDATE CASCADE,
  CONSTRAINT `fk_sg_skill_2` FOREIGN KEY (`sg_id`) REFERENCES `sg` (`sg_id`) ON DELETE CASCADE ON UPDATE CASCADE
) ENGINE=InnoDB DEFAULT CHARSET=utf8;
/*!40101 SET character_set_client = @saved_cs_client */;

--
-- Dumping data for table `sg_skill`
--

LOCK TABLES `sg_skill` WRITE;
/*!40000 ALTER TABLE `sg_skill` DISABLE KEYS */;
INSERT INTO `sg_skill` VALUES (2,1),(8,1),(2,2),(3,2),(3,3),(5,3),(8,4),(2,5),(3,5),(3,6),(4,6),(2,7),(3,7),(6,8),(8,8),(6,9),(8,9),(3,10),(8,10),(1,11),(7,11),(8,11),(5,12),(8,12),(2,13),(6,14),(8,14),(4,15),(6,15),(1,16),(7,16),(1,17),(2,17),(1,18),(3,18),(8,18),(5,19),(7,19),(1,20),(5,20),(1,21),(8,21),(1,22),(8,22),(1,23),(7,23),(5,24),(6,24),(3,25),(5,25),(6,25),(4,26),(5,26),(3,27),(5,27),(6,27),(6,28),(7,28),(4,29),(5,29),(5,30),(7,30),(1,31),(4,31),(5,32),(7,32),(1,33),(5,33),(2,34),(7,34),(2,35),(6,35),(2,36),(4,36),(2,37),(7,37),(4,38),(6,38),(3,39),(4,39),(6,40),(7,40),(2,41),(4,41),(4,42),(5,42),(7,42),(5,43),(7,43),(3,44),(7,44),(8,44),(2,45),(7,45),(3,46),(4,46),(2,47),(3,47),(9,48),(1,49),(8,49);
/*!40000 ALTER TABLE `sg_skill` ENABLE KEYS */;
UNLOCK TABLES;

--
-- Temporary table structure for view `sg_skills`
--

DROP TABLE IF EXISTS `sg_skills`;
/*!50001 DROP VIEW IF EXISTS `sg_skills`*/;
SET @saved_cs_client     = @@character_set_client;
SET character_set_client = utf8;
/*!50001 CREATE TABLE `sg_skills` (
  `sg_name` tinyint NOT NULL,
  `sgskills` tinyint NOT NULL
) ENGINE=MyISAM */;
SET character_set_client = @saved_cs_client;

--
-- Table structure for table `sgm`
--

DROP TABLE IF EXISTS `sgm`;
/*!40101 SET @saved_cs_client     = @@character_set_client */;
/*!40101 SET character_set_client = utf8 */;
CREATE TABLE `sgm` (
  `sgm_id` int(11) NOT NULL AUTO_INCREMENT,
  `sgm_text` varchar(200) NOT NULL,
  `sg_id` int(11) NOT NULL,
  `c_id` int(11) DEFAULT NULL,
  PRIMARY KEY (`sgm_id`),
  KEY `index_sg` (`sg_id`),
  KEY `index_c` (`c_id`),
  CONSTRAINT `fk_sgm_1` FOREIGN KEY (`c_id`) REFERENCES `crisis` (`c_id`) ON DELETE CASCADE ON UPDATE CASCADE,
  CONSTRAINT `fk_sgm_2` FOREIGN KEY (`sg_id`) REFERENCES `sg` (`sg_id`) ON DELETE CASCADE ON UPDATE CASCADE
) ENGINE=InnoDB AUTO_INCREMENT=113 DEFAULT CHARSET=utf8;
/*!40101 SET character_set_client = @saved_cs_client */;

--
-- Dumping data for table `sgm`
--

LOCK TABLES `sgm` WRITE;
/*!40000 ALTER TABLE `sgm` DISABLE KEYS */;
INSERT INTO `sgm` VALUES (1,'The grunts are getting restless. Make sure at least two infantry units are given something to do.',1,NULL),(2,'The budget for the new Mark V Warbot is tight. We need an R&D team and half a ton of reactor fuel to attempt to turn it on.',1,NULL),(3,'Efficiency is down 15.7%. Find a way to increase it. It doesn\'t matter what it is, it\'ll all balance out in the end.',2,NULL),(4,'Housing in ##ZON## is oversubscribed by 21%. Either build more housing or reduce demand.',3,NULL),(5,'We\'ve overproduced on ##RES-1## by six months. Find a use for the excess ##RES-1##.',4,NULL),(6,'We have a machine. We don\'t know what it does. Turning it on needs unfettered access to a reactor. We want to turn it on.',7,NULL),(7,'Our contract to rebuild sector ZQD is behind schedule. We need another couple of construction teams but don\'t let anyone know we\'re using them to finish ZQD.',5,NULL),(8,'We\'ve got a huge excess of spent fuel rods. Find a place to put them, please?',6,NULL),(9,'We\'re having trouble storing all the nukes. Either use a few or find us a new storage area.',1,NULL),(10,'The jackbooted idiots are blaming us for no termination vouchers being dispatched, make sure the blame falls on them and not on us.',2,1),(11,'Those idiots in CPU haven\'t sent us any termination vouchers for the last daycycle. Find out why and make sure they take the blame.',8,1),(12,'We want this contract but haven\'t the time to prepare...make sure Power Services\' tubes stop working and get us that contract.',5,2),(13,'The money we could get from this contract, not to mention the extra housing space. Do whatever it takes to get us the contract.',3,2),(14,'It\'s not our fault there were so many problems with the Transtube timetables! Make sure we keep this contract, or we\'re all toast.',6,2),(15,'Power Services have never given our troops free rides. Make sure whoever gets the contract promises free rides to Armed Forces grunts.',1,2),(16,'We were ambushed while getting the weapon from R&D. Make sure we don\'t get embarrased over this.',1,3),(17,'We filed the RDP ##SUB## paperwork as complete before the exchange was ambushed. Make sure the exchange is completed before the end of the daycycle.',2,3),(18,'There\'s a small problem we\'ve located with RDP ##SUB##, once it gets fired it can\'t be turned off. Destroy the device and make sure no-one else finds out about this little flaw.',7,3),(19,'##CIT-V-TR##\'s erasure has to go off without a hitch. The Big C\'s twitchy enough as it is.',3,4),(20,'Due to constraints, we can\'t actually remove ##CIT-V-TR##\'s name from the databanks until after their erasure, or it\'ll crash the TTS. Make sure it doesn\'t crash.',2,4),(21,'The Big C seems to have a sore spot for ##CIT-V-TR##, and the TTS isn\'t tracking why. Make sure the trial goes off fine, but delay the erasure so we can use \'em as bait.',8,4),(22,'##CIT-V-TR##\'s erasure is due for 80:00, but we want it pushed back to 90:00 for...reasons. We also want his body afterwards, get it to us.',7,4),(23,'RDP ##SUB## is one of our best projects, and it actually works! Get it standardized sector-wide.',7,5),(24,'If RDP ##SUB## gets standardised we\'ll lose at least half our revenue. Make sure it doesn\'t make the cut.',4,5),(25,'RDP ##SUB## getting standardised means we can sell space in our reactors for growth! Get in standardised!',6,5),(26,'The nitwits at Power Services want RDP ##SUB## standardised for some reason. Make sure it doesn\'t happen.',5,5),(27,'If RDP ##SUB## is standardised, we won\'t be able to easily push drugs to the population. Stop it at all costs',3,5),(28,'If R&D\'s new gene is standardised, we can classify most of the sector as unregistered mutants and push our rates through the roof! Get it done.',8,5),(29,'Current projections of RDP ##SUB## show an efficiency increase of 180%! Get it standardised!',2,5),(33,'This attack must be from Beta Complex. We must march upon Beta Complex immediately!',1,7),(34,'This attack will lead to war if we don\'t act soon. Prevent a war with Beta Complex breaking out until we find the cause.',8,7),(35,'Our grid is almost overloaded! I can\'t believe I\'m saying this...but we need clones to use more power immediately!',6,7),(36,'There\'s a sudden drop of happiness in multiple subsectors. We need it cleared up pronto.',3,7),(37,'The Petbot 214 has a bit of a flaw, but make sure it doesn\'t get banned. It\'s set to have huge sales!',4,8),(38,'The Petbot 214 is a hit, but could use a few new features. Make sure the next production run encourages people to watch \"Late Night with Conan-O-BRN\"',3,8),(39,'The release of the Petbot 214 is ruining our metrics. Get it removed from sale however you can.',2,8),(40,'The new Petbot requires huge amounts of power, and needs to be rechared every two hours. The grid can\'t handle it, either get us more power or remove the petbots.',6,8),(41,'The concentration of petbots is at an exact level required for data gathering. Don\'t have them recalled, but don\'t let the next production run complete.',7,8),(42,'The truckbot with cold fun syrup crashed in ##SUB##, make sure we don\'t take the blame or have to pay any damages.',4,9),(43,'Tunnel ##SUB## was a clear run on the map! Make sure CPU wear the blame for the Cold Fun syrup truckbot crash.',5,9),(44,'The maps for the transtubes were supposed to be updated last monthcycle but weren\'t. Cover us while we update the maps and records to show the update happened as planned.',2,9),(45,'The data shows a terrorist attack is supposed to hit today. Identify the threat, and make sure it\'s stopped.',8,10),(46,'Finally, a chance to embarrass those idiots at IntSec. Find what this supposed terrorist attack is supposed to be, and when it happens make sure IntSec take the blame.',1,10),(47,'Make sure the UltraSuperMegaBowl goes off without a hitch - broadcasting is on a 10 minute delay to the complex, it must not be interrupted.',3,10),(48,'Our techs have nicknamed today the MegaBowel, for obvious reasons. If there\'s anything in the pipes there may be problems. If it happens, don\'t let the blame fall on us.',5,10),(49,'Project ##SUB## is going ahead today, make sure it\'s a success!',7,6),(50,'##SUB## is likely to cause us to lose the need of heaps of reactors! Don\'t let it succeed!',6,6),(51,'The reactor isn\'t actually ready to go yet, we need engineers sent down before it gets switched on. Whatever happens, make sure at the end of the daycycle the new reactor is working.',6,11),(52,'We\'ve been refused access to the opening ceremony of the new reactor, but you should have no problem. Get our cameras into the opening ceremony and make sure it looks good.',3,11),(53,'We\'ve had this huge stock of radiation badges for over a yearcycle. Sell one to every citizen of the sector.',4,11),(54,'We just got word of a huge invasion force! Get at least four of our units into the fight!',1,12),(55,'We\'ve finally got a solid war coming. Get heaps of combat footage of our troops winning for the usual propaganda purposes.',3,12),(56,'We\'re going to war. Prevent any major damage to the sector, or make sure the other service groups get blamed for it.',5,12),(57,'We don\'t actually have enough laser barrels to go to war with. Either make more fast or find alterative ammo sources.',4,12),(58,'The flooding water may be fresh water! If it is, store it somewhere so we can bottle it and sell it for megacredits!',4,13),(59,'Mission quota is down. Send at least 5 troubleshooter teams on missions before the end of the daycycle.',9,NULL),(60,'That entire flooded area was almost condemned. Let it get destroyed so we can get a juicy demolition contract out of it.',5,13),(61,'This flooding is bad for morale. Implement a couple of initiatives to make the proles feel good about the flooding.',3,13),(62,'We have reliable information one of the High Programmers in the room is a traitor. Find them and have them terminated before end of daycycle.',8,NULL),(63,'There\'s been a sudden drop in the hygiene index, whatever the cause, make sure the blame is on tech services.',2,14),(64,'There\'s been a sudden loss of hygiene in the complex, our cleaners are still working fine. Make the blame land squarely on R&D.',5,14),(65,'We deployed a few dirt indexer bots last weekcycle and they work great! Make sure any blame for the loss of sector hygiene falls on CPU and not us.',7,14),(66,'The Computer\'s convinced that one of the other High Programmers is a traitor. If you don\'t prove that one is a traitor it\'ll blow a fuse.',2,NULL),(67,'We need more data on the effects of a nuclear meltdown, so we can test our new nuclear-proof underwear.',7,NULL),(68,'We need to close transtube ##ZON##-M4 for six months. Clear it with the other High Programmers and make sure they understand this will disrupt all transport in the sector.',6,NULL),(69,'##CIT-B-1## is one of our most decorated Vulture Troopers. Don\'t let treason be the public reason for his erasure.',1,15),(70,'##CIT-B-1## is an embarrassment to the complex, show him as an example that anyone can be a commie.',8,15),(71,'We need more exposure, ratings are falling. Get a high-profile citizen to go on at least two troubleshooter missions.',9,15),(72,'If ##CIT-B-1## is publicly denounced as treasonous it will be horrible for morale. Don\'t let that happen.',3,15),(73,'We\'re lagging behind on our High Profile Mutation Tracking. Find ##CIT-B-1##\'s mutation and have it registered before his erasure.',2,15),(74,'214-##SUB## is a commie weapon of mass destruction! Secure it and give it to us so we can study it!',7,16),(75,'Oh Computer, 214-##SUB## again? Make sure it\'s properly secured by us this time.',8,16),(76,'Everyone seems to be after 214-##SUB##. Make sure it\'s secured by us so we can replicate it and sell it to the other groups for massive profits!',4,16),(77,'Why are the other groups after 214-##SUB## anyway? Get it for us so we can sell it to the highest bidder!',6,16),(78,'Those Jackbooted idiots can\'t even keep one item under containment? Get 214-##SUB## for us, and we\'ll secure it properly this time.',1,16),(79,'MuchoMeat is one of our most profitable producers, don\'t let any serious damage come to it.',4,17),(80,'MuchoMeat is out-performing profit expectations. Bring it back within expectations.',2,17),(81,'MuchoMeat is full of expensive machinery, if things were to get broken there it would be extremely profitable for our techs. Make it profitable for our techs.',5,17),(82,'MuchoMeat uses far too much power. Halve their power consumption by the end of the daycycle.',6,17),(83,'##SUB## only has enough power for two firings, but the second will destroy the device. Stop people from using it more than once!',7,18),(84,'We\'re low on water. Use ##SUB## to pull water in from Jupiter\'s moon.',4,18),(85,'The enemy complex on the moon has always held a sword over our heads...until today! Use ##SUB## to destroy that complex!',1,18),(86,'There\'s an entrenched PURGE cell hiding deep underground, use ##SUB## to penetrate the fortress and eliminate the cell.',8,18),(87,'Something\'s going on with the computer\'s circuits...make sure FC doesn\'t terminate any of the HPs this daycycle so we can track down the problem.',5,19),(88,'The terrorist attack appears to be orchestrated by an Ultraviolet. Uncover this UV and have them terminated.',8,20),(89,'We have the Hatred Day Parade running tonight, make sure it\'s not interrupted.',3,21),(90,'The Parade usually brings out the commie rats. The arrest quota for today is 400% of normal, make sure we reach it.',8,21),(91,'PS aren\'t giving us the power we need for the parade lighting. Get it for us.',5,21),(92,'Our reactors are maxing out, reduce usage before one goes critical.',6,21),(93,'Vicky-B has an appearance later today, make sure she attends it before her disappearance.',1,22),(94,'The Big C has deterimined Vicky-B to be a traitor. Get her to us before her public appearance later this daycycle before she causes damage.',8,22),(95,'We still have tons of Vicky-B merchandise, make sure she is still a hero when this is all over.',4,22),(96,'Strike-Me-Not has suddenly become profitable, make sure it doesn\'t get shut down and stays under our control.',7,23),(97,'Strike-Me-Not is surpassing expectations. Make sure it gets shut down or gets transferred to us.',6,23),(98,'Strike-Me-Not is suddenly exceeding expectations, a sure sign of treason. Shut it down and have the staff interrogated.',8,23),(99,'When the exercise is over, make sure IntSec look incompetent while we look fantastic.',1,24),(100,'There\'ll be an invasion exercise today. Embarass the AF while making us look good.',8,24),(101,'We need to show the complex working together, get footage of at least 4 service groups working together to defend the complex.',3,24),(102,'We should take back ##CIT-V## by force! We must pre-emptively attack! Of course, clear it with the rest of the UVs first.',1,25),(103,'We should oversee the ##CIT-V## deal. Set up the deal, and make sure we get them back unharmed.',8,25),(104,'We need some good graces with FC, make sure a Troubleshooter Team oversees the transfer of ##CIT-V##.',9,25),(105,'We need to show R&D is still relevant in the fight against Communism, be sure our projects take a leading role in the upcoming exercise.',7,24),(106,'A staged commie attack means lots of repair work. Make sure all repair work is blamed on other SG\'s imcompetence, not on the exercise, or we\'ll have to pay the bill.',5,24),(107,'We should use this opportunity to move all our records to electronic sources. Convince FC to go full electronic!',2,26),(108,'CPU is going to try and make records go all electronic, stop it from happening, the power cost would be impossible.',6,26),(109,'Find a different medium than paper or electronic to put records on, and convince FC to use it to store all records. We\'ll make millions!',4,26),(110,'PLC is going to go silly over some new record storage material again, make sure it doesn\'t get implemented. Paper and Electronic are all we need.',3,26),(111,'We\'ve been trying to push for quantum storage for some time now, here\'s our chance. Convince FC to move all records to the new format.',7,26),(112,'R&D is going to push for quantum storage again, ever tried to convict someone on evidence they might be guilty? Yeah. Stop it from happening.',8,26);
/*!40000 ALTER TABLE `sgm` ENABLE KEYS */;
UNLOCK TABLES;

--
-- Table structure for table `skills`
--

DROP TABLE IF EXISTS `skills`;
/*!40101 SET @saved_cs_client     = @@character_set_client */;
/*!40101 SET character_set_client = utf8 */;
CREATE TABLE `skills` (
  `skills_id` int(11) NOT NULL AUTO_INCREMENT,
  `skills_name` varchar(45) NOT NULL,
  `skills_parent` varchar(2) NOT NULL,
  PRIMARY KEY (`skills_id`),
  UNIQUE KEY `skills_name_UNIQUE` (`skills_name`)
) ENGINE=InnoDB AUTO_INCREMENT=69 DEFAULT CHARSET=utf8;
/*!40101 SET character_set_client = @saved_cs_client */;

--
-- Dumping data for table `skills`
--

LOCK TABLES `skills` WRITE;
/*!40000 ALTER TABLE `skills` DISABLE KEYS */;
INSERT INTO `skills` VALUES (1,'Assessment','M'),(2,'Co-Ordination','M'),(3,'Hygiene','M'),(4,'Interrogation','M'),(5,'Paperwork','M'),(6,'Thought Control','M'),(7,'Thought Survey','M'),(8,'Covert Operations','Su'),(9,'Infiltration','Su'),(10,'Investigation','Su'),(11,'Security Systems','Su'),(12,'Surveillance','Su'),(13,'Cleanup','Su'),(14,'Sabotage','Su'),(15,'Black Marketeering','Su'),(16,'Assault','V'),(17,'Command','V'),(18,'Crowd Control','V'),(19,'Demolition','V'),(20,'Outdoor Ops','V'),(21,'Defence','V'),(22,'Wetwork','V'),(23,'Total War','V'),(24,'Bot Engineering','H'),(25,'Construction','H'),(26,'Chemical Eng','H'),(27,'Habitat Eng','H'),(28,'Nuclear Eng','H'),(29,'Production','H'),(30,'Weird Science','H'),(31,'Transport','H'),(32,'Bot Programming','So'),(33,'Communications','So'),(34,'Computer Security','So'),(35,'Data Retrieval','So'),(36,'Financial Systems','So'),(37,'Hacking','So'),(38,'Logistics','So'),(39,'Media Manipulation','So'),(40,'Biosciences','W'),(41,'Catering','W'),(42,'Cloning','W'),(43,'Medical','W'),(44,'Mutant Studies','W'),(45,'Outdoor Studies','W'),(46,'Pharmatherapy','W'),(47,'Sub. Messaging','W'),(48,'Troubleshooting','O'),(49,'Intimidation','M'),(50,'Must Not Fail','O'),(51,'Super Armoured','O'),(52,'Middle Managers','O'),(53,'Doubles Standing','O'),(54,'Rapid Response','O'),(55,'Vault Delvers','O'),(56,'Minion \'Enhancement\'','O'),(57,'Point of Contact','O'),(58,'Bigger Guns','O'),(59,'Propaganda','O'),(60,'Cyborging','O'),(61,'Disruption','O'),(62,'Procurement','O'),(63,'Mystic Weirdness','O'),(64,'Gadgeteering','O'),(65,'Old Stuff','O'),(66,'Running','O'),(67,'Salvage','O'),(68,'One Use, Multiples','O');
/*!40000 ALTER TABLE `skills` ENABLE KEYS */;
UNLOCK TABLES;

--
-- Table structure for table `ss`
--

DROP TABLE IF EXISTS `ss`;
/*!40101 SET @saved_cs_client     = @@character_set_client */;
/*!40101 SET character_set_client = utf8 */;
CREATE TABLE `ss` (
  `ss_id` int(11) NOT NULL AUTO_INCREMENT,
  `ss_name` varchar(45) NOT NULL,
  PRIMARY KEY (`ss_id`)
) ENGINE=InnoDB AUTO_INCREMENT=22 DEFAULT CHARSET=utf8;
/*!40101 SET character_set_client = @saved_cs_client */;

--
-- Dumping data for table `ss`
--

LOCK TABLES `ss` WRITE;
/*!40000 ALTER TABLE `ss` DISABLE KEYS */;
INSERT INTO `ss` VALUES (1,'Anti-Mutant'),(2,'C.L.A.'),(3,'Clone Arrangers'),(4,'Communists'),(5,'Computer Phreaks'),(6,'Corpore Metal'),(7,'Death Leopard'),(8,'FCCC-P'),(9,'Free Enterprise'),(10,'Frankenstein Destroyers'),(11,'Humanists'),(12,'Mystics'),(13,'Pro Tech'),(14,'Psion'),(15,'PURGE'),(16,'Romantics'),(17,'Runners'),(18,'The Movement'),(19,'Sierra Club'),(20,'Servants of Cthulhu'),(21,'Wobblies');
/*!40000 ALTER TABLE `ss` ENABLE KEYS */;
UNLOCK TABLES;

--
-- Table structure for table `ss_skill`
--

DROP TABLE IF EXISTS `ss_skill`;
/*!40101 SET @saved_cs_client     = @@character_set_client */;
/*!40101 SET character_set_client = utf8 */;
CREATE TABLE `ss_skill` (
  `ss_id` int(11) NOT NULL,
  `skill_id` int(11) NOT NULL,
  `ss_skill_bonus` int(11) NOT NULL DEFAULT '0',
  PRIMARY KEY (`ss_id`,`skill_id`),
  KEY `fk_ss_skill_1_idx` (`skill_id`),
  CONSTRAINT `fk_ss_skill_1` FOREIGN KEY (`skill_id`) REFERENCES `skills` (`skills_id`) ON DELETE CASCADE ON UPDATE CASCADE,
  CONSTRAINT `fk_ss_skill_2` FOREIGN KEY (`ss_id`) REFERENCES `ss` (`ss_id`) ON DELETE CASCADE ON UPDATE CASCADE
) ENGINE=InnoDB DEFAULT CHARSET=latin1;
/*!40101 SET character_set_client = @saved_cs_client */;

--
-- Dumping data for table `ss_skill`
--

LOCK TABLES `ss_skill` WRITE;
/*!40000 ALTER TABLE `ss_skill` DISABLE KEYS */;
INSERT INTO `ss_skill` VALUES (1,10,0),(1,22,1),(1,40,0),(2,16,1),(2,21,0),(2,58,0),(3,40,0),(3,42,1),(3,44,0),(4,16,0),(4,27,0),(4,59,1),(5,35,0),(5,37,1),(5,39,0),(6,24,1),(6,32,0),(6,60,0),(7,16,1),(7,19,0),(7,61,0),(8,4,0),(8,6,1),(8,8,0),(9,36,1),(9,49,0),(9,62,0),(10,16,0),(10,24,0),(10,29,1),(11,1,0),(11,2,0),(11,5,1),(12,40,0),(12,46,1),(12,63,0),(13,30,1),(13,35,0),(13,64,0),(14,2,0),(14,9,0),(14,44,1),(15,16,0),(15,19,1),(15,37,0),(16,6,0),(16,62,0),(16,65,1),(17,11,1),(17,20,0),(17,66,0),(18,17,1),(18,23,0),(18,27,0),(19,40,0),(19,45,1),(19,67,0),(20,40,0),(20,44,0),(20,49,1),(21,25,0),(21,29,1),(21,59,0);
/*!40000 ALTER TABLE `ss_skill` ENABLE KEYS */;
UNLOCK TABLES;

--
-- Temporary table structure for view `ss_skills`
--

DROP TABLE IF EXISTS `ss_skills`;
/*!50001 DROP VIEW IF EXISTS `ss_skills`*/;
SET @saved_cs_client     = @@character_set_client;
SET character_set_client = utf8;
/*!50001 CREATE TABLE `ss_skills` (
  `ss_id` tinyint NOT NULL,
  `ss_name` tinyint NOT NULL,
  `sskills` tinyint NOT NULL
) ENGINE=MyISAM */;
SET character_set_client = @saved_cs_client;

--
-- Table structure for table `ssm`
--

DROP TABLE IF EXISTS `ssm`;
/*!40101 SET @saved_cs_client     = @@character_set_client */;
/*!40101 SET character_set_client = utf8 */;
CREATE TABLE `ssm` (
  `ssm_id` int(11) NOT NULL AUTO_INCREMENT,
  `ss_id` int(11) NOT NULL,
  `c_id` int(11) DEFAULT NULL,
  `ssm_text` varchar(200) NOT NULL,
  PRIMARY KEY (`ssm_id`),
  KEY `fk_ssm_1_idx` (`c_id`),
  KEY `fk_ssm_2_idx` (`ss_id`),
  CONSTRAINT `fk_ssm_1` FOREIGN KEY (`c_id`) REFERENCES `crisis` (`c_id`) ON DELETE CASCADE ON UPDATE CASCADE,
  CONSTRAINT `fk_ssm_2` FOREIGN KEY (`ss_id`) REFERENCES `ss` (`ss_id`) ON DELETE CASCADE ON UPDATE CASCADE
) ENGINE=InnoDB AUTO_INCREMENT=138 DEFAULT CHARSET=utf8;
/*!40101 SET character_set_client = @saved_cs_client */;

--
-- Dumping data for table `ssm`
--

LOCK TABLES `ssm` WRITE;
/*!40000 ALTER TABLE `ssm` DISABLE KEYS */;
INSERT INTO `ssm` VALUES (1,1,NULL,'The muties have are getting too much peace, come down hard on mutants!'),(2,4,NULL,'Comrade! Pleasink to be spreadink Propaganda to Burgoise Complex!'),(3,5,NULL,'We\'re running out of washed caffiene. Can you deliver a truckload to ##LOC-1## for us?'),(4,6,NULL,'We have a surplus of cyborg parts, maim a good portion of the population so we can sell \'em off.'),(5,7,NULL,'Duuuude, we had a massive party last night and don\'t want to deal with the boys in blue... can you move IntSec out of the low clearance areas?'),(6,8,NULL,'We need more faith based initiatives...replace the morning anthem with a Hymn to our lord and savior, Friend Computer!'),(7,10,NULL,'There\'s too many bots around. Especially petbots, you can\'t sleep with those things around. Remove all petbots from the sector.'),(8,11,NULL,'Petbots are excellent for showing man\'s mastery over bots. Increase the number of petbots in the sector.'),(9,12,NULL,'Duuuuude, we had a massive rave last night, and we\'re out of uppers. Can you get us a transbotload of washed caffeine?'),(10,13,NULL,'We\'ve got a device we want to turn on but we don\'t know what it does. Can you get us unfettered access to a nuclear reactor to try?'),(11,15,NULL,'High value targets are currently under too much scrutiny, redirect IntSec to the lower-clearance areas.'),(12,16,NULL,'There\'s not enough pre-reckoning knowledge: get us onto the set of Celebrity Weekcycle and we\'ll do the rest.'),(13,19,NULL,'We need to tempt more clones with the wonders of the outdoors... can you get some trees into ##LOC-1##?'),(14,20,NULL,'La! The leylines intersect there, at ##LOC-1##! Build us a new temple there!'),(15,4,3,'Comrade! Ve are hearink rumours of superveapon gone missing! Recover and deliver veapon to us to aid great Lenin\'s cause.'),(16,8,3,'A heretical splinter group stole an experimental doomsday device and are hoarding it. Recover it for us so we can sanctify it before returning it.'),(17,9,NULL,'Yeah see, we got dis huge pile of defunct laser barrels. By huge, I\'s mean four million. Find us a buyer, and make sure IntSec\'s away.'),(18,2,NULL,'We\'re running low on armaments against the Commie threat! We need twenty tacnukes to beef up the arsenal by the end of the daycycle.'),(19,3,NULL,'We need more people to use our services. Kill off a high-profile citizen publicly to scare the masses.'),(20,17,NULL,'We\'ve got a secret escape route in ##LOC-1##, but there was a cave in. Repair it please.'),(21,21,NULL,'Comrade! We\'re going to hold a demonstration in the ##LOC-1##. Please make sure they don\'t run over us with tanks!'),(22,5,4,'The Big C\'s kinda...twitchy about the erasure for today, more so than usual. Get us your password so we can find out why.'),(23,3,4,'##CIT-V-TR## is a natural-born, no-one knows! Get us his spleen so we can use his genes.'),(24,20,4,'La! ##CIT-V-TR## is the sacrifice we need! Get them to us sedated! We\'ll be waiting in the ##LOC-SOC##.'),(25,17,4,'##CIT-V-TR## is a client of ours. Get him to us so we can get \'em out, we\'ll be at the ##LOC-RUN##.'),(26,12,4,'Whoa man, ##CIT-V-TR## paid well for a batch of RadicalMankey, but we can\'t find it, he must have eaten it. Get his stomach to use so we can pump the drugs back out.'),(27,7,1,'Whoa, the man\'s not keeping us down! Get us a pallet of B3 and a crate of WhiskeyLike to ##LOC-P## so we can throw a massive party!'),(28,12,1,'Whoa man! Like, we got space to breathe! Get us a load of Videoland to ##LOC-P## so we can rave, man!'),(29,3,1,'We haven\'t had any work all daycycle, it\'s costing us credits! Make a whole heap of clones die so we can get back to work.'),(30,2,1,'The commies have infiltrated IntSec! Get us five tacnukes so we can flush out the commie menace! We\'ll be waiting at the ##LOC-F##.'),(31,4,1,'Comrade! Ze IntSec veaklings are awaiting a blastink! Deliver us two hundred laser barrels so we can take ze fight to zem! We\'ll be waitink at ze ##LOC-F##'),(32,1,5,'Why are people tinkering with the human genome? Terminate ##CIT-G-SG##, he must be a filthy mutant.'),(33,3,5,'Why haven\'t we heard of ##SUB## before? Get us a copy of the data.'),(34,13,5,'##SUB## is actually working? Get us a copy of the data to look at'),(35,14,5,'The next step in human evolution is here! Get ##SUB## standardised.'),(36,9,5,'See here, dis ##SUB## project? Destroy the data, so\'s we don\'t lose our customer base later.'),(37,19,5,'##CIT-G-SG## is one of ours. Make sure his project succeeds!'),(40,2,7,'The Commies are finally attacking! Equip all clones with weapons to fight the impending Commie Horde!'),(41,4,7,'Comrade! Is not beink our superveapon! You be pinning blame on Beta Complex, yes?'),(42,5,7,'Yo dude, our electronics are going haywire! Whatever it is, make it stop.'),(43,13,7,'This is perfect time for some of our reanimation tests! Get us a safe way to the outdoors so we can try our latest experiment!'),(44,8,7,'The endtime prophecy has begun! Now we must part the RED sea! Destroy the Commie scum in Beta Complex!'),(45,20,7,'La! The old ones come to greet us! We must sacrifice a High Programmer to the elder gods to open the gate! Get us a suitable sacrifice!'),(46,19,7,'Outside is beautiful right now! Broadcast footage of it to the entire complex!'),(47,6,8,'The new petbot was influenced by us, get the next production run pushed through this daycycle.'),(48,4,8,'Comrade! Dis new petbot is symbol of capitalist excess! Remove from population!'),(49,5,8,'Our contract on the petbot is done, order the current stock to do a factory reset so they pay us again.'),(50,10,8,'These new bots are abominations! Reveal them for what they are and recall the whole product line!'),(51,13,8,'These new petbots so cute! Make them mandatory for all REDs and above!'),(52,7,9,'Cold Fun Syrup? Dude, get us a boxful! We can do some amazing pranks with it!'),(53,4,9,'Comrade! Ve must to be gettink hands on syrup of Cold Fun!'),(54,15,9,'Get us a good amount of that Cold Fun Syrup, we\'ll finally be able to make a bomb big enough to take down the Computer.'),(55,9,9,'Look see, gets us a box of Cold Fun Syrup and we\'ll cut youse in on de profits.'),(56,21,10,'Comrade! UltraSuperMegaBowl is capitalist excess! Cause an evacuation of the stadium!'),(57,15,10,'We have a bomb hidden under the UltraSuperMegaBowl, but security is too tight for us to activate it. Get us an alternate way in.'),(58,9,10,'Look see, we know there\'s something juicy under the UltraSuperMegaBowl. Get it for us and we\'ll cut you in on de profits.'),(59,14,NULL,'We\'re needing to find more of our kind, add more mutagenics to the water supply.'),(60,18,NULL,'We\'re needing building materials, specifically 5000 tons concrete. Deliver it to ##LOC-1## for us to pick up.'),(61,4,11,'Comrade! New reactor helping bourgoise cause! Must be destroyink!'),(62,21,11,'Comrade! New reactor helping bourgoise cause! Must be destroyink!'),(63,15,11,'The new reactor is a prime target. Destroy before the end of the daycycle.'),(64,1,11,'A new reactor means more mutants. Implement a new anti-mutant policy before the end of the daycycle!'),(65,14,11,'Get a crowd of people near the new reactor to celebrate its opening.'),(66,2,12,'We heard of the Commie threat! Send us some bigger guns so we can prepare for the final defence!'),(67,3,12,'We\'re gonna need some more cloning tanks. Appropriate some of tech services\' tanks for us.'),(68,18,12,'This is our chance. Get us a way to the front lines, and we\'ll end this war once and for all.'),(69,20,13,'La! The ritual is almost complete! Delay the computer\'s lackeys long enough so we may summon the old ones!'),(70,12,13,'We kinda lost a year\'s supply of hallucinogenics in the water supply. Can you get it back for us? '),(71,8,13,'We\'ve heard rumblings of heretical cultists building a temple in the sublevels. Destroy it and escort us there to cleanse it!'),(72,18,13,'Some idiots stole our building supplies and built a temple in the sublevels. Can you clear them out, but leave the place intact for us to strip?'),(73,10,14,'These new dirt indexer bots are terrible murderers! Destroy all of them!'),(74,6,14,'The dirt indexer bots are the next wave of bot freedom fighters. Get more out in the sector!'),(75,11,14,'One of the dirt indexer bots murdered a clone! Get footage of this and broadcast it to the complex!'),(76,15,15,'##CIT-B-1## wasn\'t a commie, they were one of ours. Get one of their clones to disappear into our hands before their erasure.'),(77,11,15,'##CIT-B-1## is due to be erased? They were one of our best clones! Get one of their clones to disappear before his erasure.'),(78,3,15,'We could do wonderful things with ##CIT-B-1##, get them delivered comatose to us at ##LOC-1##'),(79,2,15,'##CIT-B-1## can\'t be a traitor, they\'ve killed far too many commies. We\'ve a shipment of weaponry for him, pick it up at ##LOC-1## and deliver it to them.'),(80,5,15,'We need ##CIT-B-1##\'s tongue for identity purposes. Deliver it to us at ##CIT-B-1##.'),(81,8,15,'##CIT-B-1## is a commie? Their soul just needs cleansing, deliver them to us so we may do so. We\'ll be waiting at ##LOC-1##'),(82,4,15,'##CIT-B-1## is comrade? Vhy ve not know? Beink savink them and deliverink to us, yes? Ve vait at ##LOC-1##'),(83,21,15,'##CIT-B-1## is comrade? Must be very skilled. You be savink them and deliver to ##LOC-1## for us, yes?'),(84,4,16,'Comrade! My book finally returns! Re-secure ##SUB## for my coll...for future generations of Communists!'),(85,2,16,'This ##SUB## thing is a commie weapon! Broadcast its destruction to the complex.'),(86,11,16,'There\'s a wonderful item, ##SUB##, which will assist in the coming revolution. Capture it for us.'),(87,1,16,'There is a mutie killing device, ##SUB##, get it for us.'),(88,14,16,'We\'ve recently found ##SUB## is a major mutagenic, secure it for us.'),(89,7,16,'Whoa man, everyone seems to be after ##SUB##. Grab it for us and we\'ll pull the greatest stunt anyone has ever seen!'),(90,9,16,'Look see, there\'s dis really expensive ##SUB## running around, get it for us and we\'ll sell it to the highest bidder, capiche?'),(91,3,17,'Have the staff of MuchoMeat terminated, so their clones will buy our insurance this time.'),(92,4,17,'Comrade! MuchoMeat is symbol of capitalist excess! You are to be putting poison in MuchoMeat foodstuffs, yes?'),(93,11,17,'We require a crate of MuchoMeat\'s products to help the revolution. Deliver it to us at ##LOC-1##'),(94,6,17,'MuchoMeat doesn\'t use enough bots. Execute the lower-level staff and have them replaced with bots instead.'),(95,10,17,'MuchoMeat uses too many bots. Destroy all the bots and replace them with humans.'),(96,19,17,'MuchoMeat grows things from the outdoors, I think they\'re called Pugs, in vats. Get one of them for us, we\'ll be at ##LOC-1##.'),(97,13,18,'Get us the plans to ##SUB## so we can make our own device!'),(98,17,18,'Get us the plans to ##SUB## so we can make our own!'),(99,19,18,'Get us the plans to ##SUB## so we can make our own exits.'),(100,20,18,'La! Get us the plans to ##SUB## so we can open a true gate!'),(101,9,18,'Lookee here, get us deez here plans to ##SUB##, and we sells dem to the highest bidder, capiche?'),(102,8,19,'We\'ve noticed a drop in our lord\'s response times. Get us into one of the CompNodes to sanctify its circuites.'),(103,13,19,'We\'ve had advance warning of more compnodes, get one of our teams into a partially constructed CompNode.'),(104,15,20,'We\'re taking out ##LOC-1##, clear the IntSec goons out of there.'),(105,11,20,'We\'re bombing ##LOC-2##, remove the resistance for us.'),(106,4,20,'Comrade! Ve are bomink ##LOC-3##. Pleasink to be removink resistance.'),(107,8,20,'The heathens are coming for our temple near ##LOC-1##! Stop them and don\'t let our temple get discovered!'),(108,6,20,'We\'ve got a bot shop near ##LOC-2## that someone\'s trying to bomb. Stop them and keep our shop hidden.'),(109,2,20,'The commies are coming for our bunker at ##LOC-3##, stop them and keep our bunker hidden!'),(110,11,21,'Why do Commies get all the attention? Get us access to the Computer float so we can attract more recruits.'),(111,4,21,'Ve are hidink todaycycle, keep ze attention off us and get us some food to ##LOC-1##.'),(112,15,21,'We want to crash the party, get us access to the Vulture Craft Float for the parade.'),(113,7,21,'Dude, the parade is always a great time for pranks. Get us access to the speaker\'s stand!'),(114,2,21,'We\'re worried about the Commie threat. Get us access to the Vulture Craft Float for the parade so we can fight the commies when they strike!'),(115,8,21,'We wish to join our lord in his crusade against the Commies! Get us access to the Computer float!'),(116,15,22,'Vicky-B needs to disappear, deliver her to ##LOC-1## before the end of the daycycle.'),(117,11,22,'Vicky-B apparently needs to be gone? Get her to ##LOC-2## so we can get her to safety.'),(118,17,22,'We owe Vicky-B a favour, deliver her to ##LOC-3## and we\'ll get her out of there.'),(119,3,22,'We could profit from Vicky-B, get us access to her before she disappears so we can sell her a policy.'),(120,13,23,'Get us in to Strike-Me-Not, we want to check out the hardware!'),(121,18,23,'We need Strike-Me-Not\'s project for the new complex, deliver it to us.'),(122,2,23,'The Commies are attacking! Deliver us one thousand laser barrels to prepare for the attack!'),(123,14,23,'We have need of Strike-Me-Not, get our team in there, remove the security.'),(124,2,24,'When the exercise begins, make sure we\'re in the defending force.'),(125,4,24,'Comrade! Vhen ze exercise begins, making to be sure vhe are defending, yes?'),(126,1,24,'When the exercise begins, make sure we\'re a member of the defending force.'),(127,13,24,'When the exercise begins, make sure we\'re in the defending force.'),(128,8,25,'##CIT-V## must not come back alive. Terminate them before they re-enter the complex.'),(129,9,25,'##CIT-V## must not come back alive. Terminate them before they re-enter the complex.'),(130,16,25,'##CIT-V## must not come back alive. Terminate them before they re-enter the complex.'),(131,19,25,'##CIT-V## must not come back alive. Terminate them before they re-enter the complex.'),(132,12,25,'##CIT-V## must not come back alive. Terminate them before they re-enter the complex.'),(133,5,26,'Remove security from the Archives and get us in there, we have work to do.'),(134,9,26,'Remove security from the Archives and get us in there, we have work to do.'),(135,11,26,'Remove security from the Archives and get us in there, we have work to do.'),(136,13,26,'Remove security from the Archives and get us in there, we have work to do.'),(137,20,26,'Remove security from the Archives and get us in there, we have work to do.');
/*!40000 ALTER TABLE `ssm` ENABLE KEYS */;
UNLOCK TABLES;

--
-- Final view structure for view `minion_skills`
--

/*!50001 DROP TABLE IF EXISTS `minion_skills`*/;
/*!50001 DROP VIEW IF EXISTS `minion_skills`*/;
/*!50001 SET @saved_cs_client          = @@character_set_client */;
/*!50001 SET @saved_cs_results         = @@character_set_results */;
/*!50001 SET @saved_col_connection     = @@collation_connection */;
/*!50001 SET character_set_client      = utf8 */;
/*!50001 SET character_set_results     = utf8 */;
/*!50001 SET collation_connection      = utf8_general_ci */;
/*!50001 CREATE ALGORITHM=UNDEFINED */
/*!50013 DEFINER=`fc`@`localhost` SQL SECURITY DEFINER */
/*!50001 VIEW `minion_skills` AS select `minion`.`minion_id` AS `minion_id`,`minion`.`minion_name` AS `minion_name`,`minion`.`minion_clearance` AS `minion_clearance`,`minion`.`minion_cost` AS `minion_cost`,group_concat(concat(`skills`.`skills_name`,if((`skills`.`skills_parent` = 'O'),'',concat('(',`skills`.`skills_parent`,')')),if((`minion_skill`.`minion_skill_bonus` > 0),concat(' +',(`minion_skill`.`minion_skill_bonus` * 4)),'')) separator ', ') AS `mskills` from ((`minion` join `minion_skill`) join `skills`) where ((`minion_skill`.`minion_id` = `minion`.`minion_id`) and (`minion_skill`.`skills_id` = `skills`.`skills_id`)) group by `minion`.`minion_id` */;
/*!50001 SET character_set_client      = @saved_cs_client */;
/*!50001 SET character_set_results     = @saved_cs_results */;
/*!50001 SET collation_connection      = @saved_col_connection */;

--
-- Final view structure for view `sg_skills`
--

/*!50001 DROP TABLE IF EXISTS `sg_skills`*/;
/*!50001 DROP VIEW IF EXISTS `sg_skills`*/;
/*!50001 SET @saved_cs_client          = @@character_set_client */;
/*!50001 SET @saved_cs_results         = @@character_set_results */;
/*!50001 SET @saved_col_connection     = @@collation_connection */;
/*!50001 SET character_set_client      = utf8 */;
/*!50001 SET character_set_results     = utf8 */;
/*!50001 SET collation_connection      = utf8_general_ci */;
/*!50001 CREATE ALGORITHM=UNDEFINED */
/*!50013 DEFINER=`fc`@`localhost` SQL SECURITY DEFINER */
/*!50001 VIEW `sg_skills` AS select `sg`.`sg_name` AS `sg_name`,group_concat(`skills`.`skills_name` separator ', ') AS `sgskills` from ((`sg` join `sg_skill`) join `skills`) where ((`sg_skill`.`sg_id` = `sg`.`sg_id`) and (`sg_skill`.`skills_id` = `skills`.`skills_id`)) group by `sg`.`sg_id` */;
/*!50001 SET character_set_client      = @saved_cs_client */;
/*!50001 SET character_set_results     = @saved_cs_results */;
/*!50001 SET collation_connection      = @saved_col_connection */;

--
-- Final view structure for view `ss_skills`
--

/*!50001 DROP TABLE IF EXISTS `ss_skills`*/;
/*!50001 DROP VIEW IF EXISTS `ss_skills`*/;
/*!50001 SET @saved_cs_client          = @@character_set_client */;
/*!50001 SET @saved_cs_results         = @@character_set_results */;
/*!50001 SET @saved_col_connection     = @@collation_connection */;
/*!50001 SET character_set_client      = utf8 */;
/*!50001 SET character_set_results     = utf8 */;
/*!50001 SET collation_connection      = utf8_general_ci */;
/*!50001 CREATE ALGORITHM=UNDEFINED */
/*!50013 DEFINER=`fc`@`localhost` SQL SECURITY DEFINER */
/*!50001 VIEW `ss_skills` AS select `ss`.`ss_id` AS `ss_id`,`ss`.`ss_name` AS `ss_name`,group_concat(concat(`skills`.`skills_name`,if((`ss_skill`.`ss_skill_bonus` > 0),concat(' +',(`ss_skill`.`ss_skill_bonus` * 4)),'')) separator ', ') AS `sskills` from ((`ss` join `ss_skill`) join `skills`) where ((`ss_skill`.`ss_id` = `ss`.`ss_id`) and (`ss_skill`.`skill_id` = `skills`.`skills_id`)) group by `ss`.`ss_id` */;
/*!50001 SET character_set_client      = @saved_cs_client */;
/*!50001 SET character_set_results     = @saved_cs_results */;
/*!50001 SET collation_connection      = @saved_col_connection */;
/*!40103 SET TIME_ZONE=@OLD_TIME_ZONE */;

/*!40101 SET SQL_MODE=@OLD_SQL_MODE */;
/*!40014 SET FOREIGN_KEY_CHECKS=@OLD_FOREIGN_KEY_CHECKS */;
/*!40014 SET UNIQUE_CHECKS=@OLD_UNIQUE_CHECKS */;
/*!40101 SET CHARACTER_SET_CLIENT=@OLD_CHARACTER_SET_CLIENT */;
/*!40101 SET CHARACTER_SET_RESULTS=@OLD_CHARACTER_SET_RESULTS */;
/*!40101 SET COLLATION_CONNECTION=@OLD_COLLATION_CONNECTION */;
/*!40111 SET SQL_NOTES=@OLD_SQL_NOTES */;

-- Dump completed on 2016-04-02 16:40:34
